"stock_id","market_date","open_price","day_high","day_low","close_price","close_price_adj","volume","is_finalised","iden"
"00001.HK","2024-01-02",42.000000,42.049999,41.000000,41.250000,41.250000,2782895,True,74317
"00001.HK","2024-01-03",40.799999,41.549999,40.799999,41.349998,41.349998,3498817,True,74343
"00001.HK","2024-01-04",41.099998,41.450001,40.849998,41.000000,41.000000,2800255,True,74378
"00001.HK","2024-01-05",40.750000,41.150002,40.599998,40.799999,40.799999,2731319,True,74410
"00001.HK","2024-01-08",40.900002,41.400002,40.500000,40.650002,40.650002,3271763,True,74436
"00001.HK","2024-01-09",40.900002,41.349998,40.849998,41.049999,41.049999,3236814,True,74472
"00001.HK","2024-01-10",40.799999,41.200001,40.700001,40.799999,40.799999,2636087,True,74502
"00001.HK","2024-01-11",41.150002,41.450001,40.799999,40.950001,40.950001,3323674,True,74534
"00001.HK","2024-01-12",40.900002,41.099998,40.549999,40.650002,40.650002,2901998,True,74564
"00001.HK","2024-01-15",40.950001,41.099998,40.599998,41.049999,41.049999,2280159,True,74589
"00001.HK","2024-01-16",40.799999,41.150002,40.200001,40.200001,40.200001,3516234,True,74611
"00001.HK","2024-01-17",40.000000,40.200001,38.500000,38.599998,38.599998,9864844,True,74642
"00001.HK","2024-01-18",38.650002,39.450001,38.450001,39.099998,39.099998,5674020,True,74669
"00001.HK","2024-01-19",39.299999,39.700001,38.500000,38.849998,38.849998,4252461,True,74698
"00001.HK","2024-01-22",39.000000,39.200001,37.750000,38.150002,38.150002,5045299,True,74735
"00001.HK","2024-01-23",38.349998,39.049999,38.200001,38.700001,38.700001,5355499,True,74767
"00001.HK","2024-01-24",38.599998,39.750000,38.299999,39.599998,39.599998,6711430,True,74797
"00001.HK","2024-01-25",39.900002,40.400002,39.299999,40.200001,40.200001,6130296,True,74829
"00001.HK","2024-01-26",40.400002,40.750000,40.000000,40.200001,40.200001,3719340,True,74859
"00001.HK","2024-01-29",40.450001,41.450001,40.450001,41.349998,41.349998,6489141,True,74891
"00001.HK","2024-01-30",41.250000,41.250000,40.500000,40.599998,40.599998,5352638,True,74921
"00001.HK","2024-01-31",40.500000,40.599998,39.750000,40.400002,40.400002,5551652,True,74953
"00001.HK","2024-02-01",40.400002,40.799999,39.900002,40.450001,40.450001,2980145,True,74983
"00001.HK","2024-02-02",40.900002,41.400002,40.299999,40.650002,40.650002,3553665,True,75015
"00001.HK","2024-02-05",40.450001,41.000000,40.099998,40.549999,40.549999,4096607,True,75045
"00001.HK","2024-02-06",40.849998,41.500000,40.650002,41.400002,41.400002,6370459,True,75077
"00001.HK","2024-02-07",41.849998,41.900002,41.349998,41.650002,41.650002,5102272,True,75107
"00001.HK","2024-02-08",41.849998,42.150002,40.849998,41.049999,41.049999,4613776,True,75139
"00001.HK","2024-02-09",40.599998,41.049999,40.200001,40.849998,40.849998,2537167,True,75169
"00001.HK","2024-02-14",40.849998,41.200001,39.950001,41.150002,41.150002,3967567,True,75225
"00001.HK","2024-02-15",40.849998,41.349998,40.700001,41.150002,41.150002,3009336,True,75262
"00001.HK","2024-02-16",41.500000,42.400002,41.200001,42.400002,42.400002,8399523,True,75292
"00001.HK","2024-02-19",42.450001,42.450001,41.549999,41.700001,41.700001,3475773,True,75319
"00001.HK","2024-02-20",41.799999,42.150002,41.400002,42.150002,42.150002,3211948,True,75339
"00001.HK","2024-02-21",41.700001,43.000000,41.599998,42.599998,42.599998,10071845,True,75365
"00001.HK","2024-02-22",42.650002,42.799999,42.099998,42.599998,42.599998,4253901,True,75401
"00001.HK","2024-02-23",42.599998,42.849998,42.150002,42.200001,42.200001,5481467,True,75433
"00001.HK","2024-02-26",42.049999,42.299999,41.700001,41.700001,41.700001,4058902,True,75459
"00001.HK","2024-02-27",41.500000,41.700001,40.549999,41.049999,41.049999,7618336,True,75495
"00001.HK","2024-02-28",41.000000,41.450001,40.500000,40.500000,40.500000,7230120,True,75525
"00001.HK","2024-02-29",40.250000,40.599998,39.750000,39.750000,39.750000,11005855,True,75557
"00001.HK","2024-03-01",39.799999,39.799999,39.250000,39.500000,39.500000,6457452,True,75587
"00001.HK","2024-03-04",39.700001,40.000000,39.349998,39.599998,39.599998,6173712,True,75619
"00001.HK","2024-03-05",39.099998,39.700001,39.049999,39.250000,39.250000,6607871,True,75649
"00001.HK","2024-03-06",39.150002,40.200001,39.150002,39.799999,39.799999,5103620,True,75691
"00001.HK","2024-03-07",40.200001,40.450001,39.799999,40.150002,40.150002,4694131,True,75692
"00001.HK","2024-03-08",40.150002,40.849998,40.099998,40.500000,40.500000,6001907,True,75743
"00001.HK","2024-03-11",40.599998,41.299999,40.599998,40.849998,40.849998,5526549,True,75773
"00001.HK","2024-03-12",40.700001,41.599998,40.700001,41.549999,41.549999,6077956,True,75805
"00001.HK","2024-03-13",41.250000,41.599998,41.099998,41.549999,41.549999,4384422,True,75835
"00001.HK","2024-03-14",41.650002,41.950001,41.200001,41.599998,41.599998,5324345,True,75861
"00001.HK","2024-03-15",41.200001,41.549999,40.750000,41.049999,41.049999,9105178,True,75897
"00001.HK","2024-03-18",41.400002,41.400002,40.599998,40.650002,40.650002,5091352,True,75929
"00001.HK","2024-03-19",40.650002,40.650002,40.049999,40.400002,40.400002,4129836,True,75959
"00001.HK","2024-03-20",40.349998,40.450001,39.849998,39.900002,39.900002,5054603,True,75985
"00001.HK","2024-03-21",40.250000,40.900002,40.200001,40.400002,40.400002,7229497,True,76021
"00001.HK","2024-03-22",40.200001,40.200001,38.900002,39.349998,39.349998,14364623,True,76053
"00001.HK","2024-03-25",39.250000,39.500000,38.650002,38.650002,38.650002,9016150,True,76079
"00001.HK","2024-03-26",39.150002,39.150002,38.099998,38.099998,38.099998,10197346,True,76109
"00001.HK","2024-03-27",38.099998,38.099998,37.400002,37.700001,37.700001,10133642,True,76141
"00001.HK","2024-03-28",37.700001,38.299999,37.599998,37.799999,37.799999,7827990,True,76177
"00001.HK","2024-04-02",38.250000,39.150002,38.250000,39.150002,39.150002,8976759,True,76218
"00001.HK","2024-04-03",38.849998,39.049999,38.549999,38.900002,38.900002,6619947,True,76254
"00001.HK","2024-04-05",38.549999,38.799999,37.700001,38.250000,38.250000,7577520,True,76299
"00001.HK","2024-04-08",38.000000,38.750000,37.900002,38.349998,38.349998,6429740,True,76331
"00001.HK","2024-04-09",38.599998,38.900002,38.250000,38.349998,38.349998,4857551,True,76361
"00001.HK","2024-04-10",38.450001,38.549999,38.200001,38.400002,38.400002,6973424,True,76393
"00001.HK","2024-04-11",37.849998,38.000000,37.650002,37.849998,37.849998,6793305,True,76423
"00001.HK","2024-04-12",37.599998,37.799999,37.049999,37.250000,37.250000,10005131,True,76455
"00001.HK","2024-04-15",36.900002,37.200001,36.549999,36.700001,36.700001,5727296,True,76485
"00001.HK","2024-04-16",36.299999,36.450001,35.700001,35.799999,35.799999,8563683,True,76517
"00001.HK","2024-04-17",35.549999,35.849998,35.349998,35.599998,35.599998,5975767,True,76547
"00001.HK","2024-04-18",35.450001,36.250000,35.450001,35.750000,35.750000,6452114,True,76579
"00001.HK","2024-04-19",35.849998,35.950001,35.450001,35.849998,35.849998,5806276,True,76609
"00001.HK","2024-04-22",35.950001,36.900002,35.900002,36.599998,36.599998,5151447,True,76641
"00001.HK","2024-04-23",36.650002,37.099998,36.599998,37.000000,37.000000,4499892,True,76671
"00001.HK","2024-04-24",37.099998,37.849998,36.849998,37.799999,37.799999,6223244,True,76703
"00001.HK","2024-04-25",37.400002,38.299999,37.400002,38.200001,38.200001,6181488,True,76733
"00001.HK","2024-04-26",38.200001,38.700001,38.099998,38.250000,38.250000,8216508,True,76765
"00001.HK","2024-04-29",38.349998,39.450001,38.349998,38.650002,38.650002,8273310,True,76795
"00001.HK","2024-04-30",38.650002,39.000000,38.250000,38.250000,38.250000,6920310,True,76827
"00001.HK","2024-05-02",37.950001,39.450001,37.950001,39.400002,39.400002,6559385,True,76872
"00001.HK","2024-05-03",39.400002,39.700001,39.049999,39.299999,39.299999,5469446,True,76904
"00001.HK","2024-05-06",39.299999,39.400002,38.799999,39.200001,39.200001,6108176,True,76934
"00001.HK","2024-05-07",39.000000,39.700001,38.750000,39.599998,39.599998,5061995,True,76966
"00001.HK","2024-05-08",39.950001,39.950001,39.000000,39.049999,39.049999,6024128,True,76996
"00001.HK","2024-05-09",39.150002,39.799999,39.150002,39.599998,39.599998,5436024,True,77028
"00001.HK","2024-05-10",39.799999,41.349998,39.650002,41.150002,41.150002,13358106,True,77058
"00001.HK","2024-05-13",41.150002,42.000000,40.900002,41.950001,41.950001,7186398,True,77090
"00001.HK","2024-05-14",42.000000,42.299999,41.250000,41.450001,41.450001,9126910,True,77120
"00001.HK","2024-05-16",42.000000,42.000000,41.400002,41.799999,41.799999,8831021,True,77167
"00001.HK","2024-05-17",41.950001,42.250000,41.599998,42.250000,42.250000,6250786,True,77198
"00001.HK","2024-05-20",42.250000,42.750000,42.000000,42.450001,42.450001,5421359,True,77241
"00001.HK","2024-05-21",42.299999,42.299999,41.650002,42.000000,42.000000,6763048,True,77273
"00001.HK","2024-05-22",42.299999,42.349998,41.950001,42.049999,42.049999,4183203,True,77303
"00001.HK","2024-05-23",41.750000,42.099998,41.549999,41.599998,41.599998,3969145,True,77335
"00001.HK","2024-05-24",41.549999,41.900002,41.049999,41.250000,41.250000,5482993,True,77352
"00001.HK","2024-05-27",41.250000,41.549999,40.900002,41.450001,41.450001,4102000,True,77377
"00001.HK","2024-05-28",40.000000,40.400002,39.900002,40.000000,40.000000,5941043,True,77399
"00001.HK","2024-05-29",39.849998,40.000000,39.000000,39.200001,39.200001,5875339,True,77433
"00001.HK","2024-05-30",39.099998,39.099998,37.849998,38.049999,38.049999,8463563,True,0
"00001.HK","2024-05-31",38.200001,38.650002,38.000000,38.099998,38.099998,9364509,True,0
"00001.HK","2024-06-03",38.500000,39.000000,38.400002,38.549999,38.549999,4002702,True,0
"00001.HK","2024-06-04",38.349998,38.849998,38.250000,38.700001,38.700001,5064282,True,0
"00001.HK","2024-06-05",38.950001,39.700001,38.849998,39.200001,39.200001,6420862,True,0
"00001.HK","2024-06-06",39.700001,39.799999,38.500000,38.849998,38.849998,3486843,True,0
"00001.HK","2024-06-07",39.000000,39.200001,38.549999,38.650002,38.650002,4690340,True,0
"00001.HK","2024-06-11",38.200001,38.299999,37.549999,37.950001,37.950001,7543740,True,78052
"00001.HK","2024-06-12",37.849998,37.900002,37.299999,37.500000,37.500000,5598031,True,78053
"00001.HK","2024-06-13",37.549999,37.900002,37.099998,37.349998,37.349998,4878562,True,78054
"00001.HK","2024-06-14",37.299999,37.599998,36.849998,36.849998,36.849998,7887589,True,78055
"00001.HK","2024-06-17",36.799999,37.099998,36.500000,36.599998,36.599998,5120901,True,78056
"00001.HK","2024-06-18",36.950001,37.200001,36.650002,37.000000,37.000000,6843951,True,78057
"00001.HK","2024-06-19",37.250000,37.849998,37.250000,37.700001,37.700001,3505285,True,78058
"00001.HK","2024-06-20",37.700001,37.950001,37.099998,37.250000,37.250000,4108310,True,78059
"00001.HK","2024-06-21",37.150002,37.250000,36.500000,36.549999,36.549999,8104883,True,78060
"00001.HK","2024-06-24",36.400002,36.750000,36.250000,36.750000,36.750000,5067313,True,78061
"00001.HK","2024-06-25",37.299999,37.349998,36.299999,36.549999,36.549999,8436800,True,78062
"00001.HK","2024-06-26",36.650002,37.500000,36.150002,37.400002,37.400002,8750948,True,78063
"00001.HK","2024-06-27",37.349998,37.400002,36.599998,36.849998,36.849998,4715506,True,78064
"00001.HK","2024-06-28",36.500000,37.599998,36.500000,37.400002,37.400002,6285394,True,78065
"00001.HK","2024-07-02",36.950001,38.150002,36.950001,38.049999,38.049999,9007135,True,78066
"00001.HK","2024-07-03",38.099998,38.500000,37.799999,37.950001,37.950001,7033559,True,78067
"00001.HK","2024-07-04",38.099998,38.200001,37.599998,37.900002,37.900002,5886995,True,78068
"00001.HK","2024-07-08",37.599998,37.599998,36.900002,37.099998,37.099998,4752010,True,78069
"00001.HK","2024-07-09",37.150002,37.349998,36.900002,37.150002,37.150002,4648433,True,78070
"00001.HK","2024-07-10",37.000000,37.349998,36.900002,36.950001,36.950001,5011938,True,78071
"00001.HK","2024-07-11",37.450001,38.799999,37.049999,38.700001,38.700001,7358913,True,78072
"00001.HK","2024-07-12",38.750000,40.950001,38.750000,40.799999,40.799999,12222351,True,78073
"00001.HK","2024-07-15",40.450001,40.549999,39.900002,40.150002,40.150002,6755790,True,78074
"00001.HK","2024-07-16",39.849998,40.299999,39.450001,39.950001,39.950001,3978223,True,78075
"00001.HK","2024-07-17",39.900002,40.700001,39.700001,40.500000,40.500000,4151953,True,78076
"00001.HK","2024-07-18",40.599998,41.250000,40.549999,40.849998,40.849998,5498408,True,78077
"00001.HK","2024-07-19",40.400002,41.000000,39.799999,40.900002,40.900002,6472800,True,78078
"00001.HK","2024-07-22",40.900002,41.049999,40.099998,40.950001,40.950001,2799284,True,78079
"00001.HK","2024-07-23",40.950001,41.549999,40.700001,41.049999,41.049999,5095790,True,78080
"00001.HK","2024-07-24",41.200001,41.200001,40.700001,40.950001,40.950001,2769758,True,78081
"00001.HK","2024-07-25",40.599998,40.950001,39.900002,40.049999,40.049999,7128953,True,78082
"00001.HK","2024-07-26",40.400002,40.900002,40.099998,40.450001,40.450001,2822312,True,78083
"00001.HK","2024-07-29",40.549999,41.599998,40.500000,41.450001,41.450001,5169955,True,78084
"00001.HK","2024-07-30",41.450001,41.599998,40.650002,40.799999,40.799999,7477213,True,78085
"00001.HK","2024-07-31",41.049999,41.250000,40.599998,41.000000,41.000000,5793526,True,78086
"00001.HK","2024-08-01",41.000000,41.500000,40.400002,41.200001,41.200001,5173665,True,78087
"00001.HK","2024-08-02",40.799999,40.900002,39.799999,40.099998,40.099998,4908487,True,78088
"00001.HK","2024-08-05",39.500000,40.549999,39.150002,39.799999,39.799999,6638171,True,78089
"00001.HK","2024-08-06",39.549999,40.200001,39.150002,39.299999,39.299999,6712302,True,78090
"00001.HK","2024-08-07",39.349998,40.299999,39.349998,40.049999,40.049999,4383216,True,78091
"00001.HK","2024-08-08",39.799999,40.049999,39.299999,39.849998,39.849998,3623466,True,78092
"00001.HK","2024-08-09",39.950001,40.549999,39.950001,40.349998,40.349998,3677533,True,78093
"00001.HK","2024-08-12",39.63748155705663,40.080084467214284,39.48994975499408,39.73583984375,0,3291266,True,80952
"00001.HK","2024-08-13",39.78501659170034,40.08008394395826,39.588303772866745,40.030906677246094,0,4183094,True,80953
"00001.HK","2024-08-14",40.276795734060734,40.76857589259143,40.03090565479539,40.62104034423828,0,4592719,True,80954
"00001.HK","2024-08-15",40.67021642348403,40.76857470351231,40.030904487231574,40.178436279296875,0,4368165,True,80955
"00001.HK","2024-08-16",39.293236758697624,39.293236758697624,38.11296358752564,38.70309829711914,0,18291765,True,80956
"00001.HK","2024-08-19",38.801453705030504,40.62103871795201,38.752276441543245,40.473506927490234,0,9761895,True,80957
"00001.HK","2024-08-20",40.81775517319188,41.35871262388537,40.227620454614446,40.57186508178711,0,5287585,True,80958
"00001.HK","2024-08-21",40.57186424826126,40.57186424826126,39.53912663597524,39.93254852294922,0,5407400,True,80959
"00001.HK","2024-08-22",40.227620129363885,40.81775484316993,40.08008457491987,40.768577575683594,0,7029823,True,80960
"00001.HK","2024-08-23",40.52268761844648,40.91610951160546,40.37515206352123,40.67021942138672,0,3661607,True,80961
"00001.HK","2024-08-26",40.67021971377495,41.6046028137207,40.67021971377495,41.6046028137207,0,7131348,True,80962
"00001.HK","2024-08-27",41.604599863240836,42.24391555786133,41.45706806970249,42.24391555786133,0,5999117,True,80963
"00001.HK","2024-08-28",42.293094635009766,42.9815876236511,42.047204549922505,42.293094635009766,0,7855194,True,80964
"00001.HK","2024-08-29",42.293092633168165,42.44062817803126,41.80131248627086,42.34226989746094,0,5486288,True,80965
"00001.HK","2024-08-30",42.34226989746094,43.424188471825865,42.34226989746094,42.34226989746094,0,15541043,True,80966
"00001.HK","2024-09-02",42.342270405244825,42.342270405244825,41.506245646287404,42.047203063964844,0,7022165,True,80967
"00001.HK","2024-09-03",41.604600810539374,41.998026439569124,40.96528885334711,41.653778076171875,0,3302123,True,80968
"00001.HK","2024-09-04",41.65377676611284,41.65377676611284,40.965287564941846,41.309532165527344,0,4241733,True,80969
"00001.HK","2024-09-05",41.50624762527109,42.686520798650285,41.30953480437706,41.99802780151367,0,10407713,True,80970
"00001.HK","2024-09-09",41.94885086243808,42.14555993288591,41.555425217572385,41.80131530761719,0,11345009,True,80971
"00001.HK","2024-09-10",41.5554222379412,41.75213504626923,41.112819357199314,41.309532165527344,0,6432564,True,80972
"00001.HK","2024-09-11",41.309532800437225,41.40788733012053,40.621039836699644,40.916107177734375,0,7061890,True,80973
"00001.HK","2024-09-12",41.11282148215171,41.4078888339022,40.473509512023135,41.1619987487793,0,5259738,True,80974
"00001.HK","2024-09-13",41.5,42.29999923706055,41.5,41.54999923706055,0,4198176,True,80975
"00001.HK","2024-09-16",41.54999923706055,41.900001525878906,41.25,41.900001525878906,0,1890952,True,83125
"00001.HK","2024-09-17",41.900001525878906,43.29999923706055,41.70000076293945,42.849998474121094,0,8441919,True,83126
"00001.HK","2024-09-19",42.70000076293945,43.25,42.54999923706055,42.900001525878906,0,8541801,True,83127
"00001.HK","2024-09-20",43.5,44.0,43.04999923706055,44.0,0,13262051,True,83128
"00001.HK","2024-09-23",44.0,44.20000076293945,43.650001525878906,43.75,0,5991407,True,83129
"00001.HK","2024-09-24",44.349998474121094,44.900001525878906,43.75,44.04999923706055,0,10731089,True,83130
"00001.HK","2024-09-25",45.099998474121094,45.150001525878906,44.349998474121094,44.599998474121094,0,9300292,True,83131
"00001.HK","2024-09-26",44.900001525878906,44.900001525878906,43.20000076293945,44.099998474121094,0,15033981,True,83132
"00001.HK","2024-09-27",44.650001525878906,44.849998474121094,43.75,44.849998474121094,0,18461846,True,83133
"00001.HK","2024-09-30",45.04999923706055,45.70000076293945,44.5,44.70000076293945,0,19063721,True,83134
"00001.HK","2024-10-02",43.54999923706055,45.400001525878906,43.54999923706055,45.20000076293945,0,14399572,True,83135
"00001.HK","2024-10-03",45.650001525878906,45.70000076293945,44.400001525878906,44.849998474121094,0,11101599,True,83136
"00001.HK","2024-10-04",44.5,45.45000076293945,44.04999923706055,45.349998474121094,0,8507532,True,83137
"00001.HK","2024-10-07",45.5,46.349998474121094,44.95000076293945,45.75,0,7360610,True,83138
"00001.HK","2024-10-08",46.25,46.25,43.25,43.599998474121094,0,15539824,True,83139
"00001.HK","2024-10-09",44.349998474121094,44.349998474121094,41.849998474121094,43.04999923706055,0,12489114,True,83140
"00001.HK","2024-10-10",43.650001525878906,44.54999923706055,43.45000076293945,43.75,0,9290922,True,83141
"00001.HK","2024-10-14",43.75,43.79999923706055,42.20000076293945,42.95000076293945,0,8126971,True,83142
"00001.HK","2024-10-15",42.95000076293945,43.20000076293945,41.650001525878906,42.0,0,11843078,True,83143
"00001.HK","2024-10-16",41.900001525878906,42.400001525878906,41.650001525878906,41.70000076293945,0,7448185,True,83144
"00001.HK","2024-10-17",42.04999923706055,42.400001525878906,41.150001525878906,41.349998474121094,0,8175256,True,83145
"00001.HK","2024-10-18",41.25,42.29999923706055,41.25,42.0,0,6515466,True,83146
"00001.HK","2024-10-21",41.79999923706055,42.150001525878906,41.599998474121094,41.849998474121094,0,5642495,True,83147
"00001.HK","2024-10-22",41.599998474121094,42.5,41.599998474121094,42.0,0,5526527,True,83148
"00001.HK","2024-10-23",42.04999923706055,42.54999923706055,41.75,41.900001525878906,0,4215082,True,83149
"00001.HK","2024-10-24",41.5,41.95000076293945,41.45000076293945,41.849998474121094,0,4715553,True,83150
"00001.HK","2024-10-25",41.54999923706055,42.0,41.5,41.75,0,2842850,True,83151
"00001.HK","2024-10-28",41.75,41.95000076293945,41.349998474121094,41.849998474121094,0,3559440,True,83152
"00001.HK","2024-10-29",42.04999923706055,42.45000076293945,41.349998474121094,41.54999923706055,0,5167137,True,83153
"00001.HK","2024-10-30",41.150001525878906,41.5,40.900001525878906,41.20000076293945,0,7211338,True,83154
"00001.HK","2024-10-31",41.25,41.5,40.79999923706055,40.900001525878906,0,4675700,True,83155
"00001.HK","2024-11-01",40.70000076293945,41.29999923706055,40.70000076293945,41.04999923706055,0,2434332,True,83156
"00001.HK","2024-11-04",41.099998474121094,41.20000076293945,40.70000076293945,41.150001525878906,0,3441957,True,83157
"00001.HK","2024-11-05",41.099998474121094,41.45000076293945,40.95000076293945,41.349998474121094,0,5007375,True,83158
"00001.HK","2024-11-06",41.150001525878906,41.5,40.54999923706055,41.04999923706055,0,7414926,True,83159
"00001.HK","2024-11-07",40.5,41.5,40.5,41.349998474121094,0,4905298,True,83160
"00001.HK","2024-11-08",41.70000076293945,41.900001525878906,41.099998474121094,41.25,0,4823856,True,83161
"00001.HK","2024-11-11",40.54999923706055,40.849998474121094,40.5,40.849998474121094,0,4952556,True,83162
"00001.HK","2024-11-12",40.650001525878906,40.95000076293945,39.900001525878906,40.29999923706055,0,8575488,True,83163
"00001.HK","2024-11-13",39.95000076293945,40.150001525878906,39.599998474121094,40.0,0,7067603,True,83164
"00001.HK","2024-11-14",39.849998474121094,39.95000076293945,39.400001525878906,39.599998474121094,0,6001074,True,83165
"00001.HK","2024-11-15",39.900001525878906,40.849998474121094,39.650001525878906,40.25,0,6391399,True,83166
"00001.HK","2024-11-18",40.5,40.849998474121094,39.849998474121094,40.0,0,3960781,True,83167
"00001.HK","2024-11-19",40.349998474121094,40.54999923706055,40.099998474121094,40.29999923706055,0,3234422,True,83168
"00001.HK","2024-11-20",40.29999923706055,40.45000076293945,40.0,40.25,0,3050161,True,83169
"00001.HK","2024-11-21",40.099998474121094,40.5,39.79999923706055,40.25,0,3019458,True,83170
"00001.HK","2024-11-22",40.099998474121094,40.650001525878906,39.650001525878906,39.900001525878906,0,4941608,True,83171
"00001.HK","2024-11-25",39.95000076293945,40.29999923706055,39.54999923706055,39.79999923706055,0,6605052,True,83172
"00001.HK","2024-11-26",39.79999923706055,40.349998474121094,39.79999923706055,40.150001525878906,0,5652149,True,83173
"00001.HK","2024-11-27",40.25,40.5,39.900001525878906,40.5,0,3523154,True,83174
"00001.HK","2024-11-28",40.5,40.75,40.04999923706055,40.20000076293945,0,2680842,True,83175
"00001.HK","2024-11-29",40.20000076293945,40.900001525878906,40.20000076293945,40.5,0,4950893,True,83176
"00001.HK","2024-12-02",40.75,41.150001525878906,40.5,40.70000076293945,0,3917254,True,83177
"00001.HK","2024-12-03",40.900001525878906,41.650001525878906,40.54999923706055,41.599998474121094,0,8921160,True,83178
"00001.HK","2024-12-04",41.599998474121094,41.95000076293945,41.20000076293945,41.900001525878906,0,3747105,True,83179
"00001.HK","2024-12-05",41.95000076293945,42.099998474121094,41.54999923706055,42.04999923706055,0,3701811,True,83180
"00001.HK","2024-12-06",42.20000076293945,42.650001525878906,42.099998474121094,42.349998474121094,0,4874738,True,83181
"00001.HK","2024-12-09",42.400001525878906,43.150001525878906,42.099998474121094,43.150001525878906,0,7752414,True,83182
"00001.HK","2024-12-10",44.0,44.099998474121094,42.70000076293945,42.75,0,8425143,True,83183
"00001.HK","2024-12-11",43.099998474121094,43.349998474121094,42.400001525878906,42.599998474121094,0,5418079,True,83184
"00001.HK","2024-12-12",42.70000076293945,43.20000076293945,42.650001525878906,42.900001525878906,0,4556045,True,83185
"00001.HK","2024-12-13",42.54999923706055,42.75,42.099998474121094,42.45000076293945,0,3922337,True,83186
"00001.HK","2024-12-16",42.0,42.349998474121094,41.29999923706055,41.54999923706055,0,6107028,True,83187
"00001.HK","2024-12-17",41.29999923706055,41.70000076293945,41.0,41.29999923706055,0,6694676,True,83188
"00001.HK","2024-12-18",41.29999923706055,41.5,40.650001525878906,41.150001525878906,0,6763986,True,83189
"00001.HK","2024-12-19",40.75,41.150001525878906,40.400001525878906,40.849998474121094,0,5803098,True,83190
"00001.HK","2024-12-20",40.75,40.79999923706055,40.400001525878906,40.599998474121094,0,5380303,True,83191
"00001.HK","2024-12-23",40.79999923706055,41.5,40.75,41.45000076293945,0,4020775,True,83192
"00001.HK","2024-12-24",41.650001525878906,41.650001525878906,41.650001525878906,41.650001525878906,0,0,True,83193
"00001.HK","2024-12-27",41.349998474121094,42.20000076293945,41.349998474121094,41.79999923706055,0,3075686,True,83194
"00001.HK","2024-12-30",41.79999923706055,42.04999923706055,41.25,41.400001525878906,0,3267427,True,83195
"00001.HK","2024-12-31",41.54999923706055,41.54999923706055,41.54999923706055,41.54999923706055,0,0,True,83196
"00001.HK","2025-01-02",41.29999923706055,41.5,40.70000076293945,41.04999923706055,0,4164402,True,83197
"00001.HK","2025-01-03",41.400001525878906,41.54999923706055,40.900001525878906,41.150001525878906,0,2627730,True,83198
"00001.HK","2025-01-06",41.45000076293945,41.79999923706055,40.95000076293945,41.29999923706055,0,3892729,True,83199
"00001.HK","2025-01-07",41.400001525878906,41.70000076293945,40.650001525878906,41.04999923706055,0,4598793,True,83200
"00001.HK","2025-01-08",41.0,41.099998474121094,40.400001525878906,40.54999923706055,0,5808409,True,83201
"00001.HK","2025-01-09",40.54999923706055,40.75,40.349998474121094,40.5,0,3060041,True,83202
"00001.HK","2025-01-10",40.5,40.900001525878906,40.099998474121094,40.349998474121094,0,4607674,True,83203
"00001.HK","2025-01-13",40.04999923706055,40.04999923706055,39.29999923706055,39.79999923706055,0,4876407,True,83204
"00001.HK","2025-01-14",39.650001525878906,39.900001525878906,39.349998474121094,39.79999923706055,0,7959404,True,83205
"00001.HK","2025-01-15",39.54999923706055,40.0,39.54999923706055,39.95000076293945,0,3820469,True,83206
"00001.HK","2025-01-16",39.79999923706055,40.150001525878906,39.54999923706055,39.650001525878906,0,5249583,True,83207
"00001.HK","2025-01-17",39.54999923706055,40.29999923706055,39.5,40.20000076293945,0,5205136,True,83208
"00001.HK","2025-01-20",40.349998474121094,40.5,40.099998474121094,40.099998474121094,0,3781726,True,83209
"00001.HK","2025-01-21",40.400001525878906,40.400001525878906,39.849998474121094,40.0,0,4911349,True,83210
"00001.HK","2025-01-22",39.849998474121094,40.150001525878906,39.70000076293945,40.0,0,4723515,True,83211
"00001.HK","2025-01-23",40.0,40.20000076293945,39.099998474121094,39.20000076293945,0,6318628,True,83212
"00001.HK","2025-01-24",39.20000076293945,39.599998474121094,39.0,39.25,0,5462191,True,83213
"00001.HK","2025-01-27",39.5,39.79999923706055,39.25,39.349998474121094,0,3916809,True,83214
"00001.HK","2025-01-28",39.29999923706055,39.29999923706055,39.29999923706055,39.29999923706055,0,0,True,83215
"00001.HK","2025-02-03",38.5,39.04999923706055,38.20000076293945,38.900001525878906,0,8633008,True,83216
"00001.HK","2025-02-04",39.349998474121094,39.650001525878906,38.75,39.04999923706055,0,7802445,True,83217
"00001.HK","2025-02-05",39.04999923706055,39.150001525878906,38.29999923706055,38.5,0,7737619,True,83218
"00001.HK","2025-02-06",38.54999923706055,39.04999923706055,38.29999923706055,38.95000076293945,0,5783386,True,83219
"00001.HK","2025-02-07",39.0,39.29999923706055,38.849998474121094,39.04999923706055,0,6223466,True,83220
"00001.HK","2025-02-10",38.95000076293945,39.20000076293945,38.70000076293945,39.04999923706055,0,5516254,True,83221
"00001.HK","2025-02-11",39.04999923706055,39.04999923706055,38.650001525878906,38.849998474121094,0,5379071,True,83222
"00001.HK","2025-02-12",39.0,39.45000076293945,38.79999923706055,39.29999923706055,0,7265102,True,83223
"00001.HK","2025-02-13",39.400001525878906,39.849998474121094,39.099998474121094,39.45000076293945,0,8388177,True,83224
"00001.HK","2025-02-14",39.79999923706055,39.95000076293945,39.25,39.45000076293945,0,6494095,True,83225
"00001.HK","2025-02-17",39.349998474121094,39.599998474121094,38.95000076293945,39.45000076293945,0,6854019,True,83226
"00001.HK","2025-02-18",39.349998474121094,39.5,39.0,39.5,0,7444959,True,83227
"00001.HK","2025-02-19",39.20000076293945,39.400001525878906,39.0,39.29999923706055,0,4250874,True,83228
"00001.HK","2025-02-20",39.29999923706055,39.79999923706055,39.150001525878906,39.650001525878906,0,6837096,True,83229
"00001.HK","2025-02-21",39.650001525878906,39.849998474121094,39.04999923706055,39.400001525878906,0,16634720,True,83230
"00001.HK","2025-02-24",39.150001525878906,40.25,39.099998474121094,39.75,0,9765737,True,83231
"00001.HK","2025-02-25",39.45000076293945,39.75,39.349998474121094,39.400001525878906,0,8472915,True,83232
"00001.HK","2025-02-26",39.54999923706055,39.95000076293945,39.45000076293945,39.849998474121094,0,8403775,True,83233
"00001.HK","2025-02-27",39.45000076293945,39.75,39.400001525878906,39.54999923706055,0,9317106,True,83234
"00001.HK","2025-02-28",39.54999923706055,39.54999923706055,38.849998474121094,38.849998474121094,0,16506111,True,83235
"00001.HK","2025-03-03",39.04999923706055,39.54999923706055,38.900001525878906,39.150001525878906,0,8207200,True,83236
"00001.HK","2025-03-04",38.900001525878906,39.0,38.5,38.650001525878906,0,13533894,True,83237
"00001.HK","2025-03-05",44.400001525878906,48.20000076293945,44.400001525878906,47.099998474121094,0,114869859,True,83238
"00001.HK","2025-03-06",48.45000076293945,52.95000076293945,47.849998474121094,51.54999923706055,0,88510645,True,83239
"00001.HK","2025-03-07",50.79999923706055,51.150001525878906,49.400001525878906,49.5,0,45375844,True,83240
"00001.HK","2025-03-10",49.04999923706055,50.349998474121094,48.900001525878906,49.599998474121094,0,21844267,True,83241
"00001.HK","2025-03-11",49.0,50.25,48.95000076293945,49.95000076293945,0,17670627,True,83242
"00001.HK","2025-03-12",49.54999923706055,49.849998474121094,49.20000076293945,49.349998474121094,0,12772119,True,83243
"00001.HK","2025-03-13",49.54999923706055,49.849998474121094,49.04999923706055,49.400001525878906,0,9349981,True,83244
"00001.HK","2025-03-14",46.29999923706055,47.650001525878906,46.04999923706055,46.25,0,60852631,True,83245
"00001.HK","2025-03-17",45.900001525878906,46.900001525878906,45.150001525878906,46.54999923706055,0,37913568,True,83246
"00001.HK","2025-03-18",46.54999923706055,47.29999923706055,44.25,45.25,0,61880210,True,83247
"00001.HK","2025-03-19",45.20000076293945,45.849998474121094,44.25,45.79999923706055,0,36711320,True,83248
"00001.HK","2025-03-20",45.5,45.79999923706055,44.599998474121094,44.849998474121094,0,21874483,True,83249
"00001.HK","2025-03-21",43.650001525878906,44.70000076293945,42.900001525878906,43.25,0,35559945,True,83250
"00001.HK","2025-03-24",43.95000076293945,45.5,43.54999923706055,45.04999923706055,0,22572013,True,83251
"00001.HK","2025-03-25",45.20000076293945,45.70000076293945,44.849998474121094,45.04999923706055,0,15322855,True,83252
"00001.HK","2025-03-26",45.04999923706055,46.79999923706055,44.650001525878906,45.29999923706055,0,32846174,True,83253
"00001.HK","2025-03-27",45.599998474121094,46.95000076293945,45.25,45.70000076293945,0,27415537,True,83254
"00001.HK","2025-03-28",45.900001525878906,45.900001525878906,44.79999923706055,45.150001525878906,0,13117045,True,83255
"00001.HK","2025-03-31",43.099998474121094,44.099998474121094,43.04999923706055,43.75,0,21554922,True,83256
"00001.HK","2025-04-01",44.0,44.75,43.650001525878906,44.5,0,9285665,True,83257
"00001.HK","2025-04-02",44.29999923706055,44.599998474121094,43.79999923706055,44.29999923706055,0,8963233,True,83258
"00001.HK","2025-04-03",43.5,43.95000076293945,43.099998474121094,43.849998474121094,0,13378055,True,83259
"00001.HK","2025-04-07",41.25,41.70000076293945,39.95000076293945,40.20000076293945,0,33409538,True,83260
"00001.HK","2025-04-08",40.20000076293945,41.04999923706055,38.75,39.150001525878906,0,29235005,True,83261
"00001.HK","2025-04-09",38.099998474121094,38.79999923706055,37.45000076293945,38.599998474121094,0,25419079,True,83262
"00001.HK","2025-04-10",39.75,40.099998474121094,38.79999923706055,39.5,0,14625956,True,83263
"00001.HK","2025-04-11",39.5,40.099998474121094,39.0,39.79999923706055,0,13729804,True,83264
"00001.HK","2025-04-14",40.400001525878906,41.29999923706055,40.099998474121094,41.099998474121094,0,12516935,True,83265
"00001.HK","2025-04-15",42.20000076293945,42.5,41.599998474121094,41.849998474121094,0,13397056,True,83266
"00001.HK","2025-04-16",41.95000076293945,42.5,41.45000076293945,41.900001525878906,0,9555216,True,83267
"00001.HK","2025-04-17",41.95000076293945,42.599998474121094,41.79999923706055,42.150001525878906,0,7401147,True,83268
"00001.HK","2025-04-22",42.25,43.5,42.20000076293945,43.29999923706055,0,10434592,True,83269
"00001.HK","2025-04-23",43.95000076293945,44.29999923706055,43.400001525878906,43.5,0,9974373,True,83270
"00001.HK","2025-04-24",43.099998474121094,43.650001525878906,42.79999923706055,42.95000076293945,0,7491657,True,83271
"00001.HK","2025-04-25",43.349998474121094,44.099998474121094,43.20000076293945,43.25,0,6170961,True,83272
"00001.HK","2025-04-28",43.04999923706055,43.349998474121094,42.849998474121094,43.0,0,6071209,True,83273
"00001.HK","2025-04-29",43.400001525878906,44.20000076293945,43.29999923706055,43.400001525878906,0,7405163,True,86441
"00001.HK","2025-04-30",43.45000076293945,44.0,43.150001525878906,43.79999923706055,0,7037177,True,86442
"00001.HK","2025-05-02",43.54999923706055,44.150001525878906,43.349998474121094,43.79999923706055,0,7583238,True,86443
"00001.HK","2025-05-06",43.79999923706055,44.349998474121094,43.45000076293945,43.95000076293945,0,8666821,True,86444
"00001.HK","2025-05-07",44.5,44.849998474121094,44.29999923706055,44.599998474121094,0,10621902,True,86445
"00001.HK","2025-05-08",44.5,44.54999923706055,44.0,44.150001525878906,0,6295348,True,86446
"00001.HK","2025-05-09",44.150001525878906,44.650001525878906,43.79999923706055,44.599998474121094,0,6169170,True,88038
"00001.HK","2025-05-12",45.04999923706055,45.5,44.75,45.20000076293945,0,10416982,True,88096
"00001.HK","2025-05-13",45.04999923706055,45.20000076293945,44.599998474121094,44.79999923706055,0,6820460,True,88097
"00001.HK","2025-05-14",45.29999923706055,45.599998474121094,44.79999923706055,45.349998474121094,0,11112751,True,88098
"00001.HK","2025-05-15",45.25,45.54999923706055,44.900001525878906,45.5,0,8291520,True,88099
"00001.HK","2025-05-16",43.084657298258854,43.13231658935547,42.46507560549039,43.13231658935547,NULL,5839708,True,0
"00001.HK","2025-05-19",43.13231812419964,43.22763670978474,42.8463587312734,43.17997741699219,NULL,6204458,True,0
"00001.HK","2025-05-20",43.32295915440309,43.465937033516234,42.98933683079711,43.418277740478516,NULL,7828719,True,0
"00001.HK","2025-05-21",43.3229583644343,43.51359916927993,43.08465826742,43.275299072265625,NULL,6786293,True,0
"00001.HK","2025-05-22",43.27529711889132,43.27529711889132,42.65571544015264,42.98933410644531,NULL,6684328,True,0
"00001.HK","2025-05-23",42.9416748164279,43.0846563226509,42.84635623639306,42.98933410644531,NULL,5272067,True,0
"00001.HK","2025-05-26",43.03699851978531,43.03699851978531,42.60805762246492,42.79869842529297,NULL,8538812,True,0
"00001.HK","2025-05-27",42.91115574802807,43.10844917074576,42.36860165784872,42.565895080566406,NULL,8958910,True,0
"00001.HK","2025-05-28",42.81250868460655,43.0097983339723,42.516566684440235,42.96047592163086,NULL,4916048,True,0
"00001.HK","2025-05-29",42.86183109694799,43.25641415873832,42.467244272098796,42.96047592163086,NULL,4532707,True,0
"00001.HK","2025-05-30",42.664538234152076,43.5523567199707,42.46724481918584,43.5523567199707,NULL,14952637,True,0
"00001.HK","2025-06-02",43.355062768812154,43.552356181338375,42.66453770649981,43.30574035644531,NULL,5170410,True,0
"00001.HK","2025-06-03",43.355063738845146,45.722573452954265,43.355063738845146,45.18001937866211,NULL,18222350,True,0
"00001.HK","2025-06-04",45.130695917883614,45.278666917919885,44.19355503145787,44.34152603149414,NULL,7961576,True,0
"00001.HK","2025-06-05",44.68678667407961,45.18001832338084,44.63746426176126,45.03205108642578,NULL,5753585,True,0
"00001.HK","2025-06-06",45.426634688667235,45.623928103347545,44.98272544640126,45.27866744995117,NULL,7030219,True,0
"00001.HK","2025-06-09",45.37731113979352,45.673249372876064,45.229340141722844,45.475955963134766,NULL,6959874,True,0
"00001.HK","2025-06-10",45.32799091408905,45.6732515754926,45.1800199088824,45.4266357421875,NULL,5761919,True,0
"00001.HK","2025-06-11",45.62392917176184,46.06783842442321,45.32799092434058,45.77190017700195,NULL,7677419,True,0
"00001.HK","2025-06-12",45.67324990867676,46.610390793647575,45.62392749642752,46.4130973815918,NULL,8200361,True,0
"00001.HK","2025-06-13",46.906329053226585,47.350238289805276,45.91986575552231,46.75836181640625,NULL,13522804,True,0
"00001.HK","2025-06-16",47.00497707335421,47.744824537700445,46.95565089861742,47.54753112792969,NULL,9179673,True,0
"00001.HK","2025-06-17",47.59685626394552,48.090087935074486,47.251595599378845,47.74482727050781,NULL,6835961,True,0
"00001.HK","2025-06-18",47.84346933897377,48.583316802978516,47.646175929294074,48.583316802978516,NULL,11783818,True,0
"00001.HK","2025-06-19",48.33670380891518,48.43534863799548,46.75836396527625,47.05430221557617,NULL,9425897,True,0
"00001.HK","2025-06-20",47.300915877531835,47.300915877531835,46.561068404253625,46.75836181640625,NULL,8420530,True,0
"00001.HK","2025-06-23",46.1664836650597,47.84347209951,46.01851642155642,47.74482727050781,NULL,6798115,True,0
"00001.HK","2025-06-24",48.04076490560763,48.53399657042279,47.84347148706978,48.1887321472168,NULL,7344963,True,0
"00001.HK","2025-06-25",48.04076382273307,48.435346887855616,47.942115234158265,48.386024475097656,NULL,8633111,True,0
"00001.HK","2025-06-26",48.336700439453125,48.58331625802177,48.139407031986465,48.336700439453125,NULL,6319591,True,0
"00001.HK","2025-06-27",48.1394086805626,48.82993374881418,47.646177026534176,48.04076385498047,NULL,7241287,True,0
"00001.HK","2025-06-30",47.892791203036666,48.139407021551854,47.49820815124763,47.646175384521484,NULL,7020252,True,0
"00001.HK","2025-07-02",48.13940757196391,48.68196162628897,47.94211416228421,48.583316802978516,NULL,9890994,True,0
"00001.HK","2025-07-03",48.780611322689694,49.2738429765833,48.4846730829653,48.73128890991211,NULL,5601332,True,0
"00001.HK","2025-07-04",48.533996032747936,48.533996032747936,47.49821030072267,47.942115783691406,NULL,4618833,True,0
"00001.HK","2025-07-07",47.843470454216,47.892792867020944,47.20226779857512,47.35023880004883,NULL,4135389,True,0
"00001.HK","2025-07-08",47.35023769112351,47.79414692208955,46.9556508718073,47.202266693115234,NULL,5802719,True,0
"00001.HK","2025-07-09",47.202267261009894,47.202267261009894,46.56106837573022,47.10362243652344,NULL,7381305,True,0
"00001.HK","2025-07-10",47.10362135689456,47.350237175517044,46.65971213076234,47.3009147644043,NULL,4935023,True,0
"00001.HK","2025-07-11",47.30091638724389,47.843470454216,47.30091638724389,47.35023880004883,NULL,5648600,True,0
"00001.HK","2025-07-14",47.35023880004883,47.596854627132416,46.955651971491534,47.35023880004883,NULL,3787712,True,0
"00001.HK","2025-07-15",47.59685573488814,47.744826739805674,47.152946483194484,47.49821090698242,NULL,5805070,True,0
"00001.HK","2025-07-16",47.843468791945384,48.040762199369276,47.49820815124763,47.646175384521484,NULL,5204115,True,0
"00001.HK","2025-07-17",47.892791748046875,48.23805615573242,47.794146924741746,47.892791748046875,NULL,3950003,True,0
"00001.HK","2025-07-18",48.23805780516678,48.336702631844936,47.64617755592108,48.28738021850586,NULL,6531211,True,0
"00001.HK","2025-07-21",48.829932624313436,48.829932624313436,48.3367009816436,48.583316802978516,NULL,4685926,True,0
"00001.HK","2025-07-22",48.58331838553888,50.30962919111641,48.58331838553888,50.01369094848633,NULL,12207936,True,0
"00001.HK","2025-07-23",50.30963024667176,50.506923666917565,49.71775374899334,50.161659240722656,NULL,7781937,True,0
"00001.HK","2025-07-24",50.16165704129217,52.08526121899157,49.915041217562994,51.5920295715332,NULL,15539181,True,0
"00001.HK","2025-07-25",51.24676839087597,53.07172396227977,51.049474981331535,52.726463317871094,NULL,14723318,True,0
"00001.HK","2025-07-28",53.219695509173626,53.860894392983646,51.88796780330573,52.282554626464844,NULL,14418595,True,0
"00001.HK","2025-07-29",52.18391194929945,52.67714361701284,51.34541585635131,52.578495025634766,NULL,10042264,True,0
"00001.HK","2025-07-30",52.430526176007184,52.430526176007184,51.64135252140906,51.838645935058594,NULL,5792598,True,0
"00001.HK","2025-07-31",51.740001733745956,51.740001733745956,50.60556741387407,50.70421600341797,NULL,9931266,True,0
"00001.HK","2025-08-01",50.50692371053259,50.55624612487188,49.71775379192688,49.81639862060547,NULL,10883869,True,0
"00001.HK","2025-08-04",49.421808556464086,50.01368877910997,48.82993209687696,49.717750549316406,NULL,8771341,True,0
"00001.HK","2025-08-05",49.520458216490184,50.40827292513875,49.42180962904556,50.21098327636719,NULL,4785116,True,0
"00001.HK","2025-08-06",49.964367979165516,50.161657630017295,49.28370588932669,49.421810150146484,NULL,6470487,True,0
"00001.HK","2025-08-07",49.66842598413296,50.70421546655274,49.47113633325193,50.45759963989258,NULL,5130774,True,0
"00001.HK","2025-08-08",50.65488763908245,51.09879686520808,50.16165600184481,50.753536224365234,NULL,9077453,True,0
"00001.HK","2025-08-11",51.19744596998991,51.19744596998991,50.5562433298512,50.65488815307617,NULL,4455029,True,0
"00001.HK","2025-08-12",50.30962968658432,50.852183763925886,50.16165868228255,50.605567932128906,NULL,5117801,True,0
"00001.HK","2025-08-13",50.8028602482754,51.641352552974844,50.70421542291977,51.493385314941406,NULL,8570480,True,0
"00001.HK","2025-08-14",51.88796947784151,52.23323390001287,51.04947715539199,51.29609298706055,NULL,5405091,True,0
"00001.HK","2025-08-15",50.80285863547725,52.57849177692101,50.16165600184481,50.753536224365234,NULL,13252374,True,0
"00001.HK","2025-08-18",50.70421546655274,51.78932359863389,50.45759963989258,50.45759963989258,NULL,7027308,True,0
"00001.HK","2025-08-19",50.85218267269897,51.00015367382546,50.45759960812645,50.802860260009766,NULL,4776851,True,0
"00001.HK","2025-08-20",50.80285972036966,51.09879795642024,50.45759907215379,50.556243896484375,NULL,5834460,True,0
"00001.HK","2025-08-21",50.60556520744483,51.39473507409323,50.50692038526082,51.09879684448242,NULL,7001601,True,0
"00001.HK","2025-08-22",51.44406124824399,51.64135089261202,50.704213792687604,51.09879684448242,NULL,3978770,True,0
"00001.HK","2025-08-25",51.29609351637261,51.887970013261,51.19744868791087,51.54270935058594,NULL,4997070,True,0
"00001.HK","2025-08-26",51.542706614336105,51.59202902594859,50.65488815307617,50.65488815307617,NULL,7262757,True,0
"00001.HK","2025-08-27",51.04947611865341,51.04947611865341,50.26030622595267,50.45759963989258,NULL,6706410,True,0
"00001.HK","2025-08-28",50.70421543463135,51.049476086514666,50.30962860699996,50.802860260009766,NULL,5688557,True,0
"00001.HK","2025-08-29",50.80285915097243,51.14811979531863,50.65488815307617,50.65488815307617,NULL,4596373,True,0
"00001.HK","2025-09-01",51.296090820783384,51.54270664203715,50.753536766636856,51.000152587890625,NULL,3406242,True,0
"00001.HK","2025-09-02",51.098799036743216,51.789324110832766,50.950831797119044,51.049476623535156,NULL,4705757,True,0
"00001.HK","2025-09-03",51.04947499667897,51.19744599464648,50.112334123355225,50.309627532958984,NULL,5221041,True,0
"00001.HK","2025-09-04",50.309627557522845,50.50692096722293,49.66842491676227,49.9643669128418,NULL,5020576,True,0
"00001.HK","2025-09-05",50.21098485908911,50.65489034587651,50.21098485908911,50.605567932128906,NULL,5052390,True,0
"00001.HK","2025-09-08",50.80286136260539,51.0494771944627,50.16165869455281,50.95083236694336,NULL,5059678,True,0
"00001.HK","2025-09-09",50.95083236694336,51.24677061256034,50.704216535086054,50.95083236694336,NULL,5031479,True,0
"00001.HK","2025-09-10",50.95083176202665,51.49338583305943,50.85218317261956,51.394737243652344,NULL,5479103,True,0
"00001.HK","2025-09-11",51.19744707581565,51.641352552974844,50.8028602482754,51.493385314941406,NULL,4925365,True,0
"00001.HK","2025-09-12",52.03593992066448,52.18391092329278,51.5427082626487,51.7400016784668,NULL,4840442,True,0
"00001.HK","2025-09-15",51.900001525878906,51.95000076293945,51.650001525878906,51.900001525878906,NULL,3338226,True,0
"00001.HK","2025-09-16",51.900001525878906,52.54999923706055,51.75,52.04999923706055,NULL,4364280,True,0
"00001.HK","2025-09-17",52.04999923706055,52.400001525878906,51.79999923706055,52.349998474121094,NULL,7138436,True,0
"00001.HK","2025-09-18",51.849998474121094,52.150001525878906,51.20000076293945,51.45000076293945,NULL,5535091,True,0
"00001.HK","2025-09-19",51.5,51.70000076293945,50.349998474121094,50.54999923706055,NULL,10233256,True,0
"00001.HK","2025-09-22",50.79999923706055,50.95000076293945,49.84000015258789,50.150001525878906,NULL,7037962,True,0
"00001.HK","2025-09-23",50.25,50.5,49.7599983215332,50.29999923706055,NULL,4567528,True,0
"00001.HK","2025-09-24",50.45000076293945,50.650001525878906,50.150001525878906,50.45000076293945,NULL,5069617,True,0
"00001.HK","2025-09-25",50.54999923706055,50.849998474121094,49.880001068115234,50.099998474121094,NULL,5865709,True,0
"00001.HK","2025-09-26",50.29999923706055,50.599998474121094,49.63999938964844,49.70000076293945,NULL,8079132,True,0
"00001.HK","2025-09-29",50.20000076293945,50.900001525878906,49.7400016784668,50.900001525878906,NULL,9182660,True,0
"00001.HK","2025-09-30",50.95000076293945,51.25,50.54999923706055,51.25,NULL,6370445,True,0
"00001.HK","2025-10-02",51.599998474121094,51.95000076293945,51.29999923706055,51.599998474121094,NULL,5019519,True,0
"00001.HK","2025-10-03",51.599998474121094,51.650001525878906,50.79999923706055,51.20000076293945,NULL,3131346,True,0
"00001.HK","2025-10-06",51.0,51.29999923706055,50.29999923706055,50.54999923706055,NULL,2794449,True,0
"00001.HK","2025-10-08",50.650001525878906,51.349998474121094,50.20000076293945,51.29999923706055,NULL,6369225,True,0
"00001.HK","2025-10-09",51.650001525878906,52.75,51.5,52.0,NULL,7796261,True,0
"00001.HK","2025-10-10",51.79999923706055,52.150001525878906,51.45000076293945,52.04999923706055,NULL,5573004,True,0
"00001.HK","2025-10-13",51.349998474121094,51.5,50.150001525878906,51.099998474121094,NULL,10211425,True,0
"00001.HK","2025-10-14",51.099998474121094,51.25,50.54999923706055,50.70000076293945,NULL,8978636,True,0
"00001.HK","2025-10-15",51.20000076293945,51.599998474121094,50.900001525878906,51.45000076293945,NULL,4523631,True,0
"00001.HK","2025-10-16",51.349998474121094,51.400001525878906,50.54999923706055,50.75,NULL,3161598,True,0
"00001.HK","2025-10-17",50.79999923706055,51.04999923706055,50.099998474121094,50.400001525878906,NULL,7072209,True,0
"00001.HK","2025-10-20",50.5,51.25,50.5,51.20000076293945,NULL,4726716,True,0
"00001.HK","2025-10-21",51.650001525878906,52.29999923706055,51.29999923706055,51.54999923706055,NULL,6194937,True,0
"00001.HK","2025-10-22",51.599998474121094,51.79999923706055,50.650001525878906,50.70000076293945,NULL,5309211,True,0
"00001.HK","2025-10-23",50.849998474121094,51.25,50.5,50.900001525878906,NULL,4925759,True,0
"00001.HK","2025-10-24",51.400001525878906,51.70000076293945,50.849998474121094,51.150001525878906,NULL,3320868,True,0
"00001.HK","2025-10-27",51.599998474121094,52.04999923706055,51.5,51.849998474121094,NULL,4958926,True,0
"00001.HK","2025-10-28",52.0,52.650001525878906,51.79999923706055,52.349998474121094,NULL,7714776,True,0
"00001.HK","2025-10-30",52.45000076293945,52.45000076293945,51.20000076293945,51.45000076293945,NULL,6661449,True,0
"00001.HK","2025-10-31",51.54999923706055,51.900001525878906,51.0,51.5,NULL,6507182,True,0
"00001.HK","2025-11-03",51.5,52.150001525878906,51.45000076293945,52.04999923706055,NULL,3815805,True,0
"00001.HK","2025-11-04",52.20000076293945,52.650001525878906,51.599998474121094,51.79999923706055,NULL,4660428,True,0
"00001.HK","2025-11-05",51.900001525878906,51.900001525878906,51.099998474121094,51.650001525878906,NULL,4308346,True,0
"00001.HK","2025-11-06",52.0,52.70000076293945,51.900001525878906,52.54999923706055,NULL,6232250,True,0
"00001.HK","2025-11-07",52.54999923706055,52.849998474121094,52.25,52.54999923706055,NULL,6314606,True,0
"00001.HK","2025-11-10",52.79999923706055,52.95000076293945,52.54999923706055,52.900001525878906,NULL,4504070,True,0
"00001.HK","2025-11-11",53.099998474121094,53.400001525878906,52.70000076293945,53.04999923706055,NULL,5033370,True,0
"00001.HK","2025-11-12",53.400001525878906,55.25,53.099998474121094,55.25,NULL,15442067,True,0
"00001.HK","2025-11-13",55.29999923706055,55.900001525878906,54.70000076293945,55.04999923706055,NULL,7558834,True,0
"00001.HK","2025-11-14",55.04999923706055,55.04999923706055,54.349998474121094,54.54999923706055,NULL,5995034,True,0
"00001.HK","2025-11-17",54.54999923706055,54.849998474121094,54.29999923706055,54.599998474121094,NULL,4958504,True,0
"00001.HK","2025-11-18",54.20000076293945,54.45000076293945,53.150001525878906,53.349998474121094,NULL,4558809,True,0
"00001.HK","2025-11-19",53.29999923706055,53.70000076293945,53.150001525878906,53.29999923706055,NULL,2994581,True,0
"00001.HK","2025-11-20",53.95000076293945,53.95000076293945,53.25,53.45000076293945,NULL,3141188,True,0
"00001.HK","2025-11-21",53.20000076293945,53.79999923706055,52.5,53.45000076293945,NULL,8833769,True,0
"00001.HK","2025-11-24",54.099998474121094,55.5,53.95000076293945,54.70000076293945,NULL,14846685,True,0
"00001.HK","2025-11-25",55.0,55.150001525878906,54.45000076293945,54.79999923706055,NULL,5487228,True,0
"00001.HK","2025-11-26",55.099998474121094,55.45000076293945,54.599998474121094,55.20000076293945,NULL,6974709,True,0
"00001.HK","2025-11-27",55.20000076293945,55.29999923706055,54.70000076293945,54.900001525878906,NULL,4235891,True,0
"00001.HK","2025-11-28",55.04999923706055,55.400001525878906,54.75,54.95000076293945,NULL,3576177,True,0
"00001.HK","2025-12-01",55.25,56.0,54.95000076293945,55.900001525878906,NULL,6280267,True,0
"00001.HK","2025-12-02",56.20000076293945,57.400001525878906,55.900001525878906,56.849998474121094,NULL,9873496,True,0
"00001.HK","2025-12-03",56.599998474121094,57.20000076293945,56.5,57.150001525878906,NULL,5462762,True,0
"00001.HK","2025-12-04",57.400001525878906,57.75,57.150001525878906,57.5,NULL,5907629,True,0
"00001.HK","2025-12-05",57.54999923706055,57.54999923706055,56.099998474121094,56.099998474121094,NULL,9349076,True,0
"00001.HK","2025-12-08",56.04999923706055,56.20000076293945,55.0,55.099998474121094,NULL,7053521,True,0
"00001.HK","2025-12-09",55.20000076293945,55.650001525878906,54.04999923706055,54.45000076293945,NULL,7629896,True,0
"00001.HK","2025-12-10",54.20000076293945,54.45000076293945,53.900001525878906,54.25,NULL,5581353,True,0
"00001.HK","2025-12-11",54.04999923706055,54.650001525878906,53.79999923706055,54.04999923706055,NULL,7041296,True,0
"00001.HK","2025-12-12",54.54999923706055,55.5,54.349998474121094,55.400001525878906,NULL,6600938,True,0
"00001.HK","2025-12-15",54.79999923706055,55.150001525878906,54.650001525878906,54.75,NULL,3703909,True,0
"00001.HK","2025-12-16",54.75,54.79999923706055,53.20000076293945,53.599998474121094,NULL,6662482,True,0
"00001.HK","2025-12-17",53.599998474121094,54.099998474121094,53.29999923706055,54.04999923706055,NULL,5700532,True,0
"00001.HK","2025-12-18",54.04999923706055,54.29999923706055,53.79999923706055,54.099998474121094,NULL,5452258,True,0
"00001.HK","2025-12-19",54.20000076293945,54.70000076293945,53.79999923706055,54.70000076293945,NULL,9736624,True,0
"00001.HK","2025-12-22",54.70000076293945,55.0,54.04999923706055,54.5,NULL,3557496,True,0
"00001.HK","2025-12-23",54.400001525878906,55.099998474121094,54.349998474121094,55.0,NULL,3147067,True,0
"00001.HK","2025-12-24",55.150001525878906,55.150001525878906,55.150001525878906,55.150001525878906,NULL,0,True,0
"00001.HK","2025-12-29",55.29999923706055,55.29999923706055,52.95000076293945,53.45000076293945,NULL,8774884,True,0
"00001.HK","2025-12-30",53.45000076293945,53.45000076293945,52.54999923706055,53.25,NULL,7243509,True,0
"00001.HK","2025-12-31",52.79999923706055,52.79999923706055,52.79999923706055,52.79999923706055,NULL,0,True,0
"00001.HK","2026-01-02",53.0,54.099998474121094,52.95000076293945,54.0,NULL,4093491,True,0
"00001.HK","2026-01-05",53.900001525878906,54.0,52.70000076293945,53.599998474121094,NULL,7425766,True,0
"00001.HK","2026-01-06",54.0,55.400001525878906,53.79999923706055,55.349998474121094,NULL,8590646,True,0
"00001.HK","2026-01-07",55.599998474121094,55.599998474121094,54.54999923706055,54.70000076293945,NULL,4814958,True,0
"00001.HK","2026-01-08",54.79999923706055,55.099998474121094,54.599998474121094,55.099998474121094,NULL,5429241,True,0
"00001.HK","2026-01-09",55.400001525878906,57.150001525878906,55.25,57.150001525878906,NULL,11028764,True,0
"00001.HK","2026-01-12",57.20000076293945,58.70000076293945,57.20000076293945,58.650001525878906,NULL,14699673,True,0
"00001.HK","2026-01-13",58.650001525878906,59.45000076293945,58.54999923706055,59.20000076293945,NULL,11650652,True,0
"00001.HK","2026-01-14",59.599998474121094,59.79999923706055,58.54999923706055,59.25,NULL,12961619,True,0
"00001.HK","2026-01-15",59.20000076293945,59.75,58.400001525878906,59.45000076293945,NULL,9597261,True,0
"00001.HK","2026-01-16",60.75,61.150001525878906,59.79999923706055,60.5,NULL,12194402,True,0
"00001.HK","2026-01-19",62.0,62.0,60.0,60.20000076293945,NULL,8854133,True,0
"00001.HK","2026-01-20",59.79999923706055,62.150001525878906,59.099998474121094,60.849998474121094,NULL,13926303,True,0
"00001.HK","2026-01-21",60.70000076293945,61.650001525878906,60.70000076293945,61.349998474121094,NULL,8149379,True,0
"00001.HK","2026-01-22",62.25,62.650001525878906,61.5,61.95000076293945,NULL,9996047,True,0
"00001.HK","2026-01-23",62.20000076293945,62.95000076293945,61.95000076293945,62.79999923706055,NULL,13127204,True,0
"00001.HK","2026-01-26",63.79999923706055,65.69999694824219,63.45000076293945,65.0,NULL,20200224,True,0
"00001.HK","2026-01-27",64.80000305175781,65.5999984741211,63.849998474121094,65.30000305175781,NULL,10829331,True,0
"00001.HK","2026-01-28",66.0,66.5,65.25,66.30000305175781,NULL,11469302,True,0
"00001.HK","2026-01-29",65.44999694824219,66.44999694824219,65.4000015258789,66.30000305175781,NULL,8030035,True,0
"00001.HK","2026-01-30",65.4000015258789,66.0999984741211,62.54999923706055,63.25,NULL,22670423,True,0
"00001.HK","2026-02-02",62.599998474121094,62.849998474121094,60.599998474121094,61.5,NULL,19724346,True,0
"00001.HK","2026-02-03",62.0,64.0999984741211,61.75,64.0,NULL,12132864,True,0
"00001.HK","2026-02-04",64.0,65.55000305175781,64.0,65.30000305175781,NULL,11413626,True,0
"00001.HK","2026-02-05",65.30000305175781,65.75,64.55000305175781,65.75,NULL,12497274,True,0
"00001.HK","2026-02-06",65.19999694824219,65.3499984741211,64.25,64.4000015258789,NULL,7754115,True,0
"00001.HK","2026-02-09",65.0,65.30000305175781,NULL,65.25,NULL,6809418,True,95099
"00001.HK","2026-02-10",65.69999694824219,65.9000015258789,NULL,64.4000015258789,NULL,10702781,True,95100
"00001.HK","2026-02-11",64.55000305175781,64.8499984741211,NULL,64.05000305175781,NULL,6734261,True,95101
"00001.HK","2026-02-12",64.5999984741211,64.80000305175781,NULL,63.5,NULL,8133495,True,95102
"00001.HK","2026-02-13",62.29999923706055,63.900001525878906,NULL,63.5,NULL,5503587,True,95103
"00001.HK","2026-02-16",63.70000076293945,63.70000076293945,NULL,63.70000076293945,NULL,0,True,95104
"00001.HK","2026-02-20",64.0999984741211,64.3499984741211,NULL,63.20000076293945,NULL,11469855,True,95105
"00001.HK","2026-02-23",63.900001525878906,64.8499984741211,NULL,64.25,NULL,6804553,True,95106
"00001.HK","2026-02-24",64.1500015258789,64.25,NULL,62.54999923706055,NULL,10312425,True,95107
"00001.HK","2026-02-25",62.25,62.45000076293945,NULL,62.0,NULL,8479178,True,95108
"00001.HK","2026-02-26",63.5,64.9000015258789,NULL,64.80000305175781,NULL,14442042,True,95109
"00001.HK","2026-02-27",64.19999694824219,64.5999984741211,NULL,64.4000015258789,NULL,8478793,True,95110
"00001.HK","2026-03-02",63.79999923706055,63.900001525878906,NULL,62.650001525878906,NULL,9928058,True,95111
"00001.HK","2026-03-03",63.0,63.70000076293945,NULL,62.650001525878906,NULL,9277633,True,95112
"00001.HK","2026-03-04",61.95000076293945,62.29999923706055,NULL,59.849998474121094,NULL,13529763,True,95113
"00001.HK","2026-03-05",61.0,62.099998474121094,NULL,61.150001525878906,NULL,10132701,True,95114
"00001.HK","2026-03-06",60.900001525878906,61.54999923706055,NULL,61.54999923706055,NULL,10260134,True,95115
"00001.HK","2026-03-09",60.25,60.25,NULL,58.79999923706055,NULL,16042296,True,95116
"00001.HK","2026-03-10",59.099998474121094,60.099998474121094,NULL,60.0,NULL,13679050,True,95117
"00001.HK","2026-03-11",60.20000076293945,60.650001525878906,NULL,60.04999923706055,NULL,6493671,True,95118
"00001.HK","2026-03-12",60.04999923706055,60.20000076293945,NULL,59.20000076293945,NULL,7188624,True,95119
"00001.HK","2026-03-13",58.599998474121094,58.75,NULL,58.25,NULL,5899810,True,95120
"00001.HK","2026-03-16",58.25,59.150001525878906,NULL,58.95000076293945,NULL,4341511,True,95121
"00001.HK","2026-03-17",59.099998474121094,60.099998474121094,NULL,59.099998474121094,NULL,4394212,True,95122
"00001.HK","2026-03-18",59.20000076293945,61.29999923706055,NULL,60.95000076293945,NULL,9732018,True,95123
"00001.HK","2026-03-19",60.0,60.79999923706055,NULL,59.95000076293945,NULL,6256553,True,95124
"00001.HK","2026-03-20",61.0,62.400001525878906,NULL,60.29999923706055,NULL,28410422,True,95125
"00001.HK","2026-03-23",59.400001525878906,59.599998474121094,NULL,58.04999923706055,NULL,10738521,True,95126
"00001.HK","2026-03-24",58.599998474121094,59.0,NULL,58.95000076293945,NULL,10043543,True,95127
"00001.HK","2026-03-25",59.70000076293945,60.70000076293945,NULL,60.29999923706055,NULL,9203665,True,95128
"00001.HK","2026-03-26",60.599998474121094,60.599998474121094,NULL,59.20000076293945,NULL,4126351,True,95129
"00001.HK","2026-03-27",58.599998474121094,59.45000076293945,NULL,59.150001525878906,NULL,4877483,True,95130
"00001.HK","2026-03-30",57.75,59.20000076293945,NULL,59.04999923706055,NULL,5905714,True,95131
"00001.HK","2026-03-31",59.25,60.0,NULL,59.599998474121094,NULL,7460871,True,95132
"00001.HK","2026-04-01",60.900001525878906,61.599998474121094,NULL,60.95000076293945,NULL,5769043,True,95133
"00001.HK","2026-04-02",61.0,61.900001525878906,NULL,60.75,NULL,5638598,True,95134
"00001.HK","2026-04-08",62.29999923706055,63.349998474121094,NULL,63.099998474121094,NULL,14018614,True,95135
"00001.HK","2026-04-09",62.79999923706055,63.099998474121094,NULL,63.0,NULL,5319402,True,95136
"00001.HK","2026-04-10",63.650001525878906,64.0999984741211,NULL,64.0999984741211,NULL,6969475,True,95137
"00001.HK","2026-04-13",63.5,63.70000076293945,NULL,63.400001525878906,NULL,4518286,True,95138
"00001.HK","2026-04-14",64.30000305175781,64.5999984741211,NULL,64.05000305175781,NULL,5149570,True,95139
"00001.HK","2026-04-15",62.742190855577405,62.98651404030497,NULL,62.49787139892578,NULL,6226308,True,96784
"00001.HK","2026-04-16",62.88878346312793,63.52402520642246,NULL,62.59560012817383,NULL,6734457,True,96785
"00001.HK","2026-04-17",62.3512732262272,63.084246475915535,NULL,62.59560012817383,NULL,8773682,True,96786
"00001.HK","2026-04-20",62.742191314697266,63.035382120976536,NULL,62.742191314697266,NULL,4829832,True,96787
"00001.HK","2026-04-21",62.937653680895934,63.426300048828125,NULL,63.426300048828125,NULL,6499211,True,96788
"00001.HK","2026-04-22",63.23083688139775,63.32857211967912,NULL,63.03538131713867,NULL,5861841,True,96789
"00001.HK","2026-04-23",63.27970504760742,63.81721903819458,NULL,63.27970504760742,NULL,5376540,True,96790
"00001.HK","2026-04-24",63.03537916863102,63.768348693847656,NULL,63.768348693847656,NULL,4235721,True,96791
"00001.HK","2026-04-27",63.524025754573096,63.81721654820869,NULL,63.2308349609375,NULL,5879982,True,96792
"00001.HK","2026-04-28",63.52402535806097,63.914943928417806,NULL,63.3774299621582,NULL,5317224,True,96793
"00001.HK","2026-04-29",63.52402848708463,64.45245361328125,NULL,64.45245361328125,NULL,8281742,True,96794
"00001.HK","2026-04-30",63.96380617701109,63.96380617701109,NULL,63.57289505004883,NULL,7239629,True,96795
"00001.HK","2026-05-04",64.11040212825704,64.45245309536234,NULL,63.81721878051758,NULL,5391149,True,96796
"00001.HK","2026-05-05",63.133105503398625,66.89568082221975,NULL,66.45590209960938,NULL,14936800,True,96797
"00001.HK","2026-05-06",67.38432876038152,68.99686320847464,NULL,68.50821685791016,NULL,17700803,True,96798
"00001.HK","2026-05-07",68.94800488061227,71.53782464255266,NULL,71.34236907958984,NULL,19357754,True,96799
"00001.HK","2026-05-08",70.80485430831541,71.87988226108844,NULL,71.63555908203125,NULL,16064657,True,96800
"00001.HK","2026-05-11",71.3423714089995,71.68442238342867,NULL,71.00032043457031,NULL,7155065,True,96801
"00001.HK","2026-05-12",71.83101376860199,71.83101376860199,NULL,70.6093978881836,NULL,7928211,True,96802
"00001.HK","2026-05-13",70.51166781303289,71.24463731741753,NULL,70.95144653320312,NULL,8087527,True,96803
"00001.HK","2026-05-14",71.29350200721537,72.17306695959321,NULL,71.5866928100586,NULL,4532809,True,96804
"00001.HK","2026-05-15",71.53782329294324,72.661711399156,NULL,71.3912353515625,NULL,8595749,True,96805
"00001.HK","2026-05-18",72.02647225320186,72.02647225320186,NULL,70.51167297363281,NULL,7126615,True,96806
"00001.HK","2026-05-19",69.925298531952,70.36507728250692,NULL,69.7298355102539,NULL,6660759,True,96807
"00001.HK","2026-05-20",69.29005880712104,69.97416076289889,NULL,69.92530059814453,NULL,12718175,True,96808
"00001.HK","2026-05-21",69.8275598673584,69.97415526240218,NULL,69.58323669433594,NULL,8514799,True,96809
"00001.HK","2026-05-22",70.5116682062535,70.85371915231023,NULL,70.4139404296875,NULL,8065119,True,96810
"00001.HK","2026-05-26",70.2673493818732,70.36507716448239,NULL,68.94800567626953,NULL,8734314,True,96811
"00001.HK","2026-05-27",70.30000305175781,70.30000305175781,NULL,67.5,NULL,7312551,True,96812
"00001.HK","2026-05-28",68.30000305175781,70.1500015258789,NULL,69.1500015258789,NULL,10829045,True,96813
"00001.HK","2026-05-29",69.30000305175781,70.69999694824219,NULL,70.44999694824219,NULL,15828801,True,96814
"00001.HK","2026-06-01",69.80000305175781,70.0,NULL,69.30000305175781,NULL,9282578,True,96815
"00001.HK","2026-06-02",69.30000305175781,70.05000305175781,NULL,69.94999694824219,NULL,7178956,True,96816
"00001.HK","2026-06-03",69.94999694824219,70.19999694824219,NULL,69.5999984741211,NULL,5933550,True,96817
"00001.HK","2026-06-04",69.4000015258789,69.4000015258789,NULL,68.69999694824219,NULL,4795564,True,96818
"00001.HK","2026-06-05",68.80000305175781,69.19999694824219,NULL,68.19999694824219,NULL,7757909,True,96819
"00001.HK","2026-06-08",67.69999694824219,67.8499984741211,NULL,67.6500015258789,NULL,4757931,True,96820
"00001.HK","2026-06-09",67.05000305175781,67.55000305175781,NULL,66.8499984741211,NULL,8837112,True,96821
"00001.HK","2026-06-10",66.8499984741211,67.30000305175781,NULL,66.25,NULL,8390207,True,96822
"00001.HK","2026-06-11",66.19999694824219,67.69999694824219,NULL,67.55000305175781,NULL,8546272,True,96823
"00001.HK","2026-06-12",68.0999984741211,69.69999694824219,NULL,69.44999694824219,NULL,10160015,True,96824
"00001.HK","2026-06-15",69.8499984741211,70.6500015258789,NULL,70.05000305175781,NULL,6303726,True,96825
"00001.HK","2026-06-16",70.0,70.3499984741211,NULL,70.05000305175781,NULL,5286762,True,96826
"00001.HK","2026-06-17",70.0,70.3499984741211,NULL,69.05000305175781,NULL,5653209,True,96827
"00001.HK","2026-06-18",69.80000305175781,69.94999694824219,NULL,69.44999694824219,NULL,13337689,True,96828
"00001.HK","2026-06-22",68.8499984741211,69.44999694824219,NULL,68.5,NULL,6992932,True,96829
"00001.HK","2026-06-23",69.0,69.44999694824219,NULL,67.0,NULL,4880844,True,96830
"00001.HK","2026-06-24",67.4000015258789,68.05000305175781,NULL,67.75,NULL,8073366,True,96831
"00001.HK","2026-06-25",68.3499984741211,69.0,NULL,68.5,NULL,8989749,True,96832
"00001.HK","2026-06-26",69.19999694824219,69.44999694824219,NULL,67.25,NULL,6202769,True,96833
"00001.HK","2026-06-29",67.25,67.80000305175781,NULL,67.0,NULL,5106181,True,96834
"00001.HK","2026-06-30",67.75,67.75,NULL,66.25,NULL,8601466,True,97411
"00001.HK","2026-07-02",66.6500015258789,66.6500015258789,NULL,65.0,NULL,11572833,True,97439
"00001.HK","2026-07-03",65.0999984741211,66.25,NULL,65.5999984741211,NULL,5716693,True,97443
"00001.HK","2026-07-06",66.0,66.0,NULL,64.69999694824219,NULL,5435540,True,97452
"00001.HK","2026-07-07",64.69999694824219,64.94999694824219,NULL,64.30000305175781,NULL,6025272,True,97464
"00001.HK","2026-07-08",63.75,65.0999984741211,NULL,65.0,NULL,6010631,True,97475
"00001.HK","2026-07-09",64.94999694824219,65.94999694824219,NULL,65.0999984741211,NULL,4470123,True,97486
"00001.HK","2026-07-10",66.8499984741211,70.5999984741211,NULL,70.0,NULL,14013825,True,97496
"00001.HK","2026-07-13",70.0,70.3499984741211,NULL,68.80000305175781,NULL,7710712,True,97507
"00001.HK","2026-07-14",68.5,70.44999694824219,NULL,70.4000015258789,NULL,10756793,True,97518
"00001.HK","2026-07-15",70.5999984741211,71.8499984741211,NULL,71.6500015258789,NULL,7984659,True,97659
"00001.HK","2026-07-16",71.6500015258789,72.0999984741211,NULL,70.44999694824219,NULL,6985669,True,97790
"00001.HK","2026-07-17",71.3499984741211,71.5,NULL,70.80000305175781,NULL,5552160,True,97801
"00001.HK","2026-07-20",71.44999694824219,71.69999694824219,NULL,70.5,NULL,5122610,True,97852
"00001.HK","2026-07-21",71.19999694824219,71.3499984741211,NULL,71.3499984741211,NULL,4470724,True,97862
"00001.HK","2026-07-22",71.3499984741211,72.0999984741211,NULL,71.44999694824219,NULL,6139543,True,97873
"00001.HK","2026-07-23",71.3499984741211,73.19999694824219,NULL,72.8499984741211,NULL,6659312,True,97884
"00001.HK","2026-07-24",72.8499984741211,72.8499984741211,NULL,72.0,NULL,4280065,True,97895
"00001.HK","2026-07-27",71.5,72.6500015258789,NULL,72.5999984741211,NULL,5544752,True,97905
"00001.HK","2026-07-28",72.5999984741211,72.6500015258789,NULL,72.4000015258789,NULL,4395681,True,97916
"00001.HK","2026-07-29",72.4000015258789,73.0,NULL,72.55000305175781,NULL,6880029,True,97917
"00001.HK","2026-07-30",72.8499984741211,73.19999694824219,NULL,72.94999694824219,NULL,9419153,True,0
"00001.HK","2026-07-31",72.94999694824219,74.0,NULL,73.5999984741211,NULL,8475307,True,97945
"00005.HK","2024-01-02",63.400002,63.400002,62.549999,62.950001,62.950001,11300472,True,74334
"00005.HK","2024-01-03",62.150002,62.700001,61.849998,62.700001,62.700001,11954042,True,74365
"00005.HK","2024-01-04",62.049999,62.400002,61.750000,62.200001,62.200001,15352782,True,74395
"00005.HK","2024-01-05",62.000000,62.750000,61.900002,62.349998,62.349998,9448999,True,74427
"00005.HK","2024-01-08",63.000000,63.400002,62.299999,62.650002,62.650002,18366385,True,74457
"00005.HK","2024-01-09",63.549999,63.849998,63.400002,63.450001,63.450001,22773093,True,74489
"00005.HK","2024-01-10",62.849998,63.349998,62.750000,62.900002,62.900002,14047387,True,74519
"00005.HK","2024-01-11",62.750000,63.299999,62.549999,63.000000,63.000000,9479944,True,74551
"00005.HK","2024-01-12",61.500000,61.650002,61.099998,61.500000,61.500000,25360105,True,74581
"00005.HK","2024-01-15",61.099998,61.400002,60.849998,60.950001,60.950001,15966084,True,74600
"00005.HK","2024-01-16",59.599998,59.700001,59.099998,59.099998,59.099998,32140858,True,74628
"00005.HK","2024-01-17",58.799999,58.900002,57.799999,57.950001,57.950001,22319020,True,74659
"00005.HK","2024-01-18",57.950001,58.900002,57.799999,58.549999,58.549999,19560544,True,74689
"00005.HK","2024-01-19",58.900002,59.150002,58.349998,58.650002,58.650002,13658299,True,74721
"00005.HK","2024-01-22",59.049999,59.049999,57.900002,58.500000,58.500000,16322492,True,74752
"00005.HK","2024-01-23",59.099998,59.650002,58.950001,59.200001,59.200001,17567512,True,74784
"00005.HK","2024-01-24",59.099998,60.049999,59.099998,59.950001,59.950001,15688743,True,74814
"00005.HK","2024-01-25",59.950001,60.849998,59.650002,60.400002,60.400002,15648819,True,74846
"00005.HK","2024-01-26",60.450001,60.750000,60.349998,60.700001,60.700001,11265141,True,74876
"00005.HK","2024-01-29",61.000000,61.650002,61.000000,61.349998,61.349998,17498829,True,74908
"00005.HK","2024-01-30",61.200001,61.500000,60.750000,61.349998,61.349998,17307137,True,74938
"00005.HK","2024-01-31",61.599998,61.599998,61.099998,61.250000,61.250000,10601021,True,74970
"00005.HK","2024-02-01",61.349998,61.450001,60.750000,60.900002,60.900002,12401886,True,75000
"00005.HK","2024-02-02",61.000000,61.599998,60.900002,61.349998,61.349998,12338764,True,75032
"00005.HK","2024-02-05",60.700001,61.349998,60.450001,61.049999,61.049999,13776855,True,75062
"00005.HK","2024-02-06",60.900002,61.849998,60.750000,61.700001,61.700001,18917095,True,75094
"00005.HK","2024-02-07",62.000000,62.549999,61.799999,62.150002,62.150002,18416220,True,75124
"00005.HK","2024-02-08",62.000000,62.200001,61.450001,61.650002,61.650002,14559381,True,75156
"00005.HK","2024-02-09",61.049999,61.400002,60.650002,61.349998,61.349998,8378605,True,75186
"00005.HK","2024-02-14",59.900002,60.950001,59.700001,60.799999,60.799999,13618634,True,75248
"00005.HK","2024-02-15",59.900002,61.599998,60.549999,61.349998,61.349998,10957515,True,75279
"00005.HK","2024-02-16",61.750000,62.150002,61.549999,61.950001,61.950001,15013494,True,75309
"00005.HK","2024-02-19",62.500000,62.750000,62.349998,62.400002,62.400002,25517362,True,75328
"00005.HK","2024-02-20",62.599998,62.849998,62.450001,62.650002,62.650002,16713234,True,75356
"00005.HK","2024-02-21",63.349998,63.450001,60.049999,60.250000,60.250000,71097052,True,75388
"00005.HK","2024-02-22",58.750000,59.750000,58.599998,59.599998,59.599998,49445320,True,75418
"00005.HK","2024-02-23",58.950001,59.450001,58.799999,59.250000,59.250000,34829496,True,75450
"00005.HK","2024-02-26",59.500000,59.750000,59.299999,59.700001,59.700001,24469894,True,75480
"00005.HK","2024-02-27",59.400002,59.650002,59.250000,59.650002,59.650002,25551648,True,75512
"00005.HK","2024-02-28",59.900002,60.450001,59.750000,59.750000,59.750000,36228955,True,75542
"00005.HK","2024-02-29",60.150002,60.849998,60.150002,60.250000,60.250000,25653195,True,75574
"00005.HK","2024-03-01",60.849998,61.349998,60.700001,61.200001,61.200001,30001079,True,75604
"00005.HK","2024-03-04",60.849998,60.950001,60.500000,60.650002,60.650002,32145143,True,75636
"00005.HK","2024-03-05",60.450001,60.950001,59.900002,60.049999,60.049999,25881330,True,75666
"00005.HK","2024-03-06",60.549999,60.950001,60.299999,60.500000,60.189999,27812425,True,75722
"00005.HK","2024-03-07",58.750000,59.099998,58.500000,58.500000,58.500000,16713725,True,75723
"00005.HK","2024-03-08",58.900002,59.250000,58.799999,58.799999,58.799999,15393017,True,75760
"00005.HK","2024-03-11",58.599998,58.750000,58.299999,58.349998,58.349998,15094282,True,75790
"00005.HK","2024-03-12",58.200001,58.900002,58.099998,58.750000,58.750000,24073029,True,75822
"00005.HK","2024-03-13",58.900002,59.799999,58.900002,59.299999,59.299999,17936453,True,75852
"00005.HK","2024-03-14",59.200001,59.450001,59.000000,59.049999,59.049999,9212019,True,75884
"00005.HK","2024-03-15",58.650002,58.750000,58.200001,58.549999,58.549999,15941514,True,75914
"00005.HK","2024-03-18",59.349998,59.700001,59.200001,59.599998,59.599998,18151375,True,75946
"00005.HK","2024-03-19",59.599998,59.650002,59.349998,59.500000,59.500000,12611322,True,75976
"00005.HK","2024-03-20",59.799999,59.849998,59.599998,59.599998,59.599998,10591308,True,76008
"00005.HK","2024-03-21",60.150002,61.099998,60.150002,60.900002,60.900002,32880101,True,76038
"00005.HK","2024-03-22",61.200001,61.450001,60.500000,60.950001,60.950001,23199039,True,76070
"00005.HK","2024-03-25",61.299999,61.599998,61.049999,61.200001,61.200001,17877422,True,76100
"00005.HK","2024-03-26",61.549999,62.000000,61.549999,61.750000,61.750000,23896222,True,76132
"00005.HK","2024-03-27",61.599998,61.799999,61.099998,61.099998,61.099998,25255202,True,76162
"00005.HK","2024-03-28",61.099998,61.599998,60.950001,61.150002,61.150002,11974126,True,76194
"00005.HK","2024-04-02",61.400002,62.349998,61.400002,61.900002,61.900002,28990927,True,76239
"00005.HK","2024-04-03",61.349998,61.400002,61.049999,61.400002,61.400002,16279531,True,76271
"00005.HK","2024-04-05",62.849998,63.000000,62.549999,62.750000,62.750000,34483646,True,76316
"00005.HK","2024-04-08",63.150002,63.500000,63.000000,63.200001,63.200001,26942787,True,76348
"00005.HK","2024-04-09",63.799999,64.150002,63.650002,63.900002,63.900002,23874492,True,76378
"00005.HK","2024-04-10",64.000000,65.000000,63.900002,64.800003,64.800003,31018719,True,76410
"00005.HK","2024-04-11",65.000000,65.000000,64.500000,64.849998,64.849998,21292507,True,76440
"00005.HK","2024-04-12",63.799999,63.900002,63.000000,63.799999,63.799999,24244587,True,76472
"00005.HK","2024-04-15",63.349998,63.900002,63.099998,63.849998,63.849998,14775461,True,76502
"00005.HK","2024-04-16",62.849998,63.099998,62.200001,62.400002,62.400002,26138092,True,76534
"00005.HK","2024-04-17",61.799999,62.150002,61.700001,62.150002,62.150002,16830313,True,76564
"00005.HK","2024-04-18",62.150002,62.799999,61.799999,62.650002,62.650002,17710630,True,76596
"00005.HK","2024-04-19",61.950001,62.049999,61.250000,61.849998,61.849998,27750546,True,76626
"00005.HK","2024-04-22",63.099998,63.549999,62.849998,63.400002,63.400002,27849271,True,76658
"00005.HK","2024-04-23",64.550003,64.699997,64.000000,64.250000,64.250000,30252026,True,76688
"00005.HK","2024-04-24",64.849998,64.900002,64.500000,64.699997,64.699997,30289113,True,76720
"00005.HK","2024-04-25",64.449997,64.900002,64.250000,64.750000,64.750000,19488176,True,76750
"00005.HK","2024-04-26",64.800003,65.000000,64.599998,64.949997,64.949997,24404160,True,76782
"00005.HK","2024-04-29",65.050003,65.599998,64.900002,65.550003,65.550003,31462055,True,76812
"00005.HK","2024-04-30",65.400002,67.050003,65.199997,67.000000,67.000000,39704597,True,76844
"00005.HK","2024-05-02",68.000000,69.250000,67.949997,69.250000,69.250000,43579704,True,76889
"00005.HK","2024-05-03",69.400002,69.449997,69.050003,69.349998,69.349998,19885139,True,76921
"00005.HK","2024-05-06",69.349998,69.449997,68.800003,69.199997,69.199997,22339805,True,76951
"00005.HK","2024-05-07",69.400002,69.849998,69.050003,69.699997,69.699997,28297946,True,76983
"00005.HK","2024-05-08",70.000000,70.699997,69.800003,70.349998,70.349998,49459810,True,77013
"00005.HK","2024-05-09",68.000000,68.550003,67.500000,67.699997,67.699997,53440647,True,77045
"00005.HK","2024-05-10",67.699997,68.199997,67.250000,68.000000,68.000000,35328064,True,77075
"00005.HK","2024-05-13",67.849998,68.099998,67.500000,68.099998,68.099998,16953835,True,77107
"00005.HK","2024-05-14",68.199997,69.250000,68.150002,68.949997,68.949997,25064742,True,77137
"00005.HK","2024-05-16",69.349998,70.099998,69.099998,70.099998,70.099998,36702753,True,77184
"00005.HK","2024-05-17",69.000000,69.000000,67.849998,68.550003,68.550003,36779017,True,77215
"00005.HK","2024-05-20",68.550003,69.250000,68.400002,68.849998,68.849998,18311487,True,77250
"00005.HK","2024-05-21",68.599998,69.000000,68.300003,68.599998,68.599998,13259025,True,77282
"00005.HK","2024-05-22",69.250000,69.500000,68.949997,69.500000,69.500000,19367138,True,77312
"00005.HK","2024-05-23",68.900002,69.300003,68.750000,69.000000,69.000000,12404031,True,77344
"00005.HK","2024-05-24",68.650002,69.000000,68.150002,68.500000,68.500000,14112421,True,77369
"00005.HK","2024-05-27",69.000000,69.349998,68.800003,68.900002,68.900002,11012694,True,77388
"00005.HK","2024-05-28",68.900002,69.150002,68.550003,68.900002,68.900002,11863527,True,77416
"00005.HK","2024-05-29",68.500000,68.550003,68.150002,68.500000,68.500000,13936381,True,77450
"00005.HK","2024-05-30",68.300003,68.449997,67.599998,68.150002,68.150002,21147727,True,77616
"00005.HK","2024-05-31",68.750000,69.099998,68.449997,68.650002,68.650002,13444621,True,77617
"00005.HK","2024-06-03",69.349998,69.800003,69.150002,69.150002,69.150002,14642150,True,77618
"00005.HK","2024-06-04",69.250000,69.500000,68.500000,68.500000,68.500000,12942557,True,77619
"00005.HK","2024-06-05",68.699997,69.000000,67.800003,68.099998,68.099998,17486418,True,77620
"00005.HK","2024-06-06",68.199997,68.750000,68.199997,68.500000,68.500000,15135605,True,77621
"00005.HK","2024-06-07",69.000000,69.199997,68.650002,68.750000,68.750000,25593633,True,77622
"00005.HK","2024-06-11",68.500000,68.849998,68.050003,68.500000,68.500000,19300273,True,80246
"00005.HK","2024-06-12",67.449997,68.150002,66.900002,68.150002,68.150002,21324484,True,80247
"00005.HK","2024-06-13",68.000000,68.150002,67.400002,67.900002,67.900002,13649626,True,80248
"00005.HK","2024-06-14",67.250000,67.650002,66.849998,67.150002,67.150002,15918209,True,80249
"00005.HK","2024-06-17",67.150002,68.000000,66.849998,67.599998,67.599998,12501801,True,80250
"00005.HK","2024-06-18",67.599998,68.300003,67.449997,67.949997,67.949997,12322662,True,80251
"00005.HK","2024-06-19",68.300003,68.849998,67.699997,68.550003,68.550003,17424979,True,80252
"00005.HK","2024-06-20",68.599998,68.900002,68.199997,68.500000,68.500000,11167283,True,80253
"00005.HK","2024-06-21",68.599998,68.650002,67.900002,68.150002,68.150002,16651890,True,80254
"00005.HK","2024-06-24",67.800003,67.900002,67.199997,67.849998,67.849998,19855470,True,80255
"00005.HK","2024-06-25",68.400002,68.599998,67.949997,68.400002,68.400002,17757619,True,80256
"00005.HK","2024-06-26",67.949997,68.699997,67.949997,68.300003,68.300003,14110286,True,80257
"00005.HK","2024-06-27",67.800003,68.300003,67.550003,68.300003,68.300003,15372794,True,80258
"00005.HK","2024-06-28",68.199997,68.750000,67.900002,68.300003,68.300003,13323685,True,80259
"00005.HK","2024-07-02",68.000000,68.699997,68.000000,68.250000,68.250000,19290655,True,80260
"00005.HK","2024-07-03",68.500000,68.849998,68.150002,68.150002,68.150002,14540763,True,80261
"00005.HK","2024-07-04",68.150002,69.250000,68.150002,68.849998,68.849998,18882109,True,80262
"00005.HK","2024-07-08",67.800003,67.800003,66.699997,67.099998,67.099998,30290715,True,80263
"00005.HK","2024-07-09",67.150002,67.349998,66.400002,66.750000,66.750000,27447629,True,80264
"00005.HK","2024-07-10",66.500000,67.050003,66.400002,66.500000,66.500000,14625523,True,80265
"00005.HK","2024-07-11",67.150002,67.550003,66.900002,67.250000,67.250000,11811664,True,80266
"00005.HK","2024-07-12",67.550003,68.050003,67.449997,67.900002,67.900002,17675651,True,80267
"00005.HK","2024-07-15",67.849998,67.849998,67.050003,67.500000,67.500000,10484128,True,80268
"00005.HK","2024-07-16",67.099998,67.400002,67.000000,67.099998,67.099998,12063903,True,80269
"00005.HK","2024-07-17",67.000000,67.500000,67.000000,67.199997,67.199997,9031967,True,80270
"00005.HK","2024-07-18",67.400002,68.199997,67.400002,67.800003,67.800003,11465970,True,80271
"00005.HK","2024-07-19",67.300003,67.300003,66.250000,66.349998,66.349998,22938967,True,80272
"00005.HK","2024-07-22",66.349998,67.199997,66.050003,67.099998,67.099998,11879329,True,80273
"00005.HK","2024-07-23",67.199997,67.449997,66.750000,66.800003,66.800003,11089428,True,80274
"00005.HK","2024-07-24",67.150002,67.150002,66.300003,66.650002,66.650002,11104661,True,80275
"00005.HK","2024-07-25",66.650002,66.949997,65.849998,66.000000,66.000000,13669321,True,80276
"00005.HK","2024-07-26",66.199997,66.449997,65.800003,66.250000,66.250000,11169474,True,80277
"00005.HK","2024-07-29",66.849998,67.500000,66.750000,67.300003,67.300003,14754837,True,80278
"00005.HK","2024-07-30",66.800003,67.099998,66.099998,66.849998,66.849998,19134790,True,80279
"00005.HK","2024-07-31",67.599998,69.949997,67.599998,69.949997,69.949997,56335320,True,80280
"00005.HK","2024-08-01",70.000000,70.000000,68.050003,68.250000,68.250000,33182376,True,80281
"00005.HK","2024-08-02",65.800003,66.050003,65.199997,65.750000,65.750000,52751180,True,80282
"00005.HK","2024-08-05",63.849998,63.849998,61.150002,62.049999,62.049999,78051535,True,80283
"00005.HK","2024-08-06",63.000000,63.500000,62.500000,62.799999,62.799999,28434786,True,80284
"00005.HK","2024-08-07",62.750000,63.349998,62.400002,63.049999,63.049999,21310804,True,80285
"00005.HK","2024-08-08",63.000000,63.150002,62.299999,62.849998,62.849998,20331304,True,80286
"00005.HK","2024-08-09",63.450001,64.449997,63.450001,63.950001,63.950001,22128125,True,80287
"00005.HK","2024-08-12",63.901311793502934,64.40054079188968,63.80146751735158,64.25077056884766,0,14396811,True,80755
"00005.HK","2024-08-13",64.40054240321795,64.55031263000728,64.05108361912963,64.35061645507812,0,8689897,True,80756
"00005.HK","2024-08-14",64.79992594722435,64.94969617126738,64.50038549913829,64.75,0,10939047,True,80757
"00005.HK","2024-08-15",64.19999694824219,64.80000305175781,63.849998474121094,64.5999984741211,0,14660551,True,80758
"00005.HK","2024-08-16",65.4000015258789,66.0999984741211,65.3499984741211,66.0,0,20655114,True,80759
"00005.HK","2024-08-19",66.25,66.55000305175781,65.9000015258789,66.25,0,10812337,True,80760
"00005.HK","2024-08-20",66.8499984741211,67.0999984741211,66.5999984741211,66.69999694824219,0,15217398,True,80761
"00005.HK","2024-08-21",66.0999984741211,66.25,65.5999984741211,66.19999694824219,0,8108865,True,80762
"00005.HK","2024-08-22",66.80000305175781,66.80000305175781,66.25,66.80000305175781,0,8923564,True,80763
"00005.HK","2024-08-23",66.6500015258789,67.0,66.44999694824219,66.8499984741211,0,8495221,True,80764
"00005.HK","2024-08-26",67.30000305175781,67.69999694824219,67.25,67.3499984741211,0,12054977,True,80765
"00005.HK","2024-08-27",67.5,68.0999984741211,67.44999694824219,68.0,0,16925486,True,80766
"00005.HK","2024-08-28",68.25,68.55000305175781,68.0,68.0999984741211,0,16090245,True,80767
"00005.HK","2024-08-29",68.0,68.3499984741211,67.5,68.25,0,16398847,True,80768
"00005.HK","2024-08-30",68.0,68.94999694824219,67.80000305175781,68.5999984741211,0,24198425,True,80769
"00005.HK","2024-09-02",67.80000305175781,68.3499984741211,67.80000305175781,68.3499984741211,0,17248746,True,80770
"00005.HK","2024-09-03",68.25,68.5999984741211,67.8499984741211,67.94999694824219,0,7373698,True,80771
"00005.HK","2024-09-04",67.25,67.30000305175781,66.5,67.05000305175781,0,18280522,True,80772
"00005.HK","2024-09-05",67.44999694824219,67.55000305175781,66.94999694824219,67.5,0,12106503,True,80773
"00005.HK","2024-09-09",66.44999694824219,67.05000305175781,66.4000015258789,67.05000305175781,0,18888242,True,80774
"00005.HK","2024-09-10",67.30000305175781,67.75,67.25,67.5,0,16977154,True,80775
"00005.HK","2024-09-11",66.44999694824219,66.80000305175781,65.75,66.55000305175781,0,22350902,True,80776
"00005.HK","2024-09-12",66.30000305175781,67.19999694824219,66.19999694824219,66.94999694824219,0,13728293,True,80777
"00005.HK","2024-09-13",67.3499984741211,67.80000305175781,67.0,67.30000305175781,0,12044509,True,80778
"00005.HK","2024-09-16",66.11906755827437,66.31614828079967,65.8234577512777,66.26687622070312,0,12030207,True,85257
"00005.HK","2024-09-17",66.41468128675176,67.25225363801205,66.2668726323269,67.15371704101562,0,19036822,True,85258
"00005.HK","2024-09-19",67.0059042941191,67.89274864864268,66.95663223970001,67.54786682128906,0,22332114,True,85259
"00005.HK","2024-09-20",67.84348000562956,68.38544256005129,67.79421546659327,67.9420166015625,0,29810317,True,85260
"00005.HK","2024-09-23",67.59713475686702,68.43470709908756,67.59713475686702,67.9420166015625,0,20309425,True,85261
"00005.HK","2024-09-24",68.87812975946517,69.07520294189453,68.63178452249845,69.07520294189453,0,54986765,True,85262
"00005.HK","2024-09-25",69.46936279713026,69.66643599650267,68.53325382332028,68.87813568115234,0,30430898,True,85263
"00005.HK","2024-09-26",68.38544222099674,69.02594136817581,68.13909697345558,68.97666931152344,0,34143710,True,85264
"00005.HK","2024-09-27",69.17374009600744,69.81423922090494,68.9766669119744,69.5678939819336,0,45551531,True,85265
"00005.HK","2024-09-30",69.42008972167969,69.96205228880763,68.92739921260358,69.42008972167969,0,36627980,True,85266
"00005.HK","2024-10-02",68.33616694996772,68.87812947620972,67.5971312421068,68.828857421875,0,44965355,True,85267
"00005.HK","2024-10-03",68.82886309523552,69.07520835149467,68.13909938485413,68.38544464111328,0,28395539,True,85268
"00005.HK","2024-10-04",68.38544222099674,69.07520590696784,68.18836151224761,68.97666931152344,0,25432846,True,85269
"00005.HK","2024-10-07",69.27228392503557,69.9620475842148,68.97666663232445,69.32154846191406,0,28464373,True,85270
"00005.HK","2024-10-08",69.518631648773,69.66643278255341,67.15371577610229,67.44932556152344,0,49019519,True,85271
"00005.HK","2024-10-09",67.30152072770603,67.7942111941816,66.41467638447804,66.80883026123047,0,40392267,True,85272
"00005.HK","2024-10-10",66.90737178959434,67.74494414085463,66.90737178959434,67.15371704101562,0,25163109,True,85273
"00005.HK","2024-10-14",67.4493252872834,67.74494258936292,66.66102501150517,67.2029800415039,0,18799525,True,85274
"00005.HK","2024-10-15",67.30152659500928,67.59713638994975,66.36541011637975,66.61175537109375,0,25680354,True,85275
"00005.HK","2024-10-16",66.56248786950057,67.15371495093835,66.51321581360565,66.71028900146484,0,14570282,True,85276
"00005.HK","2024-10-17",67.15371522801695,67.5971336614598,66.51321608804153,66.95663452148438,0,13061223,True,85277
"00005.HK","2024-10-18",67.40006129492866,68.13909703825495,67.40006129492866,67.69567108154297,0,19464178,True,85278
"00005.HK","2024-10-21",67.59714042499617,67.84348569441515,67.2522585513818,67.49860382080078,0,12089540,True,85279
"00005.HK","2024-10-22",67.20298623993665,67.5971401731105,66.95664097143562,67.25225830078125,0,9814428,True,85280
"00005.HK","2024-10-23",67.59713164066768,68.08982211547992,67.449322994652,67.7942123413086,0,12543650,True,85281
"00005.HK","2024-10-24",67.6956696557643,67.79421376708726,67.153714632789,67.74494171142578,0,8408504,True,85282
"00005.HK","2024-10-25",67.69567431190083,68.13910028977257,67.44932905237009,67.8434829711914,0,6907348,True,85283
"00005.HK","2024-10-28",67.74494816431583,68.1391020935713,67.49860289826377,68.04056549072266,0,7067319,True,85284
"00005.HK","2024-10-29",68.68105071242559,70.55327606201172,68.48397752525239,70.55327606201172,0,53518755,True,85285
"00005.HK","2024-10-30",70.9474302319198,71.24304753169689,70.10985790636501,70.79962158203125,0,29668622,True,85286
"00005.HK","2024-10-31",70.4547400180587,71.24304780862164,70.3562034237034,71.04596710205078,0,31326048,True,85287
"00005.HK","2024-11-01",70.45473946842512,70.8488933606317,70.30693081911512,70.55327606201172,0,12744884,True,85288
"00005.HK","2024-11-04",70.35620778035323,70.94743490095571,70.30693572119438,70.89816284179688,0,10916486,True,85289
"00005.HK","2024-11-05",70.94743695027395,71.34159088134766,70.7010916830855,71.34159088134766,0,13616661,True,85290
"00005.HK","2024-11-06",71.39084921680599,71.53865786783963,70.40546823372868,71.29231262207031,0,27558695,True,85291
"00005.HK","2024-11-07",71.21991295213918,72.2159956507705,71.12030620217763,72.06658172607422,0,21602026,True,85292
"00005.HK","2024-11-08",71.91716954083728,72.01678389271609,71.12030792236328,71.12030792236328,0,13611484,True,85293
"00005.HK","2024-11-11",69.17793870131791,70.12422180175781,69.02853237975535,70.12422180175781,0,19276724,True,85294
"00005.HK","2024-11-12",69.72578889261173,70.07441631717322,69.07833361870733,69.17794036865234,0,18903390,True,85295
"00005.HK","2024-11-13",68.72970619414585,69.27755471810525,68.43087834480293,69.17794036865234,0,15775499,True,85296
"00005.HK","2024-11-14",69.07833337222607,69.62618189423067,68.87911987304688,68.87911987304688,0,13077120,True,85297
"00005.HK","2024-11-15",69.42696380615234,69.8253984212962,69.17794312162596,69.42696380615234,0,11094803,True,85298
"00005.HK","2024-11-18",70.57245610749203,70.77167720248924,69.97480802151587,70.27363586425781,0,15540237,True,85299
"00005.HK","2024-11-19",71.12031066956334,71.36933135986328,70.82148280140007,71.36933135986328,0,14972878,True,85300
"00005.HK","2024-11-20",70.97089412768034,71.26972198486328,70.77168062256376,71.26972198486328,0,8322727,True,85301
"00005.HK","2024-11-21",71.31951879344076,71.36932596754092,70.87128462457065,71.02069854736328,0,7857831,True,85302
"00005.HK","2024-11-22",71.21991454007333,71.46893522028338,70.52265967528842,70.97089385986328,0,12509160,True,85303
"00005.HK","2024-11-25",70.87128697311394,71.17010722909377,70.52265954138345,70.82147979736328,0,13670620,True,85304
"00005.HK","2024-11-26",71.12030805627181,71.31952156138837,70.92108695164714,71.26972198486328,0,9056114,True,85305
"00005.HK","2024-11-27",71.41912868423647,71.8673704723349,71.1701080017956,71.71795654296875,0,12782030,True,85306
"00005.HK","2024-11-28",71.71795916125757,71.91717267467992,71.41913129161563,71.81756591796875,0,9553098,True,85307
"00005.HK","2024-11-29",71.71795443830818,72.41520928887746,71.66814726347842,72.21599578857422,0,13325456,True,85308
"00005.HK","2024-12-02",72.5148287983208,72.5148287983208,72.06658699148204,72.26580810546875,0,8795497,True,85309
"00005.HK","2024-12-03",72.1163924073113,73.21208190917969,72.1163924073113,73.21208190917969,0,18941374,True,85310
"00005.HK","2024-12-04",72.91324906328205,73.411290402784,72.8136423152832,73.31168365478516,0,10232457,True,85311
"00005.HK","2024-12-05",73.01286355067771,73.46109771728516,72.76384288044962,73.46109771728516,0,7470677,True,85312
"00005.HK","2024-12-06",73.71012416007585,74.40737905151647,73.5109106480952,74.25797271728516,0,26236720,True,85313
"00005.HK","2024-12-09",73.31168681472383,74.15835560846938,72.96305938194719,74.00894927978516,0,17252778,True,85314
"00005.HK","2024-12-10",74.25796729516287,74.50698796671003,73.75992595206857,73.90933227539062,0,18387826,True,85315
"00005.HK","2024-12-11",74.10855865478516,74.40737892223694,73.75993120967057,74.10855865478516,0,10394553,True,85316
"00005.HK","2024-12-12",74.5567907241518,74.60659790039062,74.1085565360349,74.60659790039062,0,10718800,True,85317
"00005.HK","2024-12-13",74.50699088012307,74.50699088012307,73.95914234149396,74.30776977539062,0,13707966,True,85318
"00005.HK","2024-12-16",74.5069937624596,74.70620727539062,74.25797307154164,74.70620727539062,0,10503034,True,85319
"00005.HK","2024-12-17",74.3077702767823,74.9054183959961,74.20816352349803,74.9054183959961,0,11007564,True,85320
"00005.HK","2024-12-18",74.5069937624596,74.9552279663086,74.3077726500202,74.70620727539062,0,8120910,True,85321
"00005.HK","2024-12-19",73.75992609117517,74.50698810722552,73.71011891696868,74.05874633789062,0,15498438,True,85322
"00005.HK","2024-12-20",74.0587512182119,74.60659977255406,73.80973052978516,73.80973052978516,0,11795582,True,85323
"00005.HK","2024-12-23",73.80972618755638,74.85561605722229,73.80972618755638,74.6563949584961,0,11245825,True,85324
"00005.HK","2024-12-24",74.8058090209961,74.8058090209961,74.8058090209961,74.8058090209961,0,0,True,85325
"00005.HK","2024-12-27",75.20424375819209,75.25405093293445,74.50698890884645,74.9552230834961,0,11697634,True,85326
"00005.HK","2024-12-30",75.20424414063484,75.60267874207621,75.05483021515583,75.40345764160156,0,13671375,True,85327
"00005.HK","2024-12-31",75.5030746459961,75.5030746459961,75.5030746459961,75.5030746459961,0,0,True,85328
"00005.HK","2025-01-02",75.50307199159285,75.55287156708057,74.35757536226438,75.40345764160156,0,15851617,True,85329
"00005.HK","2025-01-03",75.00503514429555,75.45326934814453,74.60660051892512,74.70620727539062,0,11755463,True,85330
"00005.HK","2025-01-06",75.20424403357136,75.35365795883764,74.85561660762194,75.2540512084961,0,12886461,True,85331
"00005.HK","2025-01-07",75.20424891400182,75.60268354073266,74.60660077365979,75.00503540039062,0,18577225,True,85332
"00005.HK","2025-01-08",75.00503337757202,75.65248107910156,74.45718483065356,75.65248107910156,0,18019505,True,85333
"00005.HK","2025-01-09",75.60268376681493,75.90150403812534,75.3038558959961,75.3038558959961,0,12063607,True,85334
"00005.HK","2025-01-10",76.20032501220703,76.2999317602953,75.9513043422325,76.20032501220703,0,22361611,True,85335
"00005.HK","2025-01-13",75.70229029753827,75.80189705434387,74.55679359550278,75.00503540039062,0,14415841,True,85336
"00005.HK","2025-01-14",75.15443970899686,75.65248107910156,75.10464013169131,75.65248107910156,0,12841705,True,85337
"00005.HK","2025-01-15",75.45326508973774,75.70228576660156,75.05483048685403,75.70228576660156,0,11891439,True,85338
"00005.HK","2025-01-16",76.64856246138586,77.1964109985985,75.95130759539529,77.0469970703125,0,23222162,True,85339
"00005.HK","2025-01-17",77.44543444142754,77.6944551309498,76.99720024009078,77.2960205078125,0,12189547,True,85340
"00005.HK","2025-01-20",77.69445574274323,78.09289036901797,77.3956278731601,78.04308319091797,0,14442370,True,85341
"00005.HK","2025-01-21",78.49132285928707,78.69053636724897,78.24230217458059,78.54112243652344,0,12526437,True,85342
"00005.HK","2025-01-22",78.69053163739034,79.0391590551228,78.54111771564564,78.9395523071289,0,13195031,True,85343
"00005.HK","2025-01-23",78.590932008213,78.93955945752435,77.99328386660662,78.34191131591797,0,12912877,True,85344
"00005.HK","2025-01-24",79.23838580203176,79.6866199997269,78.9893651145326,79.5870132446289,0,21067554,True,85345
"00005.HK","2025-01-27",78.98936472497289,79.5870128521217,78.88975037085788,79.1387710571289,0,13218510,True,85346
"00005.HK","2025-01-28",79.63681030273438,79.63681030273438,79.63681030273438,79.63681030273438,0,0,True,85347
"00005.HK","2025-02-03",79.6866199997269,79.93564068722605,79.08897186963061,79.5870132446289,0,21017476,True,85348
"00005.HK","2025-02-04",79.48740661922346,80.18466150555541,79.13877157654919,79.7364273071289,0,23544590,True,85349
"00005.HK","2025-02-05",79.93564091768111,80.13485442845145,79.58701347407887,79.88583374023438,0,10753092,True,85350
"00005.HK","2025-02-06",80.18466199417897,80.4834898612898,79.98544848244397,80.33407592773438,0,14946253,True,85351
"00005.HK","2025-02-07",80.88191277757262,81.62897480790552,80.6826992759537,81.47956848144531,0,25317199,True,85352
"00005.HK","2025-02-10",81.87799362894086,82.27642822265625,81.67878013183704,82.27642822265625,0,24215871,True,85353
"00005.HK","2025-02-11",83.0234913196661,83.47173309326172,82.77447064528228,83.47173309326172,0,24827354,True,85354
"00005.HK","2025-02-12",84.06938682285957,84.46782144846247,83.72075937527268,84.11918640136719,0,31516140,True,85355
"00005.HK","2025-02-13",84.71683737332005,85.065464801293,84.41800952105295,84.51761627197266,0,38040116,True,85356
"00005.HK","2025-02-14",84.86624596340957,84.96586031649406,83.87016322863008,84.16899108886719,0,30988448,True,85357
"00005.HK","2025-02-17",84.66702823750457,85.16506958007812,83.67094555235747,85.16506958007812,0,31953730,True,85358
"00005.HK","2025-02-18",85.81253135722233,86.85841369628906,85.66311742321041,86.85841369628906,0,35657488,True,85359
"00005.HK","2025-02-19",87.4062556718808,88.45214553168934,86.36036581207227,88.0537109375,0,40187102,True,85360
"00005.HK","2025-02-20",87.2568431849354,87.35644993524483,86.26076048282539,86.80860900878906,0,19478888,True,85361
"00005.HK","2025-02-21",86.16115332162026,86.85840816996895,86.11134614694912,86.36036682128906,0,20683604,True,85362
"00005.HK","2025-02-24",86.3603660450377,86.50977996820023,84.56742176561075,85.46389770507812,0,32915133,True,85363
"00005.HK","2025-02-25",85.71292201379245,87.05763218029274,85.71292201379245,86.75880432128906,0,18141190,True,85364
"00005.HK","2025-02-26",88.60155725949248,88.9501923003667,87.75488844488709,88.40234375,0,27976258,True,85365
"00005.HK","2025-02-27",88.75096920105993,89.14940381061794,88.50194852002468,89.04979705810547,0,27289916,True,85366
"00005.HK","2025-02-28",88.99998974796785,89.49803110928775,88.45214881022078,88.90038299560547,0,22619169,True,85367
"00005.HK","2025-03-03",91.24117503724737,91.73921639400037,90.79294085597289,90.89254760742188,0,34059748,True,85368
"00005.HK","2025-03-04",91.78902172747745,92.23725589975689,91.19137363126893,91.68941497802734,0,34717901,True,85369
"00005.HK","2025-03-05",91.54000091552734,91.58980049042309,89.99606970311028,91.54000091552734,0,31035361,True,85370
"00005.HK","2025-03-06",89.69999694824219,90.1500015258789,89.0,90.0,0,31682508,True,85371
"00005.HK","2025-03-07",88.69999694824219,88.94999694824219,87.94999694824219,87.94999694824219,0,37461271,True,85372
"00005.HK","2025-03-10",88.0999984741211,88.9000015258789,87.80000305175781,88.05000305175781,0,25392044,True,85373
"00005.HK","2025-03-11",85.3499984741211,86.30000305175781,84.55000305175781,85.19999694824219,0,32927567,True,85374
"00005.HK","2025-03-12",84.25,85.1500015258789,83.94999694824219,85.05000305175781,0,27348802,True,85375
"00005.HK","2025-03-13",85.5,86.3499984741211,85.05000305175781,85.6500015258789,0,16773803,True,85376
"00005.HK","2025-03-14",85.6500015258789,86.0,84.94999694824219,85.44999694824219,0,19527983,True,85377
"00005.HK","2025-03-17",87.25,88.30000305175781,87.25,87.6500015258789,0,20789698,True,85378
"00005.HK","2025-03-18",88.55000305175781,89.25,88.55000305175781,89.05000305175781,0,18279111,True,85379
"00005.HK","2025-03-19",90.0,90.0,89.55000305175781,89.75,0,18366668,True,85380
"00005.HK","2025-03-20",90.0,90.44999694824219,89.80000305175781,89.80000305175781,0,18680778,True,85381
"00005.HK","2025-03-21",88.55000305175781,89.0999984741211,88.44999694824219,88.5999984741211,0,17088782,True,85382
"00005.HK","2025-03-24",88.5999984741211,89.19999694824219,88.5,89.19999694824219,0,10256298,True,85383
"00005.HK","2025-03-25",88.69999694824219,88.9000015258789,88.19999694824219,88.19999694824219,0,11464264,True,85384
"00005.HK","2025-03-26",89.80000305175781,89.8499984741211,89.0,89.5,0,11453325,True,85385
"00005.HK","2025-03-27",89.5,90.30000305175781,89.4000015258789,89.4000015258789,0,21262648,True,85386
"00005.HK","2025-03-28",90.0999984741211,90.1500015258789,89.05000305175781,89.44999694824219,0,11988204,True,85387
"00005.HK","2025-03-31",88.30000305175781,89.0999984741211,87.9000015258789,88.1500015258789,0,13507844,True,85388
"00005.HK","2025-04-01",88.3499984741211,89.1500015258789,88.05000305175781,88.75,0,10222759,True,85389
"00005.HK","2025-04-02",88.44999694824219,88.94999694824219,88.0,88.0,0,9779227,True,85390
"00005.HK","2025-04-03",87.44999694824219,87.5,85.69999694824219,86.0999984741211,0,28052649,True,85391
"00005.HK","2025-04-07",73.5,75.30000305175781,72.19999694824219,73.4000015258789,0,128340513,True,85392
"00005.HK","2025-04-08",75.19999694824219,75.80000305175781,72.1500015258789,72.69999694824219,0,68246384,True,85393
"00005.HK","2025-04-09",70.44999694824219,72.0,70.05000305175781,71.69999694824219,0,58444722,True,85394
"00005.HK","2025-04-10",74.80000305175781,76.69999694824219,74.0,75.69999694824219,0,60984287,True,85395
"00005.HK","2025-04-11",74.05000305175781,76.0,73.80000305175781,75.5,0,28325901,True,85396
"00005.HK","2025-04-14",77.19999694824219,78.5,77.0999984741211,78.5,0,25547017,True,85397
"00005.HK","2025-04-15",79.0,79.0,78.3499984741211,78.80000305175781,0,15653353,True,85398
"00005.HK","2025-04-16",79.6500015258789,80.30000305175781,78.8499984741211,79.55000305175781,0,22685876,True,85399
"00005.HK","2025-04-17",80.0999984741211,80.9000015258789,80.05000305175781,80.80000305175781,0,22247386,True,85400
"00005.HK","2025-04-22",80.0999984741211,82.3499984741211,80.0999984741211,82.3499984741211,0,22003396,True,85401
"00005.HK","2025-04-23",83.5,86.30000305175781,83.5,85.9000015258789,0,33409268,True,85402
"00005.HK","2025-04-24",86.30000305175781,86.4000015258789,84.55000305175781,85.4000015258789,0,16529240,True,85403
"00005.HK","2025-04-25",85.8499984741211,86.1500015258789,85.05000305175781,85.3499984741211,0,18200727,True,85404
"00005.HK","2025-04-28",85.80000305175781,86.4000015258789,85.5999984741211,85.75,0,14468786,True,85405
"00005.HK","2025-04-29",86.45148134604551,88.49914321510329,85.20290424757987,88.24942779541016,0,36056898,True,86237
"00005.HK","2025-04-30",88.44920080560966,89.09845477163113,86.80107758412629,87.00084686279297,0,23899384,True,86238
"00005.HK","2025-05-02",85.90210601389258,86.50142150845217,84.75341353723923,86.10187530517578,0,19542978,True,86239
"00005.HK","2025-05-06",87.00085037675032,88.04965818388541,86.75113495797623,87.05079650878906,0,14481062,True,86240
"00005.HK","2025-05-07",88.0496615623107,88.09960007555576,87.30051527724403,87.75,0,17158298,True,86241
"00005.HK","2025-05-08",86.19999694824219,87.5999984741211,86.19999694824219,86.3499984741211,0,18580656,True,86242
"00005.HK","2025-05-09",87.0999984741211,87.5999984741211,86.69999694824219,87.5,0,12042335,True,88028
"00005.HK","2025-05-12",88.0,90.5999984741211,87.6500015258789,90.0,0,33752661,True,88108
"00005.HK","2025-05-13",89.5,89.8499984741211,89.1500015258789,89.6500015258789,0,17137129,True,88109
"00005.HK","2025-05-14",90.4000015258789,90.94999694824219,89.94999694824219,90.80000305175781,0,23987948,True,88110
"00005.HK","2025-05-15",89.5,90.80000305175781,89.5,90.5999984741211,0,16225823,True,88111
"00005.HK","2025-05-16",90.71054641155891,91.11014623195433,90.41083892438432,91.01024627685547,NULL,18235646,True,0
"00005.HK","2025-05-19",90.76048995204819,91.40985107421875,90.26098256912897,91.40985107421875,NULL,15112594,True,0
"00005.HK","2025-05-20",91.70955763188773,92.70857238769531,91.40985015639437,92.70857238769531,NULL,26316884,True,0
"00005.HK","2025-05-21",92.75852402902542,93.35793139352477,92.00926291793172,92.45882415771484,NULL,18516840,True,0
"00005.HK","2025-05-22",92.20906631645381,93.10817351191942,91.7595050968432,92.5087661743164,NULL,26336292,True,0
"00005.HK","2025-05-23",93.20808127924272,93.40788118489778,92.65862010587453,93.0582275390625,NULL,15041226,True,0
"00005.HK","2025-05-26",92.20906913024812,93.30798388636705,92.20906913024812,92.65862274169922,NULL,13750524,True,0
"00005.HK","2025-05-27",92.9083749365146,93.00827489056537,92.05921389426614,92.30896759033203,NULL,14437342,True,0
"00005.HK","2025-05-28",91.95931309258594,92.50876664573961,91.40985191755442,91.85940551757812,NULL,15137296,True,0
"00005.HK","2025-05-29",91.55970369514297,92.45881849779119,91.45980374415488,92.15911102294922,NULL,14124966,True,0
"00005.HK","2025-05-30",91.6596099097462,92.35891723632812,91.50975616208486,92.35891723632812,NULL,12369100,True,0
"00005.HK","2025-06-02",91.6096520118881,92.55872062326573,90.81044476332987,92.40886688232422,NULL,13354599,True,0
"00005.HK","2025-06-03",92.80847280154777,93.65763382384172,91.95931177925382,92.05921173095703,NULL,18695907,True,0
"00005.HK","2025-06-04",92.35891262551411,93.0582275390625,92.25901267268657,93.0582275390625,NULL,9826531,True,0
"00005.HK","2025-06-05",92.95832824707031,93.40788184892898,92.60866697687148,92.95832824707031,NULL,9923557,True,0
"00005.HK","2025-06-06",92.80847318769975,93.15812683105469,92.50876570946535,93.15812683105469,NULL,12806961,True,0
"00005.HK","2025-06-09",93.1581270251853,93.70758819580078,93.00827328575582,93.70758819580078,NULL,14592970,True,0
"00005.HK","2025-06-10",93.80749163075384,94.4068989888471,93.25803043973949,93.75753784179688,NULL,13334320,True,0
"00005.HK","2025-06-11",93.05823036171971,93.80749146346966,93.00827657285181,93.20808410644531,NULL,15503955,True,0
"00005.HK","2025-06-12",93.00827773272333,93.25803143642123,92.408870368224,92.45882415771484,NULL,14256583,True,0
"00005.HK","2025-06-13",92.60866461333447,93.25802572757361,91.259996220301,92.15911102294922,NULL,20495138,True,0
"00005.HK","2025-06-16",91.70956173002332,92.90837644181161,91.26000049669419,92.65862274169922,NULL,13500937,True,0
"00005.HK","2025-06-17",92.80847697831011,92.80847697831011,91.75950838352409,92.00926208496094,NULL,9675373,True,0
"00005.HK","2025-06-18",91.40985671199702,92.05921787421745,91.30995675362732,91.70956420898438,NULL,11095459,True,0
"00005.HK","2025-06-19",91.65960675070936,92.25901409881797,90.9103456601041,91.11014556884766,NULL,11714163,True,0
"00005.HK","2025-06-20",90.96029636733672,92.25901097393731,90.96029636733672,92.15911102294922,NULL,11784876,True,0
"00005.HK","2025-06-23",91.35990292187304,91.90936412572378,90.96030308839424,91.70956420898438,NULL,11873908,True,0
"00005.HK","2025-06-24",91.85941029863547,94.40690115636814,91.80946413040985,94.00729370117188,NULL,29990019,True,0
"00005.HK","2025-06-25",94.4068988402123,96.70463593480997,94.35694505133398,95.50581359863281,NULL,36558811,True,0
"00005.HK","2025-06-26",95.10620747822956,95.80552242287838,95.10620747822956,95.30601501464844,NULL,10230801,True,0
"00005.HK","2025-06-27",95.00630253992338,95.1561562789114,94.4068952058491,94.90640258789062,NULL,14778679,True,0
"00005.HK","2025-06-30",94.90640673103053,96.10522145151336,94.65665302910676,94.85645294189453,NULL,12569111,True,0
"00005.HK","2025-07-02",94.45685114522325,95.30601218966841,94.20709744851128,95.15615844726562,NULL,11853028,True,0
"00005.HK","2025-07-03",94.90640739648295,95.10620731067165,94.3070000320387,94.75655364990234,NULL,6747352,True,0
"00005.HK","2025-07-04",94.95635769840824,95.0063038641819,94.20709661490227,94.70660400390625,NULL,8201986,True,0
"00005.HK","2025-07-07",94.70660484193525,95.40591214397762,94.55675109953246,95.15615844726562,NULL,10977288,True,0
"00005.HK","2025-07-08",95.40591315727728,96.1551742553711,95.30601320190705,96.1551742553711,NULL,11683595,True,0
"00005.HK","2025-07-09",95.905421383229,96.60472869873047,95.35596019113633,96.60472869873047,NULL,16170576,True,0
"00005.HK","2025-07-10",96.65468398427802,97.15419139504948,96.50483023667094,96.95439147949219,NULL,11785206,True,0
"00005.HK","2025-07-11",97.30404514265656,98.45291371180657,96.90443768966375,96.95439147949219,NULL,18147678,True,0
"00005.HK","2025-07-14",95.8055220864235,96.90443685629451,95.8055220864235,96.50482940673828,NULL,12074680,True,0
"00005.HK","2025-07-15",97.20414121196646,97.90344850971324,96.95438751678861,97.55379486083984,NULL,11213353,True,0
"00005.HK","2025-07-16",96.80453292961747,98.25310130024302,96.65467918944431,97.10423278808594,NULL,15036067,True,0
"00005.HK","2025-07-17",97.60374102674868,98.05330225119553,97.40394111935757,97.55379486083984,NULL,9256646,True,0
"00005.HK","2025-07-18",98.40296024389811,98.45291403388995,97.80355287338706,98.05330657958984,NULL,9850347,True,0
"00005.HK","2025-07-21",97.90345084228673,98.65271194567158,97.70365093013534,98.3530044555664,NULL,9574689,True,0
"00005.HK","2025-07-22",99.15221490053702,99.90147597031438,99.05231494894225,99.60176849365234,NULL,22106011,True,0
"00005.HK","2025-07-23",99.90148162841797,99.90148162841797,99.20217430577031,99.90148162841797,NULL,16360291,True,0
"00005.HK","2025-07-24",100.70069717437114,102.19921940838334,100.20118976303374,102.09931182861328,NULL,33187425,True,0
"00005.HK","2025-07-25",101.30010489134077,101.89951226262762,100.60078993994088,100.90049743652344,NULL,14535176,True,0
"00005.HK","2025-07-28",100.90049677093984,101.2002042655454,100.20118944603114,101.00039672851562,NULL,14686159,True,0
"00005.HK","2025-07-29",100.70069122314453,100.70069122314453,99.75162262456476,100.70069122314453,NULL,14862211,True,0
"00005.HK","2025-07-30",101.30010511731301,101.49990503422825,96.10522343685594,96.85448455810547,NULL,56520842,True,0
"00005.HK","2025-07-31",95.5557675612,96.3549748315594,94.20709909969258,96.0552749633789,NULL,34503819,True,0
"00005.HK","2025-08-01",95.40591214397762,95.855465749308,94.90640475055365,95.15615844726562,NULL,19756441,True,0
"00005.HK","2025-08-04",95.50581591260527,96.3050308227539,95.20611603770823,96.3050308227539,NULL,16028330,True,0
"00005.HK","2025-08-05",96.30503148975264,96.70463894759459,95.70562411392885,96.20513153076172,NULL,13480211,True,0
"00005.HK","2025-08-06",96.40492681129692,97.20414168853553,96.25507306907993,96.90443420410156,NULL,13772041,True,0
"00005.HK","2025-08-07",97.30404087399148,98.90246299396279,97.30404087399148,98.75260925292969,NULL,15267224,True,0
"00005.HK","2025-08-08",98.30305612582517,98.35300229182516,97.45389508504594,98.1032485961914,NULL,12885779,True,0
"00005.HK","2025-08-11",98.90246335944045,99.85152435302734,98.90246335944045,99.85152435302734,NULL,13584184,True,0
"00005.HK","2025-08-12",99.75162655572602,100.30108774613029,99.50187285497465,100.10128021240234,NULL,11004355,True,0
"00005.HK","2025-08-13",100.9004941291997,102.19921640931685,100.9004941291997,101.4000015258789,NULL,21987350,True,0
"00005.HK","2025-08-14",100.9000015258789,100.9000015258789,99.80000305175781,100.4000015258789,NULL,14076706,True,0
"00005.HK","2025-08-15",101.0,101.0999984741211,99.5999984741211,100.30000305175781,NULL,16326150,True,0
"00005.HK","2025-08-18",99.8499984741211,99.94999694824219,98.44999694824219,98.44999694824219,NULL,17001072,True,0
"00005.HK","2025-08-19",99.0,99.4000015258789,98.44999694824219,99.05000305175781,NULL,12049108,True,0
"00005.HK","2025-08-20",99.0999984741211,99.5999984741211,98.55000305175781,99.5,NULL,9352354,True,0
"00005.HK","2025-08-21",101.0999984741211,101.4000015258789,100.19999694824219,100.9000015258789,NULL,19558846,True,0
"00005.HK","2025-08-22",101.0,101.4000015258789,100.69999694824219,101.30000305175781,NULL,14975835,True,0
"00005.HK","2025-08-25",101.80000305175781,102.0999984741211,101.30000305175781,101.5,NULL,14346189,True,0
"00005.HK","2025-08-26",101.0999984741211,101.5999984741211,100.0,100.19999694824219,NULL,12303465,True,0
"00005.HK","2025-08-27",100.9000015258789,101.0,100.0999984741211,100.0999984741211,NULL,14979114,True,0
"00005.HK","2025-08-28",99.9000015258789,100.69999694824219,99.6500015258789,100.5999984741211,NULL,14584101,True,0
"00005.HK","2025-08-29",100.30000305175781,100.80000305175781,99.4000015258789,99.75,NULL,16072520,True,0
"00005.HK","2025-09-01",99.75,100.5,99.5999984741211,100.0,NULL,10280357,True,0
"00005.HK","2025-09-02",100.30000305175781,100.80000305175781,99.69999694824219,99.75,NULL,11792675,True,0
"00005.HK","2025-09-03",99.5999984741211,100.30000305175781,98.75,99.1500015258789,NULL,15814228,True,0
"00005.HK","2025-09-04",100.0,100.4000015258789,99.3499984741211,99.5999984741211,NULL,13580907,True,0
"00005.HK","2025-09-05",100.5,102.0999984741211,100.30000305175781,102.0999984741211,NULL,28230410,True,0
"00005.HK","2025-09-08",101.9000015258789,101.9000015258789,100.9000015258789,101.69999694824219,NULL,12378408,True,0
"00005.HK","2025-09-09",102.0,102.5,101.69999694824219,102.4000015258789,NULL,14972324,True,0
"00005.HK","2025-09-10",102.5,104.4000015258789,102.30000305175781,104.4000015258789,NULL,27375943,True,0
"00005.HK","2025-09-11",104.69999694824219,105.4000015258789,104.5,105.0999984741211,NULL,20690414,True,0
"00005.HK","2025-09-12",106.5999984741211,106.9000015258789,106.0999984741211,106.30000305175781,NULL,17203881,True,0
"00005.HK","2025-09-15",105.30000305175781,106.80000305175781,105.30000305175781,106.5,NULL,13004430,True,0
"00005.HK","2025-09-16",105.30000305175781,107.5999984741211,106.5,107.19999694824219,NULL,11916356,True,0
"00005.HK","2025-09-17",105.73449105460635,106.23089711589559,105.63521135725958,105.83377075195312,NULL,12530146,True,0
"00005.HK","2025-09-18",106.03233982091302,106.9258646892834,105.93305254704472,106.42945861816406,NULL,13691230,True,0
"00005.HK","2025-09-19",106.4294598050978,106.4294598050978,105.43664765178698,106.03234100341797,NULL,11019438,True,0
"00005.HK","2025-09-22",106.03233982091302,106.52874589203236,105.63521344910644,106.42945861816406,NULL,10942322,True,0
"00005.HK","2025-09-23",107.1244315039398,107.81939697265625,106.82658483188675,107.81939697265625,NULL,13637949,True,0
"00005.HK","2025-09-24",107.22371627452762,107.8194020722527,106.13162438293897,106.72731018066406,NULL,14777645,True,0
"00005.HK","2025-09-25",107.124430038703,107.124430038703,105.53593215011023,106.3301773071289,NULL,12505892,True,0
"00005.HK","2025-09-26",105.13880689755992,106.03233933640288,104.741680527568,105.93305206298828,NULL,14572995,True,0
"00005.HK","2025-09-29",107.22371445757601,108.2165266284795,107.12443475539682,108.0179672241211,NULL,20795349,True,0
"00005.HK","2025-09-30",107.12443680547707,108.61365509033203,107.12443680547707,108.61365509033203,NULL,10386451,True,0
"00005.HK","2025-10-02",109.20934066471304,110.00359344482422,108.91149397853238,110.00359344482422,NULL,14287215,True,0
"00005.HK","2025-10-03",108.71292765133431,109.30861341122507,108.21652158899946,109.11005401611328,NULL,9743604,True,0
"00005.HK","2025-10-06",110.30142652335421,111.39351835535663,109.90430015502001,110.10286712646484,NULL,15257276,True,0
"00005.HK","2025-10-08",109.01077801145065,109.80502319335938,108.41508465682456,109.80502319335938,NULL,10546369,True,0
"00005.HK","2025-10-09",106.72730684280396,107.22371292114258,101.76324605941772,103.2524642944336,NULL,92919887,True,0
"00005.HK","2025-10-10",102.8553374395537,103.05390441470108,101.36611921144852,102.75605773925781,NULL,36090348,True,0
"00005.HK","2025-10-13",100.27402800136556,101.8625259399414,99.67834222121907,101.8625259399414,NULL,35129469,True,0
"00005.HK","2025-10-14",102.25964858215679,102.557495248626,100.27402433784306,101.16755676269531,NULL,24066211,True,0
"00005.HK","2025-10-15",102.35893136351864,103.15318411499698,102.35893136351864,102.75605773925781,NULL,16340175,True,0
"00005.HK","2025-10-16",102.25964957131181,102.25964957131181,100.96899077020123,102.16036987304688,NULL,20032905,True,0
"00005.HK","2025-10-17",101.36612287748771,101.76324926758949,99.77762489163652,100.17475128173828,NULL,25380495,True,0
"00005.HK","2025-10-20",101.26683968429998,101.86252546164944,100.96899300834744,101.36611938476562,NULL,14257592,True,0
"00005.HK","2025-10-21",101.2668369521672,102.65677544485312,101.06827755659296,101.6639633178711,NULL,17638573,True,0
"00005.HK","2025-10-22",101.46539795626772,102.45821009898876,101.46539795626772,101.76324462890625,NULL,9717663,True,0
"00005.HK","2025-10-23",101.862527548477,102.4582133380301,101.6639681434779,101.96180725097656,NULL,7515170,True,0
"00005.HK","2025-10-24",101.86252641359425,102.95461827803356,101.76324671220081,102.35893249511719,NULL,12264938,True,0
"00005.HK","2025-10-27",103.05390295191262,103.05390295191262,100.47258533352607,101.26683807373047,NULL,22950060,True,0
"00005.HK","2025-10-28",102.45821384957908,105.7344970703125,101.9618077600471,105.7344970703125,NULL,30318072,True,0
"00005.HK","2025-10-30",108.8122069857038,109.01077395470821,106.72730304576731,107.22370910644531,NULL,23739703,True,0
"00005.HK","2025-10-31",107.91867618434027,108.21652285504793,107.02515132132831,107.32299041748047,NULL,10578102,True,0
"00005.HK","2025-11-03",107.32299369089864,108.01796675222843,106.82658760761552,107.52156066894531,NULL,6430188,True,0
"00005.HK","2025-11-04",107.7201151671233,108.61364759125475,107.22370910644531,107.22370910644531,NULL,9496069,True,0
"00005.HK","2025-11-05",107.22371232810063,107.42227172851562,106.23090017691452,107.42227172851562,NULL,10200607,True,0
"00005.HK","2025-11-06",109.0,110.69999694824219,108.80000305175781,110.69999694824219,NULL,19883780,True,0
"00005.HK","2025-11-07",110.4000015258789,110.69999694824219,109.5999984741211,110.0,NULL,9251490,True,0
"00005.HK","2025-11-10",110.0,111.0,109.5,110.5,NULL,8965474,True,0
"00005.HK","2025-11-11",111.4000015258789,113.0,111.4000015258789,112.4000015258789,NULL,14732300,True,0
"00005.HK","2025-11-12",112.4000015258789,114.30000305175781,112.4000015258789,113.5,NULL,14317119,True,0
"00005.HK","2025-11-13",113.80000305175781,114.80000305175781,113.5,114.30000305175781,NULL,13596262,True,0
"00005.HK","2025-11-14",113.30000305175781,114.19999694824219,112.9000015258789,112.9000015258789,NULL,9511429,True,0
"00005.HK","2025-11-17",112.0,112.4000015258789,111.4000015258789,112.0999984741211,NULL,8779723,True,0
"00005.HK","2025-11-18",111.0,111.0,108.80000305175781,109.5999984741211,NULL,14883339,True,0
"00005.HK","2025-11-19",108.4000015258789,109.0999984741211,107.69999694824219,107.80000305175781,NULL,12267840,True,0
"00005.HK","2025-11-20",108.0,108.9000015258789,107.4000015258789,107.5999984741211,NULL,9430635,True,0
"00005.HK","2025-11-21",106.0,106.5999984741211,105.0,105.0999984741211,NULL,13752751,True,0
"00005.HK","2025-11-24",106.9000015258789,107.5999984741211,106.19999694824219,107.30000305175781,NULL,12057743,True,0
"00005.HK","2025-11-25",107.30000305175781,107.69999694824219,106.0999984741211,106.80000305175781,NULL,10642240,True,0
"00005.HK","2025-11-26",107.5999984741211,108.19999694824219,106.80000305175781,107.5999984741211,NULL,10128177,True,0
"00005.HK","2025-11-27",109.0,109.19999694824219,107.80000305175781,109.0,NULL,16714313,True,0
"00005.HK","2025-11-28",109.0,109.30000305175781,108.5,109.30000305175781,NULL,6108819,True,0
"00005.HK","2025-12-01",109.30000305175781,111.30000305175781,109.30000305175781,110.5,NULL,9127025,True,0
"00005.HK","2025-12-02",110.5,111.69999694824219,110.30000305175781,111.0,NULL,7973452,True,0
"00005.HK","2025-12-03",111.4000015258789,111.4000015258789,110.5999984741211,111.19999694824219,NULL,10933998,True,0
"00005.HK","2025-12-04",111.0999984741211,111.5,110.30000305175781,111.5,NULL,8153363,True,0
"00005.HK","2025-12-05",111.19999694824219,111.5999984741211,110.69999694824219,111.0,NULL,21391217,True,0
"00005.HK","2025-12-08",110.0,110.5999984741211,108.5999984741211,109.0999984741211,NULL,19058791,True,0
"00005.HK","2025-12-09",109.69999694824219,110.30000305175781,109.19999694824219,109.5,NULL,11079729,True,0
"00005.HK","2025-12-10",110.0,111.69999694824219,108.69999694824219,111.69999694824219,NULL,15672710,True,0
"00005.HK","2025-12-11",114.4000015258789,115.30000305175781,113.69999694824219,114.0,NULL,21622514,True,0
"00005.HK","2025-12-12",116.0999984741211,117.9000015258789,116.0,117.30000305175781,NULL,33397964,True,0
"00005.HK","2025-12-15",116.4000015258789,116.69999694824219,115.5999984741211,116.19999694824219,NULL,11925266,True,0
"00005.HK","2025-12-16",116.30000305175781,116.5,115.19999694824219,116.19999694824219,NULL,8579394,True,0
"00005.HK","2025-12-17",115.69999694824219,117.5,115.4000015258789,117.5,NULL,9505813,True,0
"00005.HK","2025-12-18",118.0999984741211,118.80000305175781,117.5,118.69999694824219,NULL,12554309,True,0
"00005.HK","2025-12-19",118.80000305175781,119.80000305175781,118.5999984741211,119.30000305175781,NULL,13434142,True,0
"00005.HK","2025-12-22",120.5,121.5999984741211,120.30000305175781,121.30000305175781,NULL,19346571,True,0
"00005.HK","2025-12-23",121.9000015258789,122.4000015258789,121.5999984741211,122.30000305175781,NULL,10892666,True,0
"00005.HK","2025-12-24",123.9000015258789,123.9000015258789,123.9000015258789,123.9000015258789,NULL,0,True,0
"00005.HK","2025-12-29",123.69999694824219,123.69999694824219,121.5,121.9000015258789,NULL,13132355,True,0
"00005.HK","2025-12-30",121.19999694824219,123.30000305175781,121.19999694824219,123.0,NULL,11747636,True,0
"00005.HK","2025-12-31",122.19999694824219,122.19999694824219,122.19999694824219,122.19999694824219,NULL,0,True,0
"00005.HK","2026-01-02",121.80000305175781,124.69999694824219,121.80000305175781,124.30000305175781,NULL,11545169,True,0
"00005.HK","2026-01-05",124.5999984741211,125.19999694824219,124.0999984741211,124.9000015258789,NULL,9171037,True,0
"00005.HK","2026-01-06",126.4000015258789,129.5,126.4000015258789,128.8000030517578,NULL,21686487,True,0
"00005.HK","2026-01-07",127.4000015258789,128.0,126.5,127.19999694824219,NULL,9809659,True,0
"00005.HK","2026-01-08",124.5,125.0,123.30000305175781,124.30000305175781,NULL,14152243,True,0
"00005.HK","2026-01-09",125.4000015258789,125.4000015258789,123.0,124.80000305175781,NULL,11800959,True,0
"00005.HK","2026-01-12",124.4000015258789,124.69999694824219,123.5,124.0999984741211,NULL,8758673,True,0
"00005.HK","2026-01-13",126.19999694824219,127.4000015258789,125.9000015258789,126.4000015258789,NULL,12174381,True,0
"00005.HK","2026-01-14",127.0,127.0999984741211,126.19999694824219,127.0,NULL,9036194,True,0
"00005.HK","2026-01-15",126.5999984741211,128.1999969482422,126.5999984741211,128.1999969482422,NULL,10374153,True,0
"00005.HK","2026-01-16",129.0,130.3000030517578,128.1999969482422,128.5,NULL,11375202,True,0
"00005.HK","2026-01-19",127.0,127.5,126.19999694824219,127.0,NULL,10059540,True,0
"00005.HK","2026-01-20",129.10000610351562,130.0,128.0,128.39999389648438,NULL,13402142,True,0
"00005.HK","2026-01-21",128.1999969482422,129.10000610351562,127.9000015258789,128.1999969482422,NULL,7138446,True,0
"00005.HK","2026-01-22",129.10000610351562,129.6999969482422,128.39999389648438,129.6999969482422,NULL,7970685,True,0
"00005.HK","2026-01-23",130.39999389648438,130.8000030517578,129.39999389648438,130.0,NULL,11454836,True,0
"00005.HK","2026-01-26",130.0,131.0,130.0,131.0,NULL,11309536,True,0
"00005.HK","2026-01-27",132.0,134.89999389648438,131.8000030517578,134.5,NULL,20380297,True,0
"00005.HK","2026-01-28",137.5,138.8000030517578,137.10000610351562,137.5,NULL,23365990,True,0
"00005.HK","2026-01-29",135.10000610351562,138.6999969482422,135.10000610351562,137.60000610351562,NULL,14607498,True,0
"00005.HK","2026-01-30",137.60000610351562,138.1999969482422,136.39999389648438,136.60000610351562,NULL,11263295,True,0
"00005.HK","2026-02-02",135.8000030517578,136.5,133.1999969482422,134.6999969482422,NULL,16159218,True,0
"00005.HK","2026-02-03",138.6999969482422,139.0,137.3000030517578,138.89999389648438,NULL,19499165,True,0
"00005.HK","2026-02-04",138.5,139.3000030517578,137.8000030517578,139.0,NULL,10559866,True,0
"00005.HK","2026-02-05",139.0,139.0,136.5,138.5,NULL,15078576,True,0
"00005.HK","2026-02-06",134.8000030517578,135.39999389648438,133.10000610351562,134.8000030517578,NULL,18621846,True,0
"00005.HK","2026-02-09",138.4300338276857,139.0280098453692,NULL,138.8286895751953,NULL,16236415,True,95483
"00005.HK","2026-02-10",140.02462238848224,141.02123891793764,NULL,139.82530212402344,NULL,12641156,True,95484
"00005.HK","2026-02-11",139.22732811237552,139.42664837968164,NULL,139.32699584960938,NULL,7423588,True,95485
"00005.HK","2026-02-12",138.52970683873767,139.02801513671875,NULL,139.02801513671875,NULL,6789124,True,95486
"00005.HK","2026-02-13",135.14120745671784,136.53646451488126,NULL,135.24085998535156,NULL,14586816,True,95487
"00005.HK","2026-02-16",133.94525146484375,133.94525146484375,NULL,133.94525146484375,NULL,0,True,95488
"00005.HK","2026-02-20",134.54324014640713,134.84222816594271,NULL,133.84561157226562,NULL,10372959,True,95489
"00005.HK","2026-02-23",134.54323671828456,135.93849383101679,NULL,135.440185546875,NULL,13451321,True,95490
"00005.HK","2026-02-24",133.84560755731206,135.24086466374166,NULL,134.84222412109375,NULL,15223740,True,95491
"00005.HK","2026-02-25",135.44018277753472,142.21717834472656,NULL,142.21717834472656,NULL,44603757,True,95492
"00005.HK","2026-02-26",146.30331224132456,147.49924905711205,NULL,144.5093994140625,NULL,30158366,True,95493
"00005.HK","2026-02-27",146.30331220966468,147.2999287571322,NULL,146.80162048339844,NULL,18075411,True,95494
"00005.HK","2026-03-02",142.01785474965047,143.91142006344793,NULL,139.22732543945312,NULL,30135411,True,95495
"00005.HK","2026-03-03",139.92495739660657,140.5229334088707,NULL,135.3405303955078,NULL,22180267,True,95496
"00005.HK","2026-03-04",132.55000583870319,132.7493261143214,NULL,130.35745239257812,NULL,35572176,True,95497
"00005.HK","2026-03-05",134.24424144335285,137.03477072500334,NULL,133.4469451904297,NULL,26146424,True,95498
"00005.HK","2026-03-06",132.94864089025765,134.94187397831044,NULL,134.7425537109375,NULL,40598641,True,95499
"00005.HK","2026-03-09",127.9655549578155,130.45709625533652,NULL,129.46047973632812,NULL,59465930,True,95500
"00005.HK","2026-03-10",132.84899159363485,135.440185546875,NULL,135.440185546875,NULL,20552580,True,95501
"00005.HK","2026-03-11",134.54323618035568,135.14121220179982,NULL,132.5500030517578,NULL,15084104,True,95502
"00005.HK","2026-03-12",129.6999969482422,130.8000030517578,NULL,128.89999389648438,NULL,14658068,True,95503
"00005.HK","2026-03-13",125.80000305175781,126.4000015258789,NULL,122.5,NULL,35689160,True,95504
"00005.HK","2026-03-16",119.19999694824219,125.4000015258789,NULL,124.30000305175781,NULL,21752570,True,95505
"00005.HK","2026-03-17",125.0,126.19999694824219,NULL,124.80000305175781,NULL,11183283,True,95506
"00005.HK","2026-03-18",126.5999984741211,128.39999389648438,NULL,127.9000015258789,NULL,11978057,True,95507
"00005.HK","2026-03-19",124.80000305175781,125.69999694824219,NULL,124.0,NULL,16808610,True,95508
"00005.HK","2026-03-20",123.9000015258789,124.5,NULL,124.5,NULL,21143449,True,95509
"00005.HK","2026-03-23",120.0999984741211,120.5,NULL,118.9000015258789,NULL,34864925,True,95510
"00005.HK","2026-03-24",123.5,123.5999984741211,NULL,123.5999984741211,NULL,19779772,True,95511
"00005.HK","2026-03-25",124.4000015258789,125.19999694824219,NULL,125.0,NULL,19072875,True,95512
"00005.HK","2026-03-26",125.5999984741211,125.80000305175781,NULL,124.80000305175781,NULL,12844795,True,95513
"00005.HK","2026-03-27",124.80000305175781,125.4000015258789,NULL,124.80000305175781,NULL,10258490,True,95514
"00005.HK","2026-03-30",122.69999694824219,123.5999984741211,NULL,123.5999984741211,NULL,17920263,True,95515
"00005.HK","2026-03-31",124.80000305175781,125.80000305175781,NULL,125.80000305175781,NULL,13897520,True,95516
"00005.HK","2026-04-01",129.1999969482422,131.10000610351562,NULL,130.3000030517578,NULL,25202839,True,95517
"00005.HK","2026-04-02",131.3000030517578,131.3000030517578,NULL,130.0,NULL,17411159,True,95518
"00005.HK","2026-04-08",138.10000610351562,139.3000030517578,NULL,138.60000610351562,NULL,40142380,True,95519
"00005.HK","2026-04-09",138.8000030517578,139.8000030517578,NULL,138.89999389648438,NULL,18417735,True,95520
"00005.HK","2026-04-10",139.60000610351562,140.5,NULL,139.6999969482422,NULL,16727101,True,95521
"00005.HK","2026-04-13",138.5,139.0,NULL,138.8000030517578,NULL,15319683,True,95522
"00005.HK","2026-04-14",141.0,141.5,NULL,141.0,NULL,18260658,True,95523
"00005.HK","2026-04-15",141.5101564104753,141.9079301113947,NULL,140.61514282226562,NULL,13052754,True,97248
"00005.HK","2026-04-16",140.51571288535894,141.709049212328,NULL,141.51016235351562,NULL,10451552,True,97249
"00005.HK","2026-04-17",140.714599609375,141.6095980602208,NULL,140.714599609375,NULL,10001944,True,97250
"00005.HK","2026-04-20",141.70904342949768,142.00738129258912,NULL,141.41070556640625,NULL,13863095,True,97251
"00005.HK","2026-04-21",141.41070018300195,143.10126111070292,NULL,142.90237426757812,NULL,13859824,True,97252
"00005.HK","2026-04-22",141.7090400060018,143.30016512132067,NULL,143.20071411132812,NULL,9399619,True,97253
"00005.HK","2026-04-23",141.21181663932487,142.20626605227784,NULL,140.3168182373047,NULL,15795912,True,97254
"00005.HK","2026-04-24",139.02402880473363,139.819591357549,NULL,139.22291564941406,NULL,7627274,True,97255
"00005.HK","2026-04-27",138.82515338171294,139.62070082588735,NULL,139.42181396484375,NULL,6235801,True,97256
"00005.HK","2026-04-28",138.82514591111553,140.2173690375959,NULL,139.81959533691406,NULL,7774218,True,97257
"00005.HK","2026-04-29",139.81960298654008,141.21182618918994,NULL,140.21737670898438,NULL,11924004,True,97258
"00005.HK","2026-04-30",139.02404024275654,140.31682760068222,NULL,139.42181396484375,NULL,18699023,True,97259
"00005.HK","2026-05-04",143.3001764594564,143.99628806220073,NULL,142.6040496826172,NULL,10396179,True,97260
"00005.HK","2026-05-05",140.41625098632102,140.81403984721092,NULL,135.2451171875,NULL,31713313,True,97261
"00005.HK","2026-05-06",135.84179201912718,139.7201385498047,NULL,139.7201385498047,NULL,22396052,True,97262
"00005.HK","2026-05-07",141.01293775300906,142.4051609401093,NULL,142.30572509765625,NULL,13291951,True,97263
"00005.HK","2026-05-08",138.6262415564216,139.42180411850612,NULL,137.9301300048828,NULL,15750818,True,97264
"00005.HK","2026-05-11",139.22292345653076,140.416259765625,NULL,140.416259765625,NULL,9073683,True,97265
"00005.HK","2026-05-12",140.41626327397444,140.51571429142314,NULL,137.83070373535156,NULL,9948950,True,97266
"00005.HK","2026-05-13",140.01848037860003,140.8140429437812,NULL,140.3168182373047,NULL,11585598,True,97267
"00005.HK","2026-05-14",141.5,141.6999969482422,NULL,140.5,NULL,10046420,True,97268
"00005.HK","2026-05-15",141.0,141.1999969482422,NULL,139.39999389648438,NULL,9189819,True,97269
"00005.HK","2026-05-18",138.8000030517578,138.8000030517578,NULL,138.10000610351562,NULL,12750222,True,97270
"00005.HK","2026-05-19",140.0,140.3000030517578,NULL,140.3000030517578,NULL,12110298,True,97271
"00005.HK","2026-05-20",138.89999389648438,139.1999969482422,NULL,138.6999969482422,NULL,7692378,True,97272
"00005.HK","2026-05-21",143.10000610351562,143.5,NULL,141.6999969482422,NULL,16979986,True,97273
"00005.HK","2026-05-22",143.1999969482422,144.0,NULL,143.89999389648438,NULL,18580283,True,97274
"00005.HK","2026-05-26",144.39999389648438,145.5,NULL,145.5,NULL,19646590,True,97275
"00005.HK","2026-05-27",145.5,146.8000030517578,NULL,146.60000610351562,NULL,14520391,True,97276
"00005.HK","2026-05-28",146.8000030517578,147.0,NULL,145.3000030517578,NULL,17372582,True,97277
"00005.HK","2026-05-29",145.1999969482422,145.6999969482422,NULL,145.10000610351562,NULL,13019970,True,97278
"00005.HK","2026-06-01",145.6999969482422,146.5,NULL,146.3000030517578,NULL,11125038,True,97279
"00005.HK","2026-06-02",144.8000030517578,147.1999969482422,NULL,147.1999969482422,NULL,17445189,True,97280
"00005.HK","2026-06-03",147.8000030517578,148.8000030517578,NULL,146.89999389648438,NULL,13176862,True,97281
"00005.HK","2026-06-04",145.8000030517578,146.89999389648438,NULL,146.39999389648438,NULL,11968429,True,97282
"00005.HK","2026-06-05",143.8000030517578,144.5,NULL,141.8000030517578,NULL,29293119,True,97283
"00005.HK","2026-06-08",140.60000610351562,142.5,NULL,142.3000030517578,NULL,15193347,True,97284
"00005.HK","2026-06-09",142.3000030517578,143.3000030517578,NULL,142.10000610351562,NULL,11622898,True,97285
"00005.HK","2026-06-10",138.1999969482422,139.1999969482422,NULL,135.3000030517578,NULL,35400697,True,97286
"00005.HK","2026-06-11",134.60000610351562,139.10000610351562,NULL,138.5,NULL,17746424,True,97287
"00005.HK","2026-06-12",140.89999389648438,142.8000030517578,NULL,142.8000030517578,NULL,14715851,True,97288
"00005.HK","2026-06-15",144.8000030517578,146.6999969482422,NULL,145.8000030517578,NULL,19088018,True,97289
"00005.HK","2026-06-16",145.0,146.0,NULL,146.0,NULL,10893438,True,97290
"00005.HK","2026-06-17",147.39999389648438,148.3000030517578,NULL,148.0,NULL,20033026,True,97291
"00005.HK","2026-06-18",149.0,149.10000610351562,NULL,149.0,NULL,28019812,True,97292
"00005.HK","2026-06-22",147.0,148.60000610351562,NULL,147.89999389648438,NULL,11432504,True,97293
"00005.HK","2026-06-23",150.0,150.5,NULL,148.6999969482422,NULL,14752507,True,97294
"00005.HK","2026-06-24",148.8000030517578,149.89999389648438,NULL,148.1999969482422,NULL,10676159,True,97295
"00005.HK","2026-06-25",148.1999969482422,148.60000610351562,NULL,148.3000030517578,NULL,8637696,True,97296
"00005.HK","2026-06-26",148.8000030517578,149.60000610351562,NULL,147.6999969482422,NULL,17958141,True,97297
"00005.HK","2026-06-29",146.8000030517578,147.6999969482422,NULL,147.60000610351562,NULL,14017945,True,97298
"00005.HK","2026-06-30",147.5,148.3000030517578,NULL,147.89999389648438,NULL,13123569,True,97750
"00005.HK","2026-07-02",149.1999969482422,149.60000610351562,NULL,149.5,NULL,18641915,True,97751
"00005.HK","2026-07-03",150.0,152.10000610351562,NULL,152.0,NULL,29828005,True,97752
"00005.HK","2026-07-06",151.3000030517578,152.0,NULL,152.0,NULL,11329676,True,97753
"00005.HK","2026-07-07",153.0,154.39999389648438,NULL,153.3000030517578,NULL,13801029,True,97754
"00005.HK","2026-07-08",151.89999389648438,153.89999389648438,NULL,151.89999389648438,NULL,10812738,True,97755
"00005.HK","2026-07-09",149.89999389648438,152.3000030517578,NULL,152.3000030517578,NULL,8992416,True,97756
"00005.HK","2026-07-10",152.60000610351562,154.60000610351562,NULL,153.5,NULL,11223212,True,97757
"00005.HK","2026-07-13",153.5,154.5,NULL,153.8000030517578,NULL,7632722,True,97758
"00005.HK","2026-07-14",152.8000030517578,153.89999389648438,NULL,152.60000610351562,NULL,10672156,True,97759
"00005.HK","2026-07-15",154.89999389648438,156.3000030517578,NULL,155.3000030517578,NULL,15259993,True,98359
"00005.HK","2026-07-16",156.0,157.60000610351562,NULL,156.89999389648438,NULL,13900318,True,98360
"00005.HK","2026-07-17",156.89999389648438,158.39999389648438,NULL,156.89999389648438,NULL,17653835,True,98361
"00005.HK","2026-07-20",157.0,157.8000030517578,NULL,157.8000030517578,NULL,12386814,True,98362
"00005.HK","2026-07-21",155.6999969482422,157.1999969482422,NULL,156.5,NULL,9738890,True,98363
"00005.HK","2026-07-22",157.8000030517578,158.89999389648438,NULL,158.89999389648438,NULL,14270934,True,98364
"00005.HK","2026-07-23",160.60000610351562,162.0,NULL,161.5,NULL,16595815,True,98365
"00005.HK","2026-07-24",159.8000030517578,161.60000610351562,NULL,161.39999389648438,NULL,10606273,True,98366
"00005.HK","2026-07-27",161.0,163.39999389648438,NULL,162.8000030517578,NULL,12937163,True,98367
"00005.HK","2026-07-28",162.0,162.5,NULL,162.0,NULL,8011395,True,98368
"00005.HK","2026-07-29",162.8000030517578,164.6999969482422,NULL,164.6999969482422,NULL,20520250,True,98369
"00005.HK","2026-07-30",162.1999969482422,164.60000610351562,NULL,164.5,NULL,21285981,True,98370
"00005.HK","2026-07-31",166.60000610351562,168.89999389648438,NULL,168.1999969482422,NULL,21451778,True,98371
"00006.HK","2024-01-02",45.250000,45.400002,44.750000,45.299999,45.299999,1920891,True,74330
"00006.HK","2024-01-03",45.200001,45.200001,44.049999,44.849998,44.849998,2796094,True,74361
"00006.HK","2024-01-04",44.650002,45.200001,44.150002,45.150002,45.150002,2976657,True,74391
"00006.HK","2024-01-05",44.750000,45.150002,44.450001,45.000000,45.000000,1675637,True,74423
"00006.HK","2024-01-08",45.000000,45.000000,44.200001,44.450001,44.450001,1720976,True,74453
"00006.HK","2024-01-09",44.599998,45.000000,44.450001,44.599998,44.599998,1372146,True,74485
"00006.HK","2024-01-10",44.250000,44.599998,44.250000,44.549999,44.549999,2607801,True,74515
"00006.HK","2024-01-11",44.549999,45.150002,44.150002,44.799999,44.799999,2036518,True,74547
"00006.HK","2024-01-12",44.400002,44.650002,44.150002,44.400002,44.400002,1526992,True,74577
"00006.HK","2024-01-15",44.400002,45.500000,44.200001,45.500000,45.500000,3035165,True,74596
"00006.HK","2024-01-16",45.400002,45.549999,44.299999,44.450001,44.450001,2991036,True,74624
"00006.HK","2024-01-17",44.299999,44.349998,43.049999,43.500000,43.500000,4503974,True,74655
"00006.HK","2024-01-18",43.500000,44.349998,43.150002,44.099998,44.099998,2692141,True,74685
"00006.HK","2024-01-19",44.000000,44.450001,43.650002,44.000000,44.000000,2402127,True,74717
"00006.HK","2024-01-22",44.000000,44.150002,43.400002,44.000000,44.000000,3324965,True,74748
"00006.HK","2024-01-23",44.000000,45.099998,43.700001,44.849998,44.849998,4804842,True,74780
"00006.HK","2024-01-24",44.700001,45.500000,44.500000,45.500000,45.500000,6691958,True,74810
"00006.HK","2024-01-25",45.400002,46.049999,45.150002,46.000000,46.000000,5382331,True,74842
"00006.HK","2024-01-26",45.750000,46.349998,45.549999,45.750000,45.750000,3251514,True,74872
"00006.HK","2024-01-29",45.799999,46.450001,45.650002,46.000000,46.000000,3186829,True,74904
"00006.HK","2024-01-30",46.000000,46.150002,45.099998,45.349998,45.349998,5455312,True,74934
"00006.HK","2024-01-31",45.450001,45.950001,45.200001,45.799999,45.799999,4811494,True,74966
"00006.HK","2024-02-01",45.549999,46.150002,45.500000,45.599998,45.599998,3737002,True,74996
"00006.HK","2024-02-02",46.000000,46.299999,45.599998,46.299999,46.299999,3868435,True,75028
"00006.HK","2024-02-05",45.799999,46.799999,45.799999,46.400002,46.400002,4367343,True,75058
"00006.HK","2024-02-06",46.200001,46.799999,45.950001,46.700001,46.700001,2832700,True,75090
"00006.HK","2024-02-07",46.400002,47.150002,46.400002,46.450001,46.450001,2675166,True,75120
"00006.HK","2024-02-08",46.950001,47.250000,45.700001,45.849998,45.849998,3646767,True,75152
"00006.HK","2024-02-09",45.849998,46.049999,45.549999,46.049999,46.049999,662873,True,75182
"00006.HK","2024-02-14",45.750000,45.750000,45.150002,45.500000,45.500000,1893240,True,75244
"00006.HK","2024-02-15",45.750000,45.500000,45.000000,45.150002,45.150002,1523278,True,75275
"00006.HK","2024-02-16",45.400002,45.700001,45.200001,45.299999,45.299999,2079719,True,75305
"00006.HK","2024-02-19",45.299999,46.200001,45.299999,46.000000,46.000000,1952433,True,75324
"00006.HK","2024-02-20",45.900002,46.900002,45.849998,46.900002,46.900002,2501280,True,75352
"00006.HK","2024-02-21",46.900002,47.650002,46.750000,46.849998,46.849998,3465964,True,75384
"00006.HK","2024-02-22",46.799999,46.849998,46.250000,46.750000,46.750000,1322238,True,75414
"00006.HK","2024-02-23",46.750000,47.400002,46.750000,47.000000,47.000000,2490087,True,75446
"00006.HK","2024-02-26",46.750000,47.200001,46.750000,46.950001,46.950001,1854020,True,75476
"00006.HK","2024-02-27",47.000000,47.700001,46.849998,47.549999,47.549999,3028836,True,75508
"00006.HK","2024-02-28",47.549999,48.150002,47.400002,48.000000,48.000000,3204222,True,75538
"00006.HK","2024-02-29",48.000000,48.000000,47.000000,47.099998,47.099998,4787745,True,75570
"00006.HK","2024-03-01",46.900002,47.700001,46.450001,47.099998,47.099998,2999377,True,75600
"00006.HK","2024-03-04",47.049999,47.799999,47.000000,47.500000,47.500000,2405052,True,75632
"00006.HK","2024-03-05",47.099998,47.700001,46.400002,46.700001,46.700001,1714465,True,75662
"00006.HK","2024-03-06",46.500000,47.250000,46.349998,47.000000,47.000000,1585948,True,75716
"00006.HK","2024-03-07",47.000000,47.450001,46.950001,47.250000,47.250000,1657591,True,75717
"00006.HK","2024-03-08",47.200001,47.549999,46.349998,46.450001,46.450001,1837275,True,75756
"00006.HK","2024-03-11",46.450001,46.900002,46.000000,46.150002,46.150002,1591573,True,75786
"00006.HK","2024-03-12",46.000000,46.900002,46.000000,46.450001,46.450001,2787533,True,75818
"00006.HK","2024-03-13",46.299999,46.900002,46.299999,46.599998,46.599998,2678011,True,75848
"00006.HK","2024-03-14",46.500000,46.500000,45.900002,46.349998,46.349998,2167262,True,75880
"00006.HK","2024-03-15",46.349998,46.349998,45.599998,46.150002,46.150002,4121385,True,75910
"00006.HK","2024-03-18",46.150002,46.299999,45.950001,46.099998,46.099998,1076451,True,75942
"00006.HK","2024-03-19",45.900002,46.400002,45.650002,45.950001,45.950001,1886303,True,75972
"00006.HK","2024-03-20",46.200001,46.349998,45.799999,45.799999,45.799999,1066579,True,76004
"00006.HK","2024-03-21",46.400002,47.299999,46.099998,47.049999,47.049999,2172694,True,76034
"00006.HK","2024-03-22",46.650002,46.950001,45.849998,46.700001,46.700001,3216515,True,76066
"00006.HK","2024-03-25",46.700001,47.500000,46.700001,46.849998,46.849998,1778689,True,76096
"00006.HK","2024-03-26",47.400002,47.400002,46.400002,46.450001,46.450001,2516258,True,76128
"00006.HK","2024-03-27",46.900002,46.900002,45.900002,46.000000,46.000000,1909066,True,76158
"00006.HK","2024-03-28",46.000000,46.150002,45.700001,45.799999,45.799999,2583421,True,76190
"00006.HK","2024-04-02",45.900002,46.900002,45.549999,45.750000,45.750000,3627735,True,76235
"00006.HK","2024-04-03",45.500000,45.750000,45.000000,45.099998,45.099998,4074583,True,76267
"00006.HK","2024-04-05",45.549999,45.549999,44.700001,45.200001,45.200001,2426963,True,76312
"00006.HK","2024-04-08",45.000000,45.450001,44.700001,45.150002,45.150002,1658423,True,76344
"00006.HK","2024-04-09",45.500000,46.450001,45.400002,45.849998,45.849998,1958107,True,76374
"00006.HK","2024-04-10",46.299999,46.450001,46.049999,46.299999,46.299999,1510262,True,76406
"00006.HK","2024-04-11",45.650002,45.700001,45.099998,45.500000,45.500000,2084426,True,76436
"00006.HK","2024-04-12",45.599998,45.599998,44.500000,44.549999,44.549999,2873118,True,76468
"00006.HK","2024-04-15",44.349998,44.500000,43.250000,44.049999,44.049999,3177532,True,76498
"00006.HK","2024-04-16",43.400002,43.799999,43.000000,43.250000,43.250000,2326481,True,76530
"00006.HK","2024-04-17",43.250000,43.750000,43.049999,43.650002,43.650002,2109836,True,76560
"00006.HK","2024-04-18",43.700001,43.700001,42.849998,43.099998,43.099998,3440308,True,76592
"00006.HK","2024-04-19",43.000000,43.349998,42.549999,43.299999,43.299999,2152051,True,76622
"00006.HK","2024-04-22",43.450001,44.200001,43.049999,44.049999,44.049999,2046973,True,76654
"00006.HK","2024-04-23",43.799999,44.799999,43.799999,44.500000,44.500000,1814596,True,76684
"00006.HK","2024-04-24",44.849998,44.900002,44.450001,44.700001,44.700001,1802675,True,76716
"00006.HK","2024-04-25",44.700001,45.549999,44.650002,45.450001,45.450001,2520944,True,76746
"00006.HK","2024-04-26",45.599998,45.849998,45.049999,45.099998,45.099998,2567581,True,76778
"00006.HK","2024-04-29",45.250000,45.599998,44.549999,44.900002,44.900002,2471558,True,76808
"00006.HK","2024-04-30",45.049999,45.500000,44.700001,45.049999,45.049999,1955092,True,76840
"00006.HK","2024-05-02",44.849998,45.500000,44.849998,45.150002,45.150002,1382408,True,76885
"00006.HK","2024-05-03",45.650002,45.650002,44.849998,44.950001,44.950001,2286051,True,76917
"00006.HK","2024-05-06",44.900002,45.049999,44.599998,44.900002,44.900002,3010628,True,76947
"00006.HK","2024-05-07",45.000000,45.150002,44.599998,44.950001,44.950001,2791048,True,76979
"00006.HK","2024-05-08",44.950001,45.150002,44.650002,44.700001,44.700001,3411395,True,77009
"00006.HK","2024-05-09",44.700001,45.049999,44.500000,45.000000,45.000000,1764005,True,77041
"00006.HK","2024-05-10",45.099998,46.700001,44.950001,46.700001,46.700001,5682946,True,77071
"00006.HK","2024-05-13",46.650002,47.099998,46.500000,46.950001,46.950001,2865818,True,77103
"00006.HK","2024-05-14",47.000000,47.250000,46.400002,46.650002,46.650002,3299891,True,77133
"00006.HK","2024-05-16",47.049999,47.200001,46.450001,47.099998,47.099998,2958283,True,77180
"00006.HK","2024-05-17",47.250000,47.299999,46.599998,46.799999,46.799999,2110659,True,77211
"00006.HK","2024-05-20",46.750000,47.500000,46.700001,47.299999,47.299999,2626058,True,77233
"00006.HK","2024-05-21",47.299999,47.450001,46.849998,47.200001,47.200001,1821175,True,77265
"00006.HK","2024-05-22",47.500000,47.599998,47.250000,47.450001,47.450001,1951858,True,77295
"00006.HK","2024-05-23",47.450001,47.500000,47.049999,47.349998,47.349998,1776165,True,77327
"00006.HK","2024-05-24",47.099998,47.349998,46.900002,46.900002,46.900002,2292172,True,77365
"00006.HK","2024-05-27",44.700001,45.000000,44.549999,44.700001,44.700001,2351506,True,77384
"00006.HK","2024-05-28",44.500000,45.700001,44.450001,45.549999,45.549999,3364337,True,77412
"00006.HK","2024-05-29",45.000000,45.500000,43.000000,43.799999,43.799999,3425905,True,77446
"00006.HK","2024-05-30",43.799999,44.049999,43.049999,43.299999,43.299999,2927316,True,77588
"00006.HK","2024-05-31",43.750000,44.200001,43.250000,43.299999,43.299999,7854794,True,77589
"00006.HK","2024-06-03",43.750000,44.400002,43.549999,44.200001,44.200001,2493460,True,77590
"00006.HK","2024-06-04",44.049999,44.500000,44.000000,44.299999,44.299999,2385767,True,77591
"00006.HK","2024-06-05",44.150002,44.500000,43.549999,43.750000,43.750000,2681556,True,77592
"00006.HK","2024-06-06",43.750000,44.299999,43.650002,43.849998,43.849998,1900121,True,77593
"00006.HK","2024-06-07",43.750000,44.400002,43.599998,44.049999,44.049999,2646215,True,77594
"00006.HK","2024-06-11",43.599998,44.049999,42.799999,42.950001,42.950001,3252943,True,78570
"00006.HK","2024-06-12",43.000000,43.000000,41.900002,42.299999,42.299999,3030313,True,78571
"00006.HK","2024-06-13",42.500000,42.950001,42.349998,42.950001,42.950001,2133010,True,78572
"00006.HK","2024-06-14",42.950001,43.099998,42.450001,42.599998,42.599998,1411836,True,78573
"00006.HK","2024-06-17",42.599998,42.950001,41.750000,41.900002,41.900002,2234631,True,78574
"00006.HK","2024-06-18",41.900002,42.250000,41.549999,42.099998,42.099998,1910189,True,78575
"00006.HK","2024-06-19",42.099998,42.750000,41.950001,42.549999,42.549999,1381578,True,78576
"00006.HK","2024-06-20",42.650002,42.650002,42.000000,42.099998,42.099998,1218465,True,78577
"00006.HK","2024-06-21",41.849998,41.950001,41.049999,41.299999,41.299999,6064458,True,78578
"00006.HK","2024-06-24",41.299999,41.900002,41.150002,41.849998,41.849998,1599629,True,78579
"00006.HK","2024-06-25",41.849998,42.150002,41.349998,41.549999,41.549999,2068564,True,78580
"00006.HK","2024-06-26",41.549999,42.000000,41.200001,41.750000,41.750000,2263217,True,78581
"00006.HK","2024-06-27",41.549999,41.799999,41.250000,41.599998,41.599998,3007872,True,78582
"00006.HK","2024-06-28",41.650002,42.650002,41.400002,42.250000,42.250000,4518217,True,78583
"00006.HK","2024-07-02",42.549999,42.849998,42.250000,42.450001,42.450001,2903934,True,78584
"00006.HK","2024-07-03",42.450001,42.900002,42.450001,42.549999,42.549999,1802257,True,78585
"00006.HK","2024-07-04",42.549999,43.000000,42.500000,42.599998,42.599998,701346,True,78586
"00006.HK","2024-07-08",42.299999,42.549999,41.950001,42.400002,42.400002,2164421,True,78587
"00006.HK","2024-07-09",42.200001,42.750000,41.900002,42.549999,42.549999,2290367,True,78588
"00006.HK","2024-07-10",42.549999,43.299999,42.150002,42.750000,42.750000,2007829,True,78589
"00006.HK","2024-07-11",42.900002,44.049999,42.799999,43.849998,43.849998,2820123,True,78590
"00006.HK","2024-07-12",44.049999,45.500000,44.049999,45.099998,45.099998,5593902,True,78591
"00006.HK","2024-07-15",45.250000,45.450001,44.950001,45.250000,45.250000,2201328,True,78592
"00006.HK","2024-07-16",44.799999,45.150002,44.349998,44.950001,44.950001,2266732,True,78593
"00006.HK","2024-07-17",44.650002,46.549999,44.650002,46.099998,46.099998,5151755,True,78594
"00006.HK","2024-07-18",46.049999,47.400002,45.950001,46.750000,46.750000,4750792,True,78595
"00006.HK","2024-07-19",46.599998,47.000000,46.200001,46.900002,46.900002,4318959,True,78596
"00006.HK","2024-07-22",46.950001,48.150002,46.400002,48.000000,48.000000,6592468,True,78597
"00006.HK","2024-07-23",48.000000,48.200001,47.750000,47.750000,47.750000,5257345,True,78598
"00006.HK","2024-07-24",47.599998,48.500000,47.599998,48.400002,48.400002,7532275,True,78599
"00006.HK","2024-07-25",48.400002,49.599998,48.099998,49.450001,49.450001,10958075,True,78600
"00006.HK","2024-07-26",49.500000,49.500000,48.950001,49.150002,49.150002,7912203,True,78601
"00006.HK","2024-07-29",49.150002,49.650002,48.750000,49.450001,49.450001,5455172,True,78602
"00006.HK","2024-07-30",49.450001,49.900002,49.000000,49.349998,49.349998,7535112,True,78603
"00006.HK","2024-07-31",49.400002,50.000000,49.200001,49.799999,49.799999,5457534,True,78604
"00006.HK","2024-08-01",49.900002,52.349998,49.700001,52.299999,52.299999,12778756,True,78605
"00006.HK","2024-08-02",51.799999,52.500000,51.500000,51.799999,51.799999,9475329,True,78606
"00006.HK","2024-08-05",51.549999,52.150002,50.900002,51.549999,51.549999,9350509,True,78607
"00006.HK","2024-08-06",51.799999,52.299999,51.150002,51.750000,51.750000,4946190,True,78608
"00006.HK","2024-08-07",51.750000,53.799999,51.599998,53.700001,53.700001,7316546,True,78609
"00006.HK","2024-08-08",53.500000,54.200001,53.299999,53.950001,53.950001,5809121,True,78610
"00006.HK","2024-08-09",54.000000,54.200001,53.549999,54.049999,54.049999,3475837,True,78611
"00006.HK","2024-08-12",53.2285709917972,53.425714599362685,53.03142738423171,53.130001068115234,0,3468535,True,81265
"00006.HK","2024-08-13",53.22857072919367,54.06642635696147,53.08071208419862,53.91857147216797,0,4573240,True,81266
"00006.HK","2024-08-14",54.165000915527344,54.312855802709805,53.32714151402032,54.165000915527344,0,5923294,True,81267
"00006.HK","2024-08-15",53.672142028808594,53.96785555377529,52.04571200118957,53.672142028808594,0,6269391,True,81268
"00006.HK","2024-08-16",53.22856903076172,53.47499759108932,52.19356982942608,53.22856903076172,0,6423524,True,81269
"00006.HK","2024-08-19",53.03142749058071,53.42571470650238,52.390715464959946,52.735713958740234,0,5124588,True,81270
"00006.HK","2024-08-20",52.390713340594985,53.81999597990226,52.390713340594985,53.62285614013672,0,4385704,True,81271
"00006.HK","2024-08-21",53.622856473666616,53.622856473666616,52.19357006526787,52.439998626708984,0,4664750,True,81272
"00006.HK","2024-08-22",52.538570566715634,52.538570566715634,51.799284853975166,52.144287109375,0,3322788,True,81273
"00006.HK","2024-08-23",51.84856987009852,52.489285659221295,51.799284907904834,51.9471435546875,0,1440789,True,81274
"00006.HK","2024-08-26",52.24285400284382,52.883569754129056,51.947140486943475,52.587852478027344,0,2933211,True,81275
"00006.HK","2024-08-27",52.43999945511437,53.031426507835356,52.193570889780375,52.88357162475586,0,2512158,True,81276
"00006.HK","2024-08-28",52.83428453266706,53.67214393675884,52.39071610954969,53.573570251464844,0,3540010,True,81277
"00006.HK","2024-08-29",53.376427625466064,54.06642458563309,53.03142538518113,53.42571258544922,0,6201286,True,81278
"00006.HK","2024-08-30",53.327139782846224,53.96785555377529,53.327139782846224,53.672142028808594,0,6864605,True,81279
"00006.HK","2024-09-02",53.6721411000781,53.967854619927834,53.376427580228366,53.62285614013672,0,3345918,True,81280
"00006.HK","2024-09-03",53.67214316876915,53.77071309245112,53.080712346072694,53.130001068115234,0,2732285,True,81281
"00006.HK","2024-09-04",52.637142080945374,53.22856912267227,51.89785639868604,52.83428192138672,0,3925276,True,81282
"00006.HK","2024-09-05",52.83428094958951,53.721425256063775,52.58785239336904,52.982139587402344,0,6012187,True,81283
"00006.HK","2024-09-09",52.98214129708533,54.559282603708674,52.834282654501244,53.672142028808594,0,4935821,True,81284
"00006.HK","2024-09-10",53.62285604072688,54.017139479728435,53.228568841523916,53.81999588012695,0,3746780,True,81285
"00006.HK","2024-09-11",53.849998474121094,53.849998474121094,52.95000076293945,53.25,0,4060499,True,81286
"00006.HK","2024-09-12",53.20000076293945,53.25,52.099998474121094,52.54999923706055,0,3307503,True,81287
"00006.HK","2024-09-13",52.75,53.599998474121094,52.349998474121094,53.5,0,2479090,True,81288
"00006.HK","2024-09-16",53.599998474121094,54.150001525878906,53.5,54.150001525878906,0,1340718,True,84661
"00006.HK","2024-09-17",53.650001525878906,55.349998474121094,53.650001525878906,54.900001525878906,0,3140368,True,84662
"00006.HK","2024-09-19",54.900001525878906,54.900001525878906,53.20000076293945,54.099998474121094,0,4289987,True,84663
"00006.HK","2024-09-20",53.79999923706055,54.349998474121094,52.400001525878906,53.04999923706055,0,7638599,True,84664
"00006.HK","2024-09-23",53.150001525878906,53.79999923706055,52.599998474121094,53.5,0,3253460,True,84665
"00006.HK","2024-09-24",53.5,54.54999923706055,51.45000076293945,51.849998474121094,0,8147142,True,84666
"00006.HK","2024-09-25",52.150001525878906,52.54999923706055,51.349998474121094,52.150001525878906,0,6524538,True,84667
"00006.HK","2024-09-26",52.04999923706055,52.20000076293945,50.75,51.099998474121094,0,9929390,True,84668
"00006.HK","2024-09-27",51.099998474121094,51.099998474121094,49.349998474121094,51.099998474121094,0,11942376,True,84669
"00006.HK","2024-09-30",50.900001525878906,51.20000076293945,49.400001525878906,49.79999923706055,0,10481965,True,84670
"00006.HK","2024-10-02",49.849998474121094,50.25,48.54999923706055,49.400001525878906,0,9818667,True,84671
"00006.HK","2024-10-03",49.400001525878906,50.45000076293945,49.0,49.20000076293945,0,4585944,True,84672
"00006.HK","2024-10-04",49.20000076293945,49.650001525878906,48.79999923706055,49.650001525878906,0,4386431,True,84673
"00006.HK","2024-10-07",49.70000076293945,49.70000076293945,48.599998474121094,48.79999923706055,0,5928328,True,84674
"00006.HK","2024-10-08",48.849998474121094,49.25,47.75,48.70000076293945,0,11205387,True,84675
"00006.HK","2024-10-09",48.70000076293945,49.79999923706055,48.70000076293945,49.650001525878906,0,11489653,True,84676
"00006.HK","2024-10-10",49.599998474121094,50.20000076293945,49.0,50.04999923706055,0,7718687,True,84677
"00006.HK","2024-10-14",50.29999923706055,51.099998474121094,49.75,50.79999923706055,0,6451872,True,84678
"00006.HK","2024-10-15",50.900001525878906,51.849998474121094,50.599998474121094,51.20000076293945,0,9304461,True,84679
"00006.HK","2024-10-16",51.20000076293945,51.45000076293945,50.04999923706055,50.54999923706055,0,6442530,True,84680
"00006.HK","2024-10-17",50.650001525878906,52.150001525878906,50.54999923706055,51.45000076293945,0,6117163,True,84681
"00006.HK","2024-10-18",51.29999923706055,52.04999923706055,51.04999923706055,51.349998474121094,0,3812065,True,84682
"00006.HK","2024-10-21",51.04999923706055,52.0,50.849998474121094,51.650001525878906,0,3932594,True,84683
"00006.HK","2024-10-22",51.349998474121094,52.099998474121094,51.349998474121094,51.75,0,3592927,True,84684
"00006.HK","2024-10-23",51.95000076293945,51.95000076293945,51.400001525878906,51.54999923706055,0,2727671,True,84685
"00006.HK","2024-10-24",51.349998474121094,51.900001525878906,51.0,51.75,0,2489438,True,84686
"00006.HK","2024-10-25",51.54999923706055,51.95000076293945,51.349998474121094,51.70000076293945,0,2568210,True,84687
"00006.HK","2024-10-28",51.599998474121094,52.0,51.400001525878906,51.900001525878906,0,1979138,True,84688
"00006.HK","2024-10-29",51.54999923706055,51.95000076293945,51.400001525878906,51.79999923706055,0,2442133,True,84689
"00006.HK","2024-10-30",51.79999923706055,52.400001525878906,51.75,51.75,0,3714657,True,84690
"00006.HK","2024-10-31",51.79999923706055,52.099998474121094,51.5,51.75,0,3499674,True,84691
"00006.HK","2024-11-01",51.849998474121094,52.25,51.650001525878906,52.0,0,2157133,True,84692
"00006.HK","2024-11-04",52.0,52.400001525878906,51.599998474121094,52.20000076293945,0,1932350,True,84693
"00006.HK","2024-11-05",52.0,52.70000076293945,50.400001525878906,51.400001525878906,0,4178662,True,84694
"00006.HK","2024-11-06",50.75,51.20000076293945,50.099998474121094,50.95000076293945,0,3322493,True,84695
"00006.HK","2024-11-07",50.400001525878906,50.650001525878906,49.900001525878906,50.25,0,3344659,True,84696
"00006.HK","2024-11-08",50.54999923706055,51.20000076293945,50.45000076293945,50.599998474121094,0,2031304,True,84697
"00006.HK","2024-11-11",50.599998474121094,50.849998474121094,50.400001525878906,50.70000076293945,0,1822733,True,84698
"00006.HK","2024-11-12",50.599998474121094,50.70000076293945,49.95000076293945,50.5,0,3269183,True,84699
"00006.HK","2024-11-13",50.5,50.70000076293945,49.04999923706055,49.5,0,4365410,True,84700
"00006.HK","2024-11-14",49.25,49.70000076293945,49.0,49.70000076293945,0,3614086,True,84701
"00006.HK","2024-11-15",49.70000076293945,50.95000076293945,49.5,50.400001525878906,0,2316476,True,84702
"00006.HK","2024-11-18",51.0,51.0,49.95000076293945,50.099998474121094,0,2192981,True,84703
"00006.HK","2024-11-19",50.04999923706055,50.900001525878906,49.599998474121094,50.650001525878906,0,3028982,True,84704
"00006.HK","2024-11-20",50.650001525878906,51.0,50.20000076293945,50.349998474121094,0,1937659,True,84705
"00006.HK","2024-11-21",50.20000076293945,51.150001525878906,49.849998474121094,51.150001525878906,0,2268071,True,84706
"00006.HK","2024-11-22",51.20000076293945,51.29999923706055,50.20000076293945,50.45000076293945,0,2211525,True,84707
"00006.HK","2024-11-25",50.45000076293945,51.099998474121094,50.25,50.5,0,4542395,True,84708
"00006.HK","2024-11-26",50.5,50.95000076293945,50.5,50.75,0,3044169,True,84709
"00006.HK","2024-11-27",50.599998474121094,50.75,50.20000076293945,50.5,0,2137449,True,84710
"00006.HK","2024-11-28",50.5,50.95000076293945,50.29999923706055,50.900001525878906,0,1211013,True,84711
"00006.HK","2024-11-29",51.0,51.150001525878906,50.599998474121094,51.0,0,1681721,True,84712
"00006.HK","2024-12-02",51.099998474121094,51.20000076293945,50.400001525878906,50.95000076293945,0,1545405,True,84713
"00006.HK","2024-12-03",50.900001525878906,51.79999923706055,50.54999923706055,51.79999923706055,0,3042602,True,84714
"00006.HK","2024-12-04",51.599998474121094,51.599998474121094,50.79999923706055,51.20000076293945,0,1914524,True,84715
"00006.HK","2024-12-05",51.20000076293945,51.650001525878906,50.79999923706055,51.45000076293945,0,2262583,True,84716
"00006.HK","2024-12-06",51.0,51.849998474121094,51.0,51.599998474121094,0,2218971,True,84717
"00006.HK","2024-12-09",51.900001525878906,51.900001525878906,51.099998474121094,51.650001525878906,0,3299344,True,84718
"00006.HK","2024-12-10",52.20000076293945,52.29999923706055,51.45000076293945,51.95000076293945,0,2703050,True,84719
"00006.HK","2024-12-11",52.400001525878906,52.650001525878906,51.70000076293945,52.400001525878906,0,3634824,True,84720
"00006.HK","2024-12-12",51.95000076293945,52.599998474121094,51.54999923706055,51.650001525878906,0,3106797,True,84721
"00006.HK","2024-12-13",51.599998474121094,51.599998474121094,50.79999923706055,50.95000076293945,0,2981654,True,84722
"00006.HK","2024-12-16",51.0,51.20000076293945,50.75,51.04999923706055,0,3951808,True,84723
"00006.HK","2024-12-17",51.04999923706055,51.150001525878906,50.20000076293945,50.75,0,3310142,True,84724
"00006.HK","2024-12-18",50.75,51.79999923706055,50.75,51.45000076293945,0,2452970,True,84725
"00006.HK","2024-12-19",51.400001525878906,51.400001525878906,50.650001525878906,50.650001525878906,0,3130093,True,84726
"00006.HK","2024-12-20",50.599998474121094,52.349998474121094,50.54999923706055,51.75,0,6334265,True,84727
"00006.HK","2024-12-23",51.75,52.849998474121094,51.650001525878906,52.70000076293945,0,3857879,True,84728
"00006.HK","2024-12-24",53.79999923706055,53.79999923706055,53.79999923706055,53.79999923706055,0,0,True,84729
"00006.HK","2024-12-27",53.79999923706055,54.20000076293945,53.45000076293945,53.70000076293945,0,2893146,True,84730
"00006.HK","2024-12-30",53.5,54.349998474121094,53.099998474121094,54.20000076293945,0,3311635,True,84731
"00006.HK","2024-12-31",54.349998474121094,54.349998474121094,54.349998474121094,54.349998474121094,0,0,True,84732
"00006.HK","2025-01-02",54.20000076293945,54.20000076293945,52.849998474121094,53.150001525878906,0,2637062,True,84733
"00006.HK","2025-01-03",53.150001525878906,53.650001525878906,52.95000076293945,53.150001525878906,0,1956326,True,84734
"00006.HK","2025-01-06",52.95000076293945,53.95000076293945,52.95000076293945,53.75,0,1847493,True,84735
"00006.HK","2025-01-07",53.75,53.79999923706055,52.70000076293945,52.849998474121094,0,2240189,True,84736
"00006.HK","2025-01-08",52.849998474121094,53.5,52.25,52.25,0,2524040,True,84737
"00006.HK","2025-01-09",52.25,52.599998474121094,51.95000076293945,52.45000076293945,0,2408336,True,84738
"00006.HK","2025-01-10",52.0,53.099998474121094,52.0,52.54999923706055,0,1997377,True,84739
"00006.HK","2025-01-13",52.599998474121094,52.599998474121094,50.79999923706055,51.29999923706055,0,3319626,True,84740
"00006.HK","2025-01-14",51.45000076293945,51.79999923706055,51.099998474121094,51.20000076293945,0,2724554,True,84741
"00006.HK","2025-01-15",51.20000076293945,51.79999923706055,50.79999923706055,51.0,0,2081471,True,84742
"00006.HK","2025-01-16",51.099998474121094,51.79999923706055,51.04999923706055,51.150001525878906,0,1966607,True,84743
"00006.HK","2025-01-17",51.150001525878906,52.29999923706055,51.150001525878906,51.849998474121094,0,3091410,True,84744
"00006.HK","2025-01-20",52.0,52.75,51.75,52.400001525878906,0,1833395,True,84745
"00006.HK","2025-01-21",52.75,52.79999923706055,51.79999923706055,51.79999923706055,0,1472863,True,84746
"00006.HK","2025-01-22",52.0,52.29999923706055,51.29999923706055,51.400001525878906,0,1868169,True,84747
"00006.HK","2025-01-23",51.400001525878906,51.70000076293945,50.900001525878906,51.0,0,2058876,True,84748
"00006.HK","2025-01-24",51.099998474121094,51.70000076293945,50.79999923706055,50.900001525878906,0,2905170,True,84749
"00006.HK","2025-01-27",50.95000076293945,51.599998474121094,50.75,50.75,0,1598473,True,84750
"00006.HK","2025-01-28",50.5,50.5,50.5,50.5,0,0,True,84751
"00006.HK","2025-02-03",49.400001525878906,50.5,49.400001525878906,50.400001525878906,0,3230009,True,84752
"00006.HK","2025-02-04",50.849998474121094,51.099998474121094,50.150001525878906,50.25,0,3167426,True,84753
"00006.HK","2025-02-05",50.25,50.79999923706055,49.900001525878906,50.04999923706055,0,3138173,True,84754
"00006.HK","2025-02-06",50.04999923706055,50.400001525878906,49.79999923706055,49.900001525878906,0,2393729,True,84755
"00006.HK","2025-02-07",50.150001525878906,50.20000076293945,49.599998474121094,49.650001525878906,0,3051536,True,84756
"00006.HK","2025-02-10",49.95000076293945,50.25,49.599998474121094,49.650001525878906,0,3677823,True,84757
"00006.HK","2025-02-11",50.0,50.04999923706055,49.29999923706055,49.45000076293945,0,2952766,True,84758
"00006.HK","2025-02-12",49.79999923706055,50.04999923706055,49.54999923706055,49.599998474121094,0,3312632,True,84759
"00006.HK","2025-02-13",49.70000076293945,50.20000076293945,49.599998474121094,49.79999923706055,0,3593426,True,84760
"00006.HK","2025-02-14",49.75,50.099998474121094,49.099998474121094,49.20000076293945,0,4807692,True,84761
"00006.HK","2025-02-17",49.20000076293945,49.70000076293945,48.79999923706055,49.5,0,4082923,True,84762
"00006.HK","2025-02-18",49.400001525878906,50.20000076293945,49.400001525878906,49.849998474121094,0,3235518,True,84763
"00006.HK","2025-02-19",49.79999923706055,50.0,49.5,49.95000076293945,0,2667821,True,84764
"00006.HK","2025-02-20",49.75,50.54999923706055,49.75,50.04999923706055,0,3121923,True,84765
"00006.HK","2025-02-21",50.04999923706055,50.54999923706055,49.79999923706055,50.349998474121094,0,4052807,True,84766
"00006.HK","2025-02-24",50.29999923706055,51.04999923706055,49.95000076293945,50.650001525878906,0,4723454,True,84767
"00006.HK","2025-02-25",50.599998474121094,51.650001525878906,50.599998474121094,51.5,0,5135380,True,84768
"00006.HK","2025-02-26",51.5,52.400001525878906,51.5,51.650001525878906,0,4013378,True,84769
"00006.HK","2025-02-27",51.45000076293945,52.54999923706055,51.25,52.5,0,4442305,True,84770
"00006.HK","2025-02-28",52.45000076293945,52.70000076293945,51.900001525878906,52.70000076293945,0,6694514,True,84771
"00006.HK","2025-03-03",52.29999923706055,52.79999923706055,51.150001525878906,51.650001525878906,0,6385262,True,84772
"00006.HK","2025-03-04",51.5,52.45000076293945,51.45000076293945,52.150001525878906,0,3146808,True,84773
"00006.HK","2025-03-05",52.20000076293945,53.75,52.20000076293945,53.599998474121094,0,7137076,True,84774
"00006.HK","2025-03-06",53.599998474121094,54.20000076293945,53.20000076293945,53.5,0,4846697,True,84775
"00006.HK","2025-03-07",53.599998474121094,54.099998474121094,53.349998474121094,53.900001525878906,0,4518505,True,84776
"00006.HK","2025-03-10",53.54999923706055,54.0,53.04999923706055,53.20000076293945,0,2580485,True,84777
"00006.HK","2025-03-11",53.25,54.0,52.900001525878906,53.95000076293945,0,3125732,True,84778
"00006.HK","2025-03-12",53.349998474121094,53.349998474121094,52.45000076293945,53.150001525878906,0,2958132,True,84779
"00006.HK","2025-03-13",53.349998474121094,53.45000076293945,52.650001525878906,52.75,0,3005305,True,84780
"00006.HK","2025-03-14",52.900001525878906,53.20000076293945,51.150001525878906,51.45000076293945,0,5763742,True,84781
"00006.HK","2025-03-17",51.45000076293945,51.599998474121094,50.599998474121094,50.75,0,5097465,True,84782
"00006.HK","2025-03-18",51.0,51.04999923706055,49.900001525878906,50.099998474121094,0,11674559,True,84783
"00006.HK","2025-03-19",50.099998474121094,50.5,49.400001525878906,49.75,0,6758452,True,84784
"00006.HK","2025-03-20",49.70000076293945,49.70000076293945,48.0,48.04999923706055,0,13356211,True,84785
"00006.HK","2025-03-21",48.5,48.70000076293945,48.099998474121094,48.25,0,8905921,True,84786
"00006.HK","2025-03-24",48.25,48.29999923706055,47.599998474121094,47.95000076293945,0,7463936,True,84787
"00006.HK","2025-03-25",47.95000076293945,48.099998474121094,47.150001525878906,47.150001525878906,0,5174339,True,84788
"00006.HK","2025-03-26",47.400001525878906,47.79999923706055,47.04999923706055,47.20000076293945,0,3483165,True,84789
"00006.HK","2025-03-27",47.099998474121094,47.54999923706055,46.5,46.54999923706055,0,6754793,True,84790
"00006.HK","2025-03-28",46.70000076293945,46.79999923706055,45.95000076293945,46.25,0,6960656,True,84791
"00006.HK","2025-03-31",46.0,46.70000076293945,46.0,46.599998474121094,0,4588275,True,84792
"00006.HK","2025-04-01",46.70000076293945,47.54999923706055,46.599998474121094,47.400001525878906,0,4462272,True,84793
"00006.HK","2025-04-02",47.5,47.79999923706055,47.20000076293945,47.599998474121094,0,3528313,True,84794
"00006.HK","2025-04-03",47.5,48.150001525878906,47.25,48.04999923706055,0,4522067,True,84795
"00006.HK","2025-04-07",48.04999923706055,49.099998474121094,46.20000076293945,47.75,0,17460387,True,84796
"00006.HK","2025-04-08",47.45000076293945,48.29999923706055,46.099998474121094,46.5,0,10082907,True,84797
"00006.HK","2025-04-09",46.29999923706055,46.70000076293945,45.95000076293945,46.29999923706055,0,5737417,True,84798
"00006.HK","2025-04-10",46.25,47.349998474121094,45.599998474121094,47.0,0,6391872,True,84799
"00006.HK","2025-04-11",47.0,47.150001525878906,46.349998474121094,47.099998474121094,0,3293213,True,84800
"00006.HK","2025-04-14",47.04999923706055,48.099998474121094,47.04999923706055,48.0,0,3137819,True,84801
"00006.HK","2025-04-15",47.79999923706055,48.099998474121094,47.45000076293945,47.900001525878906,0,2169234,True,84802
"00006.HK","2025-04-16",47.54999923706055,48.25,47.54999923706055,48.20000076293945,0,5559744,True,84803
"00006.HK","2025-04-17",48.349998474121094,49.400001525878906,48.20000076293945,49.150001525878906,0,4706733,True,84804
"00006.HK","2025-04-22",49.29999923706055,49.599998474121094,49.150001525878906,49.400001525878906,0,5144654,True,84805
"00006.HK","2025-04-23",49.400001525878906,50.400001525878906,49.400001525878906,50.29999923706055,0,4799805,True,84806
"00006.HK","2025-04-24",49.95000076293945,50.599998474121094,49.95000076293945,50.349998474121094,0,3758218,True,84807
"00006.HK","2025-04-25",50.349998474121094,51.150001525878906,50.20000076293945,50.75,0,4653931,True,84808
"00006.HK","2025-04-28",50.900001525878906,51.20000076293945,50.75,50.75,0,2371882,True,84809
"00006.HK","2025-04-29",51.099998474121094,51.5,51.0,51.150001525878906,0,2846906,True,86530
"00006.HK","2025-04-30",51.150001525878906,51.5,51.04999923706055,51.349998474121094,0,4334202,True,86531
"00006.HK","2025-05-02",51.150001525878906,51.70000076293945,51.04999923706055,51.349998474121094,0,2262314,True,86532
"00006.HK","2025-05-06",51.79999923706055,52.25,51.349998474121094,52.25,0,4021102,True,86533
"00006.HK","2025-05-07",52.5,52.599998474121094,51.900001525878906,52.20000076293945,0,3381406,True,86534
"00006.HK","2025-05-08",52.5,52.79999923706055,52.099998474121094,52.54999923706055,0,3318004,True,86535
"00006.HK","2025-05-09",52.349998474121094,52.75,51.650001525878906,52.25,0,2757206,True,88057
"00006.HK","2025-05-12",52.099998474121094,53.20000076293945,52.099998474121094,52.849998474121094,0,5282545,True,88112
"00006.HK","2025-05-13",52.650001525878906,52.70000076293945,51.95000076293945,52.150001525878906,0,4628674,True,88113
"00006.HK","2025-05-14",52.599998474121094,52.599998474121094,51.849998474121094,52.20000076293945,0,2096175,True,88114
"00006.HK","2025-05-15",52.150001525878906,52.29999923706055,51.54999923706055,51.849998474121094,0,3493245,True,88115
"00006.HK","2025-05-16",49.059185088776566,49.20111281950476,48.5860974655121,49.153804779052734,NULL,3354678,True,0
"00006.HK","2025-05-19",49.20111083984375,49.43765464195838,49.01187507627765,49.20111083984375,NULL,1628156,True,0
"00006.HK","2025-05-20",49.48496609930797,49.95805373622176,49.34304197385717,49.86343765258789,NULL,2664825,True,0
"00006.HK","2025-05-21",49.958050427995865,49.958050427995865,49.01187521682408,49.10649490356445,NULL,5038125,True,0
"00006.HK","2025-05-22",49.10649490356445,49.248419019617025,48.63340729797856,49.10649490356445,NULL,3976378,True,0
"00006.HK","2025-05-23",49.106494762746685,49.20111083984375,49.01187507627765,49.20111083984375,NULL,2909660,True,0
"00006.HK","2025-05-26",49.240504859710406,49.48670738400896,48.895822828393385,49.19126510620117,NULL,2609042,True,0
"00006.HK","2025-05-27",49.19126684894559,49.19126684894559,48.403419494628906,48.403419494628906,NULL,3564060,True,0
"00006.HK","2025-05-28",48.40341872100814,48.649621250094135,48.10797268070298,48.304935455322266,NULL,2642719,True,0
"00006.HK","2025-05-29",48.25569498444858,48.35417449191996,47.86176944105824,48.20645523071289,NULL,2507956,True,0
"00006.HK","2025-05-30",48.35417585574607,49.24050647499702,48.107973323371084,48.89582443237305,NULL,8905339,True,0
"00006.HK","2025-06-02",49.043542802927625,49.33898508503664,48.69886076659251,49.28974533081055,NULL,5731633,True,0
"00006.HK","2025-06-03",49.38822947377457,50.422279357910156,49.28974620681963,50.422279357910156,NULL,4719401,True,0
"00006.HK","2025-06-04",50.42227971476514,51.062404049116346,50.12683742531439,50.471519470214844,NULL,5558764,True,0
"00006.HK","2025-06-05",50.47151921468488,51.554808856103946,50.42227945948448,51.456329345703125,NULL,6499751,True,0
"00006.HK","2025-06-06",51.40709035130666,51.40709035130666,50.02835464477539,50.02835464477539,NULL,5818703,True,0
"00006.HK","2025-06-09",50.42227971476514,50.717722004215894,50.3237964471132,50.471519470214844,NULL,2488662,True,0
"00006.HK","2025-06-10",50.56999748702072,50.56999748702072,50.07759243356676,50.27455520629883,NULL,1998821,True,0
"00006.HK","2025-06-11",50.22531670827596,50.42227948593343,49.929874420166016,49.929874420166016,NULL,2303420,True,0
"00006.HK","2025-06-12",49.929873171582024,50.61924099776805,49.929873171582024,50.27455520629883,NULL,2372199,True,0
"00006.HK","2025-06-13",50.56999629753985,50.914682080901564,50.2745540237672,50.619239807128906,NULL,2685159,True,0
"00006.HK","2025-06-16",50.61924271816374,51.25936705535833,50.61924271816374,51.01316452026367,NULL,2660386,True,0
"00006.HK","2025-06-17",51.062401594260436,51.30860411642515,50.81619907209573,51.160884857177734,NULL,2242261,True,0
"00006.HK","2025-06-18",51.11164605122201,51.11164605122201,50.27455520629883,50.27455520629883,NULL,1572963,True,0
"00006.HK","2025-06-19",50.2745564635022,50.47151924115967,49.88063466493978,49.929874420166016,NULL,1180600,True,0
"00006.HK","2025-06-20",49.92987477689267,50.42227984617809,49.73291199782799,49.9791145324707,NULL,3058269,True,0
"00006.HK","2025-06-23",50.323796937102784,50.37304044978449,49.880635376987975,50.02835464477539,NULL,2246450,True,0
"00006.HK","2025-06-24",50.22531498288645,50.76695978527299,50.22531498288645,50.71772003173828,NULL,2203348,True,0
"00006.HK","2025-06-25",50.71772258372948,51.308607169382576,50.71772258372948,51.06240463256836,NULL,2659424,True,0
"00006.HK","2025-06-26",51.16088580521692,51.25936531320675,50.27455520629883,50.27455520629883,NULL,2610142,True,0
"00006.HK","2025-06-27",50.32379621872844,50.6192422635909,49.73291164250855,49.929874420166016,NULL,3324236,True,0
"00006.HK","2025-06-30",50.22531484484315,50.22531484484315,49.48670727359545,49.68367004394531,NULL,3279819,True,0
"00006.HK","2025-07-02",49.9791145324707,50.27455682269145,49.782151753406026,49.9791145324707,NULL,2438211,True,0
"00006.HK","2025-07-03",50.2745566916635,50.52075922566455,50.02835415766245,50.471519470214844,NULL,2055248,True,0
"00006.HK","2025-07-04",50.32379413362651,50.717719672619644,50.07759161094389,50.668479919433594,NULL,1309950,True,0
"00006.HK","2025-07-07",50.668479665218506,50.76695917109651,50.02835160675441,50.126834869384766,NULL,1949714,True,0
"00006.HK","2025-07-08",50.12683497557852,50.52075675667742,49.634429931640625,49.634429931640625,NULL,3118193,True,0
"00006.HK","2025-07-09",49.929873768374094,49.929873768374094,49.24050593394833,49.338985443115234,NULL,3075427,True,0
"00006.HK","2025-07-10",49.38822823686234,49.732910270690915,49.24050521850586,49.24050521850586,NULL,2610355,True,0
"00006.HK","2025-07-11",49.28974425334565,49.634430038898444,49.142024993896484,49.142024993896484,NULL,4901305,True,0
"00006.HK","2025-07-14",49.14202683837534,49.486708880112936,49.09278332662497,49.38822937011719,NULL,2044267,True,0
"00006.HK","2025-07-15",49.3882269941226,49.78214877190707,49.289743732112235,49.58518600463867,NULL,3663374,True,0
"00006.HK","2025-07-16",49.585189463094636,50.028354781170236,49.388230438841106,49.53594970703125,NULL,3822689,True,0
"00006.HK","2025-07-17",49.53594970703125,49.880635512980085,49.437470194904485,49.53594970703125,NULL,4444184,True,0
"00006.HK","2025-07-18",49.58518839010868,49.83139092185053,49.24050634837108,49.38822937011719,NULL,3978292,True,0
"00006.HK","2025-07-21",49.38823030419146,50.02835464477539,49.38823030419146,50.02835464477539,NULL,3292665,True,0
"00006.HK","2025-07-22",49.92987429339297,50.471519113011375,49.92987429339297,50.422279357910156,NULL,4405923,True,0
"00006.HK","2025-07-23",50.47151750731236,50.71772003173828,50.37303800024296,50.71772003173828,NULL,4586046,True,0
"00006.HK","2025-07-24",50.52075773302581,50.717720505757875,50.126835944314095,50.27455520629883,NULL,4135932,True,0
"00006.HK","2025-07-25",50.32379424156444,50.56999676477514,50.07759171835375,50.17607498168945,NULL,1968797,True,0
"00006.HK","2025-07-28",50.42228029090293,51.21012765735792,50.42228029090293,51.06240463256836,NULL,4003095,True,0
"00006.HK","2025-07-29",51.06240343588494,51.40708923339844,50.865444416451496,51.40708923339844,NULL,3638394,True,0
"00006.HK","2025-07-30",51.40708773994629,51.45632749337416,51.01316219901855,51.21012496948242,NULL,2059297,True,0
"00006.HK","2025-07-31",51.06240356059014,51.2593663372571,50.81620102894457,50.9146842956543,NULL,2962330,True,0
"00006.HK","2025-08-01",50.91468291526218,51.06240217619308,50.126835586706875,50.22531509399414,NULL,2163974,True,0
"00006.HK","2025-08-04",50.32379584275207,51.85025454062866,50.32379584275207,51.40708923339844,NULL,3936401,True,0
"00006.HK","2025-08-05",51.210126812948566,51.554808856103946,51.160887057748155,51.456329345703125,NULL,2337736,True,0
"00006.HK","2025-08-06",51.407089719378696,51.407089719378696,50.91468465263513,50.963924407958984,NULL,2290227,True,0
"00006.HK","2025-08-07",50.96392415485111,51.948734283447266,50.96392415485111,51.948734283447266,NULL,3145511,True,0
"00006.HK","2025-08-08",51.94873267917087,52.34265822114516,51.70253015462504,52.24417495727539,NULL,2896235,True,0
"00006.HK","2025-08-11",52.34265935426208,52.58886188413772,52.04721331300934,52.39189910888672,NULL,1998634,True,0
"00006.HK","2025-08-12",52.19493753207485,52.49037982335873,51.80101197252799,52.04721450805664,NULL,1715600,True,0
"00006.HK","2025-08-13",52.194937947352564,52.39190072869309,51.75177262852452,52.096458435058594,NULL,3586183,True,0
"00006.HK","2025-08-14",52.14569505552931,52.34265782502588,50.61924016624754,50.668479919433594,NULL,8817772,True,0
"00006.HK","2025-08-15",50.668482380820805,50.914684915463525,49.9791145324707,49.9791145324707,NULL,9990485,True,0
"00006.HK","2025-08-18",50.02835464477539,50.323796937102784,50.02835464477539,50.02835464477539,NULL,3975979,True,0
"00006.HK","2025-08-19",50.07759146578285,50.274554234708475,49.58518642184495,49.634429931640625,NULL,4601442,True,0
"00006.HK","2025-08-20",49.58518600463867,49.78214877190707,49.3882269941226,49.58518600463867,NULL,4231875,True,0
"00006.HK","2025-08-21",49.78214919077058,49.92987220665289,49.58518642184495,49.634429931640625,NULL,3236055,True,0
"00006.HK","2025-08-22",49.634429931640625,49.88063245360957,49.535946668801635,49.634429931640625,NULL,4627768,True,0
"00006.HK","2025-08-25",49.92987364653844,50.07759290992835,49.683671117469466,49.831390380859375,NULL,3147935,True,0
"00006.HK","2025-08-26",49.63443064874056,49.83138966375943,49.43746787696929,49.73291015625,NULL,12718251,True,0
"00006.HK","2025-08-27",49.73291213002371,49.73291213002371,49.38823008330873,49.48670959472656,NULL,6642425,True,0
"00006.HK","2025-08-28",49.486707630724005,49.880633174266556,49.486707630724005,49.73291015625,NULL,2205979,True,0
"00006.HK","2025-08-29",50.27455682269145,50.27455682269145,49.83139150898406,49.9791145324707,NULL,2829163,True,0
"00006.HK","2025-09-01",50.176074204192474,50.176074204192474,49.88063193226811,50.07759094238281,NULL,1877011,True,0
"00006.HK","2025-09-02",50.07759094238281,50.126834451663804,49.88063193226811,50.07759094238281,NULL,2020998,True,0
"00006.HK","2025-09-03",50.07759332735632,50.126836838982555,49.782151041361345,49.88063430786133,NULL,5670865,True,0
"00006.HK","2025-09-04",50.07759440070453,50.07759440070453,49.78215210837713,50.02835464477539,NULL,3268828,True,0
"00006.HK","2025-09-05",50.22531729098191,50.66848260666462,50.126837779386896,50.52075958251953,NULL,5591464,True,0
"00006.HK","2025-09-08",50.520758868112594,50.520758868112594,50.126837070550344,50.422279357910156,NULL,3119234,True,0
"00006.HK","2025-09-09",50.4222804263903,50.66848296386608,50.32379715734844,50.56999969482422,NULL,3961434,True,0
"00006.HK","2025-09-10",50.900001525878906,50.900001525878906,50.20000076293945,50.650001525878906,NULL,3683863,True,0
"00006.HK","2025-09-11",50.599998474121094,51.0,50.5,50.79999923706055,NULL,1940312,True,0
"00006.HK","2025-09-12",51.099998474121094,51.25,50.849998474121094,51.150001525878906,NULL,2282938,True,0
"00006.HK","2025-09-15",51.0,51.599998474121094,51.0,51.45000076293945,NULL,2261090,True,0
"00006.HK","2025-09-16",51.0,51.75,51.25,51.79999923706055,NULL,2104140,True,0
"00006.HK","2025-09-17",51.79999923706055,51.79999923706055,51.25,51.45000076293945,NULL,2307377,True,0
"00006.HK","2025-09-18",51.45000076293945,51.650001525878906,51.25,51.45000076293945,NULL,1826367,True,0
"00006.HK","2025-09-19",51.29999923706055,51.5,50.650001525878906,50.75,NULL,4382025,True,0
"00006.HK","2025-09-22",51.20000076293945,51.20000076293945,50.400001525878906,50.45000076293945,NULL,2355737,True,0
"00006.HK","2025-09-23",50.70000076293945,50.849998474121094,50.45000076293945,50.54999923706055,NULL,2057980,True,0
"00006.HK","2025-09-24",50.599998474121094,50.900001525878906,50.349998474121094,50.5,NULL,3370100,True,0
"00006.HK","2025-09-25",50.54999923706055,50.599998474121094,49.81999969482422,49.900001525878906,NULL,4398079,True,0
"00006.HK","2025-09-26",49.91999816894531,50.04999923706055,49.540000915527344,49.65999984741211,NULL,3864277,True,0
"00006.HK","2025-09-29",49.7400016784668,49.939998626708984,49.36000061035156,49.599998474121094,NULL,4531108,True,0
"00006.HK","2025-09-30",49.599998474121094,49.900001525878906,49.119998931884766,49.279998779296875,NULL,5420270,True,0
"00006.HK","2025-10-02",49.279998779296875,49.81999969482422,49.279998779296875,49.70000076293945,NULL,4000015,True,0
"00006.HK","2025-10-03",49.65999984741211,49.86000061035156,49.540000915527344,49.720001220703125,NULL,1521641,True,0
"00006.HK","2025-10-06",49.5,49.779998779296875,49.29999923706055,49.41999816894531,NULL,1592146,True,0
"00006.HK","2025-10-08",49.400001525878906,49.70000076293945,49.119998931884766,49.400001525878906,NULL,2068774,True,0
"00006.HK","2025-10-09",49.41999816894531,49.70000076293945,48.939998626708984,49.13999938964844,NULL,4508191,True,0
"00006.HK","2025-10-10",49.13999938964844,49.31999969482422,48.81999969482422,49.18000030517578,NULL,5440585,True,0
"00006.HK","2025-10-13",48.97999954223633,49.13999938964844,48.619998931884766,49.119998931884766,NULL,3607996,True,0
"00006.HK","2025-10-14",49.119998931884766,49.84000015258789,49.0,49.41999816894531,NULL,4265641,True,0
"00006.HK","2025-10-15",49.63999938964844,50.29999923706055,49.47999954223633,50.29999923706055,NULL,5335203,True,0
"00006.HK","2025-10-16",50.29999923706055,50.599998474121094,50.04999923706055,50.45000076293945,NULL,2532178,True,0
"00006.HK","2025-10-17",50.400001525878906,50.45000076293945,50.150001525878906,50.20000076293945,NULL,3517944,True,0
"00006.HK","2025-10-20",50.20000076293945,50.5,50.04999923706055,50.400001525878906,NULL,2734842,True,0
"00006.HK","2025-10-21",50.400001525878906,50.599998474121094,50.150001525878906,50.54999923706055,NULL,3547678,True,0
"00006.HK","2025-10-22",50.54999923706055,50.70000076293945,49.97999954223633,50.0,NULL,3943619,True,0
"00006.HK","2025-10-23",50.20000076293945,50.20000076293945,49.099998474121094,49.900001525878906,NULL,3598956,True,0
"00006.HK","2025-10-24",49.900001525878906,50.20000076293945,49.779998779296875,50.04999923706055,NULL,2341061,True,0
"00006.HK","2025-10-27",50.25,50.25,49.79999923706055,49.84000015258789,NULL,2307721,True,0
"00006.HK","2025-10-28",49.84000015258789,50.29999923706055,49.84000015258789,50.20000076293945,NULL,3437404,True,0
"00006.HK","2025-10-30",50.5,50.54999923706055,49.619998931884766,49.779998779296875,NULL,3021861,True,0
"00006.HK","2025-10-31",49.779998779296875,49.79999923706055,49.36000061035156,49.36000061035156,NULL,3830304,True,0
"00006.HK","2025-11-03",49.36000061035156,50.04999923706055,49.220001220703125,49.900001525878906,NULL,2206337,True,0
"00006.HK","2025-11-04",50.04999923706055,50.20000076293945,49.900001525878906,50.04999923706055,NULL,1619548,True,0
"00006.HK","2025-11-05",50.04999923706055,50.25,49.880001068115234,50.099998474121094,NULL,3044993,True,0
"00006.HK","2025-11-06",50.099998474121094,50.70000076293945,50.04999923706055,50.650001525878906,NULL,3169248,True,0
"00006.HK","2025-11-07",50.650001525878906,51.0,50.650001525878906,50.95000076293945,NULL,2967516,True,0
"00006.HK","2025-11-10",50.849998474121094,51.04999923706055,50.70000076293945,51.04999923706055,NULL,2173246,True,0
"00006.HK","2025-11-11",50.95000076293945,51.29999923706055,50.849998474121094,51.150001525878906,NULL,1870365,True,0
"00006.HK","2025-11-12",51.0,51.650001525878906,51.0,51.650001525878906,NULL,3665479,True,0
"00006.HK","2025-11-13",51.599998474121094,51.79999923706055,51.45000076293945,51.79999923706055,NULL,2371606,True,0
"00006.HK","2025-11-14",51.45000076293945,51.75,51.25,51.75,NULL,1908513,True,0
"00006.HK","2025-11-17",51.45000076293945,51.79999923706055,51.29999923706055,51.599998474121094,NULL,2529964,True,0
"00006.HK","2025-11-18",51.54999923706055,51.650001525878906,51.25,51.349998474121094,NULL,2038160,True,0
"00006.HK","2025-11-19",51.349998474121094,51.54999923706055,51.29999923706055,51.400001525878906,NULL,1529335,True,0
"00006.HK","2025-11-20",51.400001525878906,51.70000076293945,51.25,51.599998474121094,NULL,1986866,True,0
"00006.HK","2025-11-21",51.599998474121094,51.599998474121094,51.150001525878906,51.29999923706055,NULL,3087417,True,0
"00006.HK","2025-11-24",51.150001525878906,52.20000076293945,51.150001525878906,52.20000076293945,NULL,8009526,True,0
"00006.HK","2025-11-25",51.900001525878906,52.25,51.650001525878906,51.79999923706055,NULL,1828251,True,0
"00006.HK","2025-11-26",52.0,52.150001525878906,51.650001525878906,51.75,NULL,1266369,True,0
"00006.HK","2025-11-27",51.75,52.150001525878906,51.70000076293945,52.150001525878906,NULL,1947114,True,0
"00006.HK","2025-11-28",51.900001525878906,52.04999923706055,51.70000076293945,52.04999923706055,NULL,1932146,True,0
"00006.HK","2025-12-01",52.04999923706055,52.5,52.04999923706055,52.45000076293945,NULL,3303034,True,0
"00006.HK","2025-12-02",52.45000076293945,52.650001525878906,52.20000076293945,52.45000076293945,NULL,2664101,True,0
"00006.HK","2025-12-03",52.20000076293945,52.45000076293945,51.900001525878906,52.400001525878906,NULL,2024543,True,0
"00006.HK","2025-12-04",52.45000076293945,52.849998474121094,52.20000076293945,52.75,NULL,2932756,True,0
"00006.HK","2025-12-05",52.5,52.650001525878906,51.900001525878906,52.0,NULL,2453628,True,0
"00006.HK","2025-12-08",51.95000076293945,52.04999923706055,51.150001525878906,51.150001525878906,NULL,2332083,True,0
"00006.HK","2025-12-09",51.099998474121094,51.25,50.349998474121094,50.79999923706055,NULL,6926683,True,0
"00006.HK","2025-12-10",50.849998474121094,51.599998474121094,50.599998474121094,51.599998474121094,NULL,4876172,True,0
"00006.HK","2025-12-11",51.900001525878906,52.099998474121094,51.5,52.0,NULL,3924547,True,0
"00006.HK","2025-12-12",52.20000076293945,53.20000076293945,52.0,53.20000076293945,NULL,11884366,True,0
"00006.HK","2025-12-15",53.20000076293945,53.75,52.849998474121094,53.45000076293945,NULL,4386757,True,0
"00006.HK","2025-12-16",53.099998474121094,53.54999923706055,51.849998474121094,52.0,NULL,2585195,True,0
"00006.HK","2025-12-17",52.04999923706055,53.599998474121094,51.75,53.25,NULL,5733311,True,0
"00006.HK","2025-12-18",53.5,53.70000076293945,52.75,53.54999923706055,NULL,3673149,True,0
"00006.HK","2025-12-19",53.400001525878906,54.25,53.400001525878906,54.099998474121094,NULL,8102742,True,0
"00006.HK","2025-12-22",54.099998474121094,54.5,53.900001525878906,54.5,NULL,4765230,True,0
"00006.HK","2025-12-23",54.5,54.79999923706055,54.29999923706055,54.79999923706055,NULL,3490670,True,0
"00006.HK","2025-12-24",55.849998474121094,55.849998474121094,55.849998474121094,55.849998474121094,NULL,0,True,0
"00006.HK","2025-12-29",55.95000076293945,56.25,55.0,56.0,NULL,9363434,True,0
"00006.HK","2025-12-30",55.5,56.5,55.0,56.099998474121094,NULL,5982668,True,0
"00006.HK","2025-12-31",55.25,55.25,55.25,55.25,NULL,0,True,0
"00006.HK","2026-01-02",55.04999923706055,55.349998474121094,54.45000076293945,55.150001525878906,NULL,2298680,True,0
"00006.HK","2026-01-05",55.20000076293945,56.849998474121094,55.099998474121094,56.349998474121094,NULL,4479297,True,0
"00006.HK","2026-01-06",56.5,56.79999923706055,56.099998474121094,56.25,NULL,7265444,True,0
"00006.HK","2026-01-07",56.25,56.599998474121094,55.5,56.349998474121094,NULL,5866762,True,0
"00006.HK","2026-01-08",56.349998474121094,57.150001525878906,56.04999923706055,56.75,NULL,5590678,True,0
"00006.HK","2026-01-09",56.5,57.849998474121094,56.20000076293945,57.70000076293945,NULL,9078775,True,0
"00006.HK","2026-01-12",57.70000076293945,58.04999923706055,56.900001525878906,57.20000076293945,NULL,8273244,True,0
"00006.HK","2026-01-13",57.04999923706055,57.650001525878906,56.099998474121094,56.29999923706055,NULL,3208651,True,0
"00006.HK","2026-01-14",56.400001525878906,56.54999923706055,54.79999923706055,55.650001525878906,NULL,5280750,True,0
"00006.HK","2026-01-15",55.29999923706055,56.150001525878906,55.20000076293945,55.79999923706055,NULL,2030629,True,0
"00006.HK","2026-01-16",55.79999923706055,57.5,55.79999923706055,56.650001525878906,NULL,4008581,True,0
"00006.HK","2026-01-19",56.650001525878906,56.70000076293945,56.099998474121094,56.349998474121094,NULL,2980239,True,0
"00006.HK","2026-01-20",56.349998474121094,56.95000076293945,56.349998474121094,56.79999923706055,NULL,2770359,True,0
"00006.HK","2026-01-21",56.79999923706055,58.349998474121094,56.70000076293945,58.29999923706055,NULL,6371297,True,0
"00006.HK","2026-01-22",58.25,59.400001525878906,58.04999923706055,59.150001525878906,NULL,5200558,True,0
"00006.HK","2026-01-23",59.099998474121094,59.54999923706055,58.900001525878906,59.45000076293945,NULL,4324190,True,0
"00006.HK","2026-01-26",59.0,59.95000076293945,59.0,59.75,NULL,3243670,True,0
"00006.HK","2026-01-27",59.5,60.20000076293945,59.45000076293945,60.0,NULL,3283905,True,0
"00006.HK","2026-01-28",60.099998474121094,61.0,59.70000076293945,60.650001525878906,NULL,4360071,True,0
"00006.HK","2026-01-29",60.349998474121094,61.400001525878906,60.349998474121094,61.20000076293945,NULL,3417835,True,0
"00006.HK","2026-01-30",60.95000076293945,60.95000076293945,60.25,60.650001525878906,NULL,4387192,True,0
"00006.HK","2026-02-02",60.5,61.349998474121094,59.650001525878906,60.650001525878906,NULL,5462651,True,0
"00006.HK","2026-02-03",60.650001525878906,62.099998474121094,60.650001525878906,61.75,NULL,3964405,True,0
"00006.HK","2026-02-04",61.400001525878906,61.75,61.25,61.599998474121094,NULL,2508432,True,0
"00006.HK","2026-02-05",61.400001525878906,62.29999923706055,61.349998474121094,62.20000076293945,NULL,3365625,True,0
"00006.HK","2026-02-06",61.95000076293945,62.5,61.650001525878906,62.20000076293945,NULL,4794324,True,0
"00006.HK","2026-02-09",62.20000076293945,62.75,NULL,61.25,NULL,3270362,True,94765
"00006.HK","2026-02-10",61.20000076293945,61.45000076293945,NULL,61.099998474121094,NULL,1890201,True,94766
"00006.HK","2026-02-11",61.099998474121094,61.599998474121094,NULL,61.349998474121094,NULL,1480648,True,94767
"00006.HK","2026-02-12",61.400001525878906,62.20000076293945,NULL,61.599998474121094,NULL,1567918,True,94768
"00006.HK","2026-02-13",61.79999923706055,62.099998474121094,NULL,61.54999923706055,NULL,2196605,True,94769
"00006.HK","2026-02-16",62.04999923706055,62.04999923706055,NULL,62.04999923706055,NULL,0,True,94770
"00006.HK","2026-02-20",62.25,62.25,NULL,61.45000076293945,NULL,2231886,True,94771
"00006.HK","2026-02-23",60.95000076293945,62.0,NULL,62.0,NULL,1219892,True,94772
"00006.HK","2026-02-24",61.45000076293945,62.5,NULL,62.45000076293945,NULL,3344365,True,94773
"00006.HK","2026-02-25",62.5,62.5,NULL,61.29999923706055,NULL,2162491,True,94774
"00006.HK","2026-02-26",62.0,64.6500015258789,NULL,63.599998474121094,NULL,7309610,True,94775
"00006.HK","2026-02-27",63.599998474121094,63.599998474121094,NULL,63.45000076293945,NULL,4860256,True,94776
"00006.HK","2026-03-02",63.20000076293945,63.650001525878906,NULL,62.79999923706055,NULL,2846549,True,94777
"00006.HK","2026-03-03",62.79999923706055,63.70000076293945,NULL,63.29999923706055,NULL,2533560,True,94778
"00006.HK","2026-03-04",63.099998474121094,63.25,NULL,62.04999923706055,NULL,4630700,True,94779
"00006.HK","2026-03-05",62.04999923706055,63.75,NULL,63.29999923706055,NULL,3760885,True,94780
"00006.HK","2026-03-06",62.95000076293945,63.650001525878906,NULL,62.54999923706055,NULL,3924001,True,94781
"00006.HK","2026-03-09",62.400001525878906,62.5,NULL,61.5,NULL,3240555,True,94782
"00006.HK","2026-03-10",62.04999923706055,62.849998474121094,NULL,62.75,NULL,2890160,True,94783
"00006.HK","2026-03-11",62.900001525878906,63.0,NULL,63.0,NULL,1826960,True,94784
"00006.HK","2026-03-12",63.0,63.0,NULL,61.70000076293945,NULL,2640663,True,94785
"00006.HK","2026-03-13",61.70000076293945,62.04999923706055,NULL,61.70000076293945,NULL,1763131,True,94786
"00006.HK","2026-03-16",61.400001525878906,61.900001525878906,NULL,61.20000076293945,NULL,1852694,True,94787
"00006.HK","2026-03-17",61.20000076293945,61.900001525878906,NULL,61.45000076293945,NULL,1756298,True,94788
"00006.HK","2026-03-18",61.900001525878906,62.599998474121094,NULL,62.25,NULL,1667678,True,94789
"00006.HK","2026-03-19",61.5,62.54999923706055,NULL,62.20000076293945,NULL,2129462,True,94790
"00006.HK","2026-03-20",62.0,62.349998474121094,NULL,61.79999923706055,NULL,5288090,True,94791
"00006.HK","2026-03-23",61.54999923706055,61.79999923706055,NULL,60.45000076293945,NULL,2989893,True,94792
"00006.HK","2026-03-24",60.5,61.400001525878906,NULL,61.400001525878906,NULL,2095414,True,94793
"00006.HK","2026-03-25",61.45000076293945,62.29999923706055,NULL,62.29999923706055,NULL,2342839,True,94794
"00006.HK","2026-03-26",62.29999923706055,62.45000076293945,NULL,61.0,NULL,2256997,True,94795
"00006.HK","2026-03-27",61.0,61.20000076293945,NULL,61.099998474121094,NULL,2801802,True,94796
"00006.HK","2026-03-30",61.0,61.400001525878906,NULL,61.349998474121094,NULL,2806752,True,94797
"00006.HK","2026-03-31",61.349998474121094,61.599998474121094,NULL,61.04999923706055,NULL,3408952,True,94798
"00006.HK","2026-04-01",61.25,62.5,NULL,61.849998474121094,NULL,4088729,True,94799
"00006.HK","2026-04-02",61.650001525878906,62.70000076293945,NULL,62.70000076293945,NULL,2595601,True,94800
"00006.HK","2026-04-08",66.25,66.80000305175781,NULL,63.349998474121094,NULL,4502271,True,94801
"00006.HK","2026-04-09",63.45000076293945,64.1500015258789,NULL,64.1500015258789,NULL,2188401,True,94802
"00006.HK","2026-04-10",64.1500015258789,64.9000015258789,NULL,64.9000015258789,NULL,2307301,True,94803
"00006.HK","2026-04-13",64.3499984741211,64.94999694824219,NULL,64.94999694824219,NULL,1753827,True,94804
"00006.HK","2026-04-14",64.94999694824219,65.5999984741211,NULL,64.30000305175781,NULL,2474747,True,94805
"00006.HK","2026-04-15",62.65525583237021,62.80051679716913,NULL,61.68686294555664,NULL,2365844,True,96288
"00006.HK","2026-04-16",61.68686615612972,62.122645379067386,NULL,61.444766998291016,NULL,2141176,True,96289
"00006.HK","2026-04-17",61.4447663917771,61.4447663917771,NULL,61.202667236328125,NULL,2277745,True,96290
"00006.HK","2026-04-20",61.68686331422844,62.17105791345912,NULL,62.122642517089844,NULL,1482670,True,96291
"00006.HK","2026-04-21",62.46157947677409,62.5584176572217,NULL,62.31631851196289,NULL,1976154,True,96292
"00006.HK","2026-04-22",62.17105729529289,62.31631825951563,NULL,61.88054275512695,NULL,2211698,True,96293
"00006.HK","2026-04-23",61.928964780013004,62.46158218383789,NULL,62.46158218383789,NULL,1382156,True,96294
"00006.HK","2026-04-24",62.65525694020588,63.13945523924389,NULL,62.99420166015625,NULL,2079945,True,96295
"00006.HK","2026-04-27",62.994200311960526,63.13945388793945,NULL,63.13945388793945,NULL,2268911,True,96296
"00006.HK","2026-04-28",63.1878776550293,63.284715836614794,NULL,63.1878776550293,NULL,2543514,True,96297
"00006.HK","2026-04-29",63.18787703880897,63.817336295395556,NULL,62.945777893066406,NULL,3362899,True,96298
"00006.HK","2026-04-30",62.945777641513736,63.18787678628879,NULL,62.51000213623047,NULL,5011723,True,96299
"00006.HK","2026-05-04",62.994201788867436,63.429977303580145,NULL,62.80051803588867,NULL,1306239,True,96300
"00006.HK","2026-05-05",62.80051692796495,63.042616073707514,NULL,62.945777893066406,NULL,1658165,True,96301
"00006.HK","2026-05-06",63.04261631823396,64.20469665527344,NULL,64.20469665527344,NULL,3092355,True,96302
"00006.HK","2026-05-07",64.59205100417559,64.9309957286798,NULL,63.67207717895508,NULL,3056310,True,96303
"00006.HK","2026-05-08",63.57523802442146,63.57523802442146,NULL,62.364742279052734,NULL,4510683,True,96304
"00006.HK","2026-05-11",62.36474399919335,62.55842036848244,NULL,62.46158218383789,NULL,4345276,True,96305
"00006.HK","2026-05-12",62.606842171273904,62.606842171273904,NULL,62.41315841674805,NULL,2860779,True,96306
"00006.HK","2026-05-13",62.55842036848244,62.75210412605143,NULL,62.46158218383789,NULL,2936680,True,96307
"00006.HK","2026-05-14",62.800518515796554,63.28471681952402,NULL,63.23630142211914,NULL,3627916,True,96308
"00006.HK","2026-05-15",63.23630192670735,63.23630192670735,NULL,62.848941802978516,NULL,1795045,True,96309
"00006.HK","2026-05-18",62.848941802978516,62.848941802978516,NULL,62.848941802978516,NULL,2198208,True,96310
"00006.HK","2026-05-19",62.89735608972489,63.526815356130236,NULL,62.99420166015625,NULL,2359267,True,96311
"00006.HK","2026-05-20",62.9457807273145,62.9457807273145,NULL,62.89735794067383,NULL,2486279,True,96312
"00006.HK","2026-05-21",63.04261928947344,63.333141234495706,NULL,62.70368194580078,NULL,2351808,True,96313
"00006.HK","2026-05-22",62.945777641513736,63.13945400202196,NULL,62.51000213623047,NULL,3927562,True,96314
"00006.HK","2026-05-26",63.04999923706055,63.04999923706055,NULL,61.599998474121094,NULL,6682136,True,96315
"00006.HK","2026-05-27",62.0,62.099998474121094,NULL,61.099998474121094,NULL,4451310,True,96316
"00006.HK","2026-05-28",61.099998474121094,61.099998474121094,NULL,60.70000076293945,NULL,6829412,True,96317
"00006.HK","2026-05-29",60.849998474121094,60.95000076293945,NULL,60.099998474121094,NULL,8126239,True,96318
"00006.HK","2026-06-01",60.099998474121094,60.099998474121094,NULL,58.45000076293945,NULL,9348383,True,96319
"00006.HK","2026-06-02",58.29999923706055,58.599998474121094,NULL,57.849998474121094,NULL,9803169,True,96320
"00006.HK","2026-06-03",57.849998474121094,58.70000076293945,NULL,56.849998474121094,NULL,6224900,True,96321
"00006.HK","2026-06-04",56.849998474121094,56.849998474121094,NULL,56.150001525878906,NULL,6471521,True,96322
"00006.HK","2026-06-05",56.400001525878906,56.849998474121094,NULL,56.400001525878906,NULL,6112126,True,96323
"00006.HK","2026-06-08",56.400001525878906,56.75,NULL,56.25,NULL,5224287,True,96324
"00006.HK","2026-06-09",56.25,56.400001525878906,NULL,55.95000076293945,NULL,5953046,True,96325
"00006.HK","2026-06-10",56.04999923706055,56.95000076293945,NULL,55.95000076293945,NULL,6318418,True,96326
"00006.HK","2026-06-11",55.95000076293945,56.5,NULL,55.75,NULL,3799399,True,96327
"00006.HK","2026-06-12",56.0,56.20000076293945,NULL,55.79999923706055,NULL,4277395,True,96328
"00006.HK","2026-06-15",56.0,56.95000076293945,NULL,56.54999923706055,NULL,3906796,True,96329
"00006.HK","2026-06-16",56.70000076293945,57.150001525878906,NULL,56.900001525878906,NULL,3326115,True,96330
"00006.HK","2026-06-17",57.099998474121094,57.20000076293945,NULL,56.20000076293945,NULL,4304544,True,96331
"00006.HK","2026-06-18",56.20000076293945,56.349998474121094,NULL,56.20000076293945,NULL,6271787,True,96332
"00006.HK","2026-06-22",57.650001525878906,57.650001525878906,NULL,56.599998474121094,NULL,4474619,True,96333
"00006.HK","2026-06-23",57.150001525878906,57.75,NULL,57.5,NULL,3699098,True,96334
"00006.HK","2026-06-24",57.20000076293945,58.29999923706055,NULL,58.20000076293945,NULL,3338094,True,96335
"00006.HK","2026-06-25",58.0,58.900001525878906,NULL,58.70000076293945,NULL,3920957,True,96336
"00006.HK","2026-06-26",58.70000076293945,59.099998474121094,NULL,57.54999923706055,NULL,4030718,True,96337
"00006.HK","2026-06-29",57.400001525878906,57.95000076293945,NULL,57.650001525878906,NULL,3735524,True,96338
"00006.HK","2026-06-30",57.650001525878906,57.70000076293945,NULL,57.099998474121094,NULL,4252081,True,97575
"00006.HK","2026-07-02",57.75,57.75,NULL,56.54999923706055,NULL,3083489,True,97576
"00006.HK","2026-07-03",56.599998474121094,57.900001525878906,NULL,57.75,NULL,3193112,True,97577
"00006.HK","2026-07-06",57.75,57.75,NULL,56.54999923706055,NULL,3002618,True,97578
"00006.HK","2026-07-07",56.20000076293945,56.54999923706055,NULL,56.29999923706055,NULL,3083607,True,97579
"00006.HK","2026-07-08",56.29999923706055,57.0,NULL,56.70000076293945,NULL,2352772,True,97580
"00006.HK","2026-07-09",56.900001525878906,57.849998474121094,NULL,57.849998474121094,NULL,2876945,True,97581
"00006.HK","2026-07-10",57.849998474121094,58.650001525878906,NULL,58.45000076293945,NULL,1663328,True,97582
"00006.HK","2026-07-13",58.650001525878906,58.650001525878906,NULL,57.849998474121094,NULL,1686656,True,97583
"00006.HK","2026-07-14",57.400001525878906,58.0,NULL,57.849998474121094,NULL,1376475,True,97584
"00006.HK","2026-07-15",57.849998474121094,58.599998474121094,NULL,58.099998474121094,NULL,2638837,True,98067
"00006.HK","2026-07-16",58.20000076293945,58.45000076293945,NULL,58.04999923706055,NULL,1649949,True,98068
"00006.HK","2026-07-17",58.150001525878906,59.79999923706055,NULL,59.79999923706055,NULL,4979916,True,98069
"00006.HK","2026-07-20",59.79999923706055,59.79999923706055,NULL,58.79999923706055,NULL,2843970,True,98070
"00006.HK","2026-07-21",58.79999923706055,58.79999923706055,NULL,58.29999923706055,NULL,2808439,True,98071
"00006.HK","2026-07-22",57.900001525878906,58.75,NULL,58.75,NULL,1975213,True,98072
"00006.HK","2026-07-23",58.75,59.099998474121094,NULL,58.849998474121094,NULL,1796314,True,98073
"00006.HK","2026-07-24",58.849998474121094,59.20000076293945,NULL,59.20000076293945,NULL,2344180,True,98074
"00006.HK","2026-07-27",58.650001525878906,59.349998474121094,NULL,59.099998474121094,NULL,2478268,True,98075
"00006.HK","2026-07-28",59.099998474121094,59.349998474121094,NULL,59.29999923706055,NULL,1378095,True,98076
"00006.HK","2026-07-29",59.0,59.5,NULL,59.400001525878906,NULL,2991766,True,98077
"00006.HK","2026-07-30",59.0,59.75,NULL,59.099998474121094,NULL,2394069,True,98078
"00006.HK","2026-07-31",59.0,59.20000076293945,NULL,59.04999923706055,NULL,3501721,True,98079
"GOOGL.US","2024-01-02",138.550003,139.449997,136.479996,138.169998,138.169998,23685600,True,0
"GOOGL.US","2024-01-03",137.250000,139.630005,137.080002,138.919998,138.919998,24198600,True,0
"GOOGL.US","2024-01-04",138.419998,139.160004,136.350006,136.389999,136.389999,27116800,True,0
"GOOGL.US","2024-01-05",136.750000,137.160004,135.149994,135.729996,135.729996,22506000,True,0
"GOOGL.US","2024-01-08",136.289993,139.009995,136.259995,138.839996,138.839996,21390700,True,0
"GOOGL.US","2024-01-09",138.500000,141.490005,138.149994,140.949997,140.949997,24740500,True,0
"GOOGL.US","2024-01-10",141.000000,143.000000,140.910004,142.279999,142.279999,21301900,True,0
"GOOGL.US","2024-01-11",143.490005,145.220001,140.639999,142.080002,142.080002,23990400,True,0
"GOOGL.US","2024-01-12",142.669998,143.199997,141.820007,142.649994,142.649994,18768600,True,0
"GOOGL.US","2024-01-16",142.000000,144.350006,141.449997,142.490005,142.490005,22657500,True,0
"GOOGL.US","2024-01-17",141.350006,141.839996,138.899994,141.470001,141.470001,20962000,True,0
"GOOGL.US","2024-01-18",142.050003,144.210007,141.990005,143.479996,143.479996,25746400,True,0
"GOOGL.US","2024-01-19",144.740005,146.449997,144.380005,146.380005,146.380005,33300700,True,0
"GOOGL.US","2024-01-22",147.100006,148.389999,145.839996,145.990005,145.990005,32183300,True,0
"GOOGL.US","2024-01-23",145.889999,147.179993,145.500000,147.039993,147.039993,21617100,True,0
"GOOGL.US","2024-01-24",148.539993,149.850006,148.100006,148.699997,148.699997,25209000,True,0
"GOOGL.US","2024-01-25",150.070007,153.050003,149.539993,151.869995,151.869995,29097200,True,0
"GOOGL.US","2024-01-26",151.100006,152.539993,151.009995,152.190002,152.190002,26101000,True,0
"GOOGL.US","2024-01-29",152.059998,153.779999,151.429993,153.509995,153.509995,27741200,True,0
"GOOGL.US","2024-01-30",152.800003,153.619995,151.190002,151.460007,151.460007,36032800,True,0
"GOOGL.US","2024-01-31",143.619995,144.000000,139.869995,140.100006,140.100006,71839500,True,0
"GOOGL.US","2024-02-01",142.119995,143.059998,140.789993,141.160004,141.160004,40347500,True,0
"GOOGL.US","2024-02-02",139.259995,142.619995,136.500000,142.380005,142.380005,62470600,True,0
"GOOGL.US","2024-02-05",142.820007,145.470001,142.779999,143.679993,143.679993,38464900,True,0
"GOOGL.US","2024-02-06",144.649994,145.360001,143.190002,144.100006,144.100006,29106700,True,0
"GOOGL.US","2024-02-07",144.759995,145.619995,143.929993,145.539993,145.539993,25174200,True,0
"GOOGL.US","2024-02-08",145.830002,146.330002,145.100006,145.910004,145.910004,22538300,True,0
"GOOGL.US","2024-02-09",146.679993,149.440002,146.179993,149.000000,149.000000,26814400,True,0
"GOOGL.US","2024-02-12",148.419998,149.339996,147.369995,147.529999,147.529999,21539300,True,0
"GOOGL.US","2024-02-13",144.919998,146.669998,143.690002,145.139999,145.139999,27815500,True,0
"GOOGL.US","2024-02-14",146.080002,146.520004,144.089996,145.940002,145.940002,22628600,True,0
"GOOGL.US","2024-02-15",143.139999,143.520004,140.460007,142.770004,142.770004,37558600,True,0
"GOOGL.US","2024-02-16",142.990005,143.190002,140.139999,140.520004,140.520004,31451100,True,0
"GOOGL.US","2024-02-20",139.660004,142.080002,139.490005,141.119995,141.119995,25144700,True,0
"GOOGL.US","2024-02-21",141.449997,142.690002,140.679993,142.550003,142.550003,23223300,True,0
"GOOGL.US","2024-02-22",144.929993,145.000000,142.800003,144.089996,144.089996,27164200,True,0
"GOOGL.US","2024-02-23",143.669998,144.679993,143.429993,143.960007,143.960007,19475800,True,0
"GOOGL.US","2024-02-26",142.139999,142.440002,137.389999,137.570007,137.570007,52659000,True,0
"GOOGL.US","2024-02-27",138.020004,139.250000,137.089996,138.880005,138.880005,33075200,True,0
"GOOGL.US","2024-02-28",137.899994,138.009995,135.410004,136.380005,136.380005,37278600,True,0
"GOOGL.US","2024-02-29",137.279999,138.860001,136.399994,138.460007,138.460007,42056400,True,0
"GOOGL.US","2024-03-01",138.429993,138.869995,136.919998,137.139999,137.139999,31119500,True,0
"GOOGL.US","2024-03-04",135.660004,135.660004,131.910004,133.350006,133.350006,55951300,True,0
"GOOGL.US","2024-03-05",131.880005,133.240005,130.669998,132.669998,132.669998,40194800,True,0
"GOOGL.US","2024-03-06",133.119995,133.580002,130.850006,131.399994,131.399994,35271900,True,75693
"GOOGL.US","2024-03-07",132.789993,134.940002,131.610001,134.380005,134.380005,37168900,True,0
"GOOGL.US","2024-03-08",134.210007,138.089996,134.000000,135.410004,135.410004,39343100,True,0
"GOOGL.US","2024-03-11",136.130005,139.100006,136.130005,137.669998,137.669998,32405500,True,0
"GOOGL.US","2024-03-12",137.029999,139.380005,137.029999,138.500000,138.500000,27545500,True,0
"GOOGL.US","2024-03-13",139.000000,141.089996,138.990005,139.789993,139.789993,23324400,True,0
"GOOGL.US","2024-03-14",141.190002,143.589996,140.460007,143.100006,143.100006,42726700,True,0
"GOOGL.US","2024-03-15",142.500000,143.179993,140.029999,141.179993,141.179993,49460600,True,0
"GOOGL.US","2024-03-18",148.610001,152.149994,147.169998,147.679993,147.679993,69244100,True,0
"GOOGL.US","2024-03-19",148.160004,148.789993,146.080002,147.029999,147.029999,24059500,True,0
"GOOGL.US","2024-03-20",148.000000,148.860001,146.740005,148.740005,148.740005,21247100,True,0
"GOOGL.US","2024-03-21",149.470001,150.369995,146.899994,147.600006,147.600006,24735700,True,0
"GOOGL.US","2024-03-22",149.119995,151.580002,148.979996,150.770004,150.770004,29175700,True,0
"GOOGL.US","2024-03-25",149.940002,150.380005,147.820007,150.070007,150.070007,19220200,True,0
"GOOGL.US","2024-03-26",150.220001,152.259995,149.979996,150.669998,150.669998,22130200,True,0
"GOOGL.US","2024-03-27",151.179993,151.639999,148.899994,150.869995,150.869995,22863800,True,0
"GOOGL.US","2024-03-28",150.850006,151.429993,150.169998,150.929993,150.929993,24476200,True,0
"GOOGL.US","2024-04-01",150.690002,155.740005,150.610001,155.490005,155.490005,31692700,True,0
"GOOGL.US","2024-04-02",153.500000,154.699997,152.149994,154.559998,154.559998,24572200,True,0
"GOOGL.US","2024-04-03",153.600006,155.080002,152.729996,154.919998,154.919998,24655700,True,0
"GOOGL.US","2024-04-04",153.500000,154.770004,150.449997,150.529999,150.529999,34647300,True,0
"GOOGL.US","2024-04-05",150.029999,153.419998,149.600006,152.500000,152.500000,23449300,True,0
"GOOGL.US","2024-04-08",152.779999,155.270004,152.610001,154.850006,154.850006,20676000,True,0
"GOOGL.US","2024-04-09",156.089996,158.559998,155.190002,156.600006,156.600006,31079500,True,0
"GOOGL.US","2024-04-10",156.210007,156.610001,154.679993,156.139999,156.139999,22819000,True,0
"GOOGL.US","2024-04-11",156.910004,159.679993,156.460007,159.410004,159.410004,27148600,True,0
"GOOGL.US","2024-04-12",157.960007,160.220001,157.139999,157.729996,157.729996,25329200,True,0
"GOOGL.US","2024-04-15",158.860001,159.240005,154.589996,154.860001,154.860001,27114700,True,0
"GOOGL.US","2024-04-16",154.190002,155.649994,153.429993,154.399994,154.399994,20767300,True,0
"GOOGL.US","2024-04-17",155.619995,157.080002,154.580002,155.470001,155.470001,21743400,True,0
"GOOGL.US","2024-04-18",155.339996,156.940002,154.619995,156.009995,156.009995,19873200,True,0
"GOOGL.US","2024-04-19",156.199997,156.360001,152.300003,154.089996,154.089996,32239100,True,0
"GOOGL.US","2024-04-22",154.309998,157.639999,154.059998,156.279999,156.279999,26424400,True,0
"GOOGL.US","2024-04-23",156.960007,158.970001,156.279999,158.259995,158.259995,20701100,True,0
"GOOGL.US","2024-04-24",157.490005,159.570007,157.169998,159.130005,159.130005,22684500,True,0
"GOOGL.US","2024-04-25",151.330002,156.490005,150.869995,156.000000,156.000000,56457400,True,0
"GOOGL.US","2024-04-26",174.369995,174.710007,169.649994,171.949997,171.949997,64346200,True,0
"GOOGL.US","2024-04-29",169.059998,169.550003,165.210007,166.149994,166.149994,44997500,True,0
"GOOGL.US","2024-04-30",165.610001,168.100006,162.600006,162.779999,162.779999,33502900,True,0
"GOOGL.US","2024-05-01",164.300003,167.119995,163.089996,163.860001,163.860001,33467200,True,0
"GOOGL.US","2024-05-02",164.789993,166.729996,163.889999,166.619995,166.619995,24244600,True,0
"GOOGL.US","2024-05-03",167.559998,167.960007,163.050003,167.240005,167.240005,34159454,True,0
"GOOGL.US","2024-05-06",167.460007,168.139999,166.029999,168.100006,168.100006,21846000,True,0
"GOOGL.US","2024-05-07",168.500000,171.759995,168.389999,171.250000,171.250000,28008800,True,0
"GOOGL.US","2024-05-08",169.000000,170.149994,168.740005,169.380005,169.380005,19559600,True,0
"GOOGL.US","2024-05-09",169.389999,170.690002,168.179993,169.960007,169.960007,15315400,True,0
"GOOGL.US","2024-05-10",168.029999,169.850006,166.190002,168.649994,168.649994,29773300,True,0
"GOOGL.US","2024-05-13",164.259995,169.279999,164.000000,169.139999,169.139999,31296800,True,0
"GOOGL.US","2024-05-14",169.770004,171.250000,168.800003,170.339996,170.339996,25084200,True,0
"GOOGL.US","2024-05-15",170.630005,172.649994,170.509995,172.509995,172.509995,26916300,True,0
"GOOGL.US","2024-05-16",173.289993,175.119995,172.690002,174.179993,174.179993,27857400,True,0
"GOOGL.US","2024-05-17",174.179993,176.270004,173.690002,176.059998,176.059998,22235500,True,0
"GOOGL.US","2024-05-20",176.190002,178.770004,176.080002,176.919998,176.919998,22540200,True,0
"GOOGL.US","2024-05-21",176.899994,178.149994,175.809998,177.850006,177.850006,16970700,True,0
"GOOGL.US","2024-05-22",176.639999,177.149994,175.210007,176.380005,176.380005,17842200,True,0
"GOOGL.US","2024-05-23",177.070007,178.250000,172.949997,173.550003,173.550003,21005900,True,0
"GOOGL.US","2024-05-24",174.979996,175.770004,173.649994,174.990005,174.990005,16572500,True,0
"GOOGL.US","2024-05-28",174.449997,177.270004,174.369995,176.399994,176.399994,20554400,True,0
"GOOGL.US","2024-05-29",175.429993,176.839996,174.720001,175.899994,175.899994,23388700,True,0
"GOOGL.US","2024-05-30",175.199997,175.220001,171.789993,172.110001,172.110001,22958700,True,0
"GOOGL.US","2024-05-31",171.860001,173.059998,169.440002,172.500000,172.500000,37638900,True,0
"GOOGL.US","2024-06-03",172.539993,174.529999,171.160004,173.169998,173.169998,27459100,True,0
"GOOGL.US","2024-06-04",173.279999,173.850006,171.889999,173.789993,173.789993,26879600,True,0
"GOOGL.US","2024-06-05",175.199997,176.649994,173.929993,175.410004,175.410004,22068500,True,0
"GOOGL.US","2024-06-06",175.899994,177.149994,175.750000,176.729996,176.729996,23227100,True,0
"GOOGL.US","2024-06-07",177.050003,177.869995,174.300003,174.460007,174.260010,19661400,True,78094
"GOOGL.US","2024-06-10",174.970001,177.059998,172.759995,175.009995,175.009995,23779200,True,78095
"GOOGL.US","2024-06-11",176.220001,176.839996,173.770004,176.619995,176.619995,21540600,True,78096
"GOOGL.US","2024-06-12",178.250000,180.410004,176.110001,177.789993,177.789993,27864700,True,78097
"GOOGL.US","2024-06-13",176.110001,176.740005,174.880005,175.160004,175.160004,20913300,True,78098
"GOOGL.US","2024-06-14",174.220001,177.059998,174.149994,176.789993,176.789993,18063600,True,78099
"GOOGL.US","2024-06-17",175.460007,178.360001,174.809998,177.240005,177.240005,19618500,True,78100
"GOOGL.US","2024-06-18",177.139999,177.389999,174.100006,175.089996,175.089996,21869900,True,78101
"GOOGL.US","2024-06-20",175.369995,177.289993,174.990005,176.300003,176.300003,20160100,True,78102
"GOOGL.US","2024-06-21",177.000000,180.850006,176.610001,179.630005,179.630005,58582700,True,78103
"GOOGL.US","2024-06-24",180.160004,180.889999,178.669998,179.220001,179.220001,18298000,True,78104
"GOOGL.US","2024-06-25",179.619995,184.289993,179.419998,184.029999,184.029999,23235600,True,78105
"GOOGL.US","2024-06-26",182.630005,184.509995,182.479996,183.880005,183.880005,19839000,True,78106
"GOOGL.US","2024-06-27",184.179993,186.050003,184.020004,185.410004,185.410004,18848900,True,78107
"GOOGL.US","2024-06-28",184.320007,185.130005,181.960007,182.149994,182.149994,29156600,True,78108
"GOOGL.US","2024-07-01",183.029999,183.880005,181.300003,182.990005,182.990005,16006100,True,78109
"GOOGL.US","2024-07-02",182.050003,185.570007,181.559998,185.240005,185.240005,17372500,True,78110
"GOOGL.US","2024-07-03",184.850006,186.089996,184.000000,185.820007,185.820007,10242100,True,78111
"GOOGL.US","2024-07-05",185.860001,190.860001,185.800003,190.600006,190.600006,20967500,True,78112
"GOOGL.US","2024-07-08",189.899994,190.169998,187.779999,189.029999,189.029999,21035900,True,78113
"GOOGL.US","2024-07-09",190.309998,191.360001,188.720001,188.979996,188.979996,15121400,True,78114
"GOOGL.US","2024-07-10",189.149994,191.750000,189.029999,191.179993,191.179993,15952500,True,78115
"GOOGL.US","2024-07-11",189.850006,190.860001,185.080002,185.570007,185.570007,25625800,True,78116
"GOOGL.US","2024-07-12",185.080002,187.110001,184.490005,185.070007,185.070007,22898400,True,78117
"GOOGL.US","2024-07-15",184.919998,188.240005,184.919998,186.529999,186.529999,16474000,True,78118
"GOOGL.US","2024-07-16",187.360001,188.679993,183.369995,183.919998,183.919998,18290700,True,78119
"GOOGL.US","2024-07-17",182.970001,183.550003,179.899994,181.020004,181.020004,20734100,True,78120
"GOOGL.US","2024-07-18",181.929993,182.500000,176.470001,177.690002,177.690002,25315700,True,78121
"GOOGL.US","2024-07-19",178.880005,180.289993,177.130005,177.660004,177.660004,18881900,True,78122
"GOOGL.US","2024-07-22",180.589996,182.699997,180.229996,181.669998,181.669998,24100300,True,78123
"GOOGL.US","2024-07-23",182.050003,183.610001,181.539993,181.789993,181.789993,36352700,True,78124
"GOOGL.US","2024-07-24",173.600006,176.190002,171.820007,172.630005,172.630005,49585200,True,78125
"GOOGL.US","2024-07-25",172.520004,173.419998,167.190002,167.279999,167.279999,44852000,True,78126
"GOOGL.US","2024-07-26",167.149994,168.089996,164.059998,167.000000,167.000000,41336900,True,78127
"GOOGL.US","2024-07-29",168.830002,170.429993,167.990005,169.529999,169.529999,20293800,True,78128
"GOOGL.US","2024-07-30",170.240005,171.229996,168.440002,170.289993,170.289993,18959700,True,78129
"GOOGL.US","2024-07-31",173.240005,174.250000,170.009995,171.539993,171.539993,25729100,True,78130
"GOOGL.US","2024-08-01",170.250000,174.050003,168.880005,170.759995,170.759995,24531400,True,78131
"GOOGL.US","2024-08-02",166.440002,168.509995,164.669998,166.660004,166.660004,29130100,True,78132
"GOOGL.US","2024-08-05",155.500000,164.429993,154.929993,159.250000,159.250000,53630700,True,78133
"GOOGL.US","2024-08-06",159.330002,160.570007,156.410004,158.289993,158.289993,49004600,True,78134
"GOOGL.US","2024-08-07",161.250000,162.979996,158.470001,158.940002,158.940002,25138600,True,78135
"GOOGL.US","2024-08-08",160.509995,163.690002,160.210007,162.029999,162.029999,25578800,True,78136
"GOOGL.US","2024-08-09",160.009995,163.789993,159.059998,163.669998,163.669998,28590600,True,78137
"GOOGL.US","2024-08-12",164.13220346738748,164.68146239642743,161.62552005846075,162.07492065429688,0,15895300,True,80976
"GOOGL.US","2024-08-13",163.19345300516065,164.51169581936622,162.75403365423605,163.9424591064453,0,18551700,True,80977
"GOOGL.US","2024-08-14",162.18477930150115,163.00369994129383,157.50100735121106,160.157470703125,0,40591100,True,80978
"GOOGL.US","2024-08-15",160.28729981590126,161.4257884386958,159.39847988440874,161.08624267578125,0,31524300,True,80979
"GOOGL.US","2024-08-16",161.2560181621834,164.8412569699406,160.91647239378383,162.74404907226562,0,24208600,True,80980
"GOOGL.US","2024-08-19",165.06096983389187,166.46910496007789,164.04231727042026,166.44912719726562,0,22416200,True,80981
"GOOGL.US","2024-08-20",166.6788225848178,168.41652227024488,166.59894200857224,166.9584503173828,0,18341500,True,80982
"GOOGL.US","2024-08-21",164.93113396838285,166.62889328674834,164.45177434035514,165.63021850585938,0,22902000,True,80983
"GOOGL.US","2024-08-22",167.0383377133396,167.36790221837418,163.09357539194556,163.5829315185547,0,22493300,True,80984
"GOOGL.US","2024-08-23",164.5017114859788,165.9597681356595,163.61289153859136,165.4005126953125,0,13955700,True,80985
"GOOGL.US","2024-08-26",166.15951374647685,167.32796140323194,164.2420600093479,165.93980407714844,0,14190400,True,80986
"GOOGL.US","2024-08-27",165.62022791906145,166.2194389044176,164.24206703445174,164.46176147460938,0,11821900,True,80987
"GOOGL.US","2024-08-28",164.82128611216484,165.3805568135415,161.31594296869815,162.6342010498047,0,16407400,True,80988
"GOOGL.US","2024-08-29",164.09225889401242,165.75006276921926,160.03764152201563,161.56561279296875,0,19699800,True,80989
"GOOGL.US","2024-08-30",162.40449530446978,163.44312565695907,161.47573503093597,163.1634979248047,0,22123800,True,80990
"GOOGL.US","2024-09-03",161.50569692667838,161.63552953268888,156.27263526031015,157.15147399902344,0,38945300,True,80991
"GOOGL.US","2024-09-04",156.4524042027692,158.78929967277236,155.75333486198645,156.24267578125,0,19353800,True,80992
"GOOGL.US","2024-09-05",156.09287471697405,159.2386942501979,155.7732914655825,157.03163146972656,0,18688700,True,80993
"GOOGL.US","2024-09-06",157.09155141545696,157.62084784821448,150.3504964155697,150.72000122070312,0,37912100,True,80994
"GOOGL.US","2024-09-09",152.50999450683594,153.39999389648438,147.22000122070312,148.7100067138672,0,39260500,True,80995
"GOOGL.US","2024-09-10",150.4499969482422,151.27000427246094,148.33999633789062,148.66000366210938,0,31118800,True,80996
"GOOGL.US","2024-09-11",149.9199981689453,151.5,147.52000427246094,151.16000366210938,0,29607700,True,80997
"GOOGL.US","2024-09-12",153.8000030517578,154.82000732421875,152.64999389648438,154.69000244140625,0,29695000,True,80998
"GOOGL.US","2024-09-13",155.42999267578125,158.3800048828125,155.2100067138672,157.4600067138672,0,29563000,True,80999
"GOOGL.US","2024-09-16",156.949153850456,157.88700007819574,156.2407910010188,157.6974334716797,0,18379800,True,83274
"GOOGL.US","2024-09-17",158.65524442097214,160.18173369132347,158.01671306098063,158.95455932617188,0,20715600,True,83275
"GOOGL.US","2024-09-18",159.4933240269204,160.1318554271487,158.23621961441162,159.4434356689453,0,23677300,True,83276
"GOOGL.US","2024-09-19",163.3344876968325,163.41429079540828,160.96991366518583,161.76808166503906,0,26587700,True,83277
"GOOGL.US","2024-09-20",163.12496229374892,163.35443045510996,161.68826294232812,163.21475219726562,0,40896400,True,83278
"GOOGL.US","2024-09-23",163.97300985155823,165.1103942398001,161.29914948564644,161.47874450683594,0,24150900,True,83279
"GOOGL.US","2024-09-24",162.65603264196153,162.84559924653018,160.32140390143587,161.917724609375,0,23332100,True,83280
"GOOGL.US","2024-09-25",161.09960948590057,162.43653204188453,160.93000127122684,161.11956787109375,0,18869200,True,83281
"GOOGL.US","2024-09-26",163.26463623457852,163.70362938299246,161.90775524120266,162.35671997070312,0,20319300,True,83282
"GOOGL.US","2024-09-27",162.4365443712631,165.31991468714682,162.25696456225583,163.5739288330078,0,21101300,True,83283
"GOOGL.US","2024-09-30",162.9453785886578,165.76887364583845,162.88550343062403,165.46957397460938,0,20413900,True,83284
"GOOGL.US","2024-10-01",167.30535540779766,168.7719847422779,164.2024885113937,166.60696411132812,0,28338100,True,83285
"GOOGL.US","2024-10-02",166.03826626655388,167.13574919120185,164.3521403294987,165.47955322265625,0,17760200,True,83286
"GOOGL.US","2024-10-03",164.0328822574666,166.25776285148348,163.54400073216186,165.47955322265625,0,15073100,True,83287
"GOOGL.US","2024-10-04",167.67450983826666,167.84411807380985,165.10042588796134,166.6768035888672,0,19047400,True,83288
"GOOGL.US","2024-10-07",167.3352883566198,168.09353960289477,162.37668722767793,162.6061553955078,0,22463100,True,83289
"GOOGL.US","2024-10-08",163.5639517960843,164.35213297119705,162.49639888774195,164.00294494628906,0,23072700,True,83290
"GOOGL.US","2024-10-09",163.07507293573457,164.46188392429227,159.37359151374716,161.4887237548828,0,31181800,True,83291
"GOOGL.US","2024-10-10",160.50099024469034,162.69595604624766,160.0320671165202,161.70822143554688,0,14144100,True,83292
"GOOGL.US","2024-10-11",161.75810039177787,163.52402928799188,160.87014254138842,162.8655548095703,0,15344300,True,83293
"GOOGL.US","2024-10-14",163.26463978878337,165.84869515872447,163.02518482340258,164.5816192626953,0,19016100,True,83294
"GOOGL.US","2024-10-15",165.40970450318616,167.29536861569628,164.25237687914083,165.08047485351562,0,20247200,True,83295
"GOOGL.US","2024-10-16",164.1525986742248,165.41968980167007,163.36441748042412,164.78115844726562,0,16406000,True,83296
"GOOGL.US","2024-10-17",165.3498394792033,165.9883708197769,162.3866509330354,162.55625915527344,0,21453400,True,83297
"GOOGL.US","2024-10-18",162.81568258592537,164.3322003226238,162.7059342913527,163.04515075683594,0,19757700,True,83298
"GOOGL.US","2024-10-21",162.57622324771475,164.12267091200812,162.24697837282997,163.69366455078125,0,20946500,True,83299
"GOOGL.US","2024-10-22",162.60615092256947,165.38975972379467,162.60615092256947,164.76119995117188,0,16568100,True,83300
"GOOGL.US","2024-10-23",164.38207025094962,165.43965162521155,161.5585598399715,162.4066162109375,0,18280500,True,83301
"GOOGL.US","2024-10-24",162.45648900457678,162.95534206352698,160.64065656258018,162.34674072265625,0,22412500,True,83302
"GOOGL.US","2024-10-25",163.29456372883286,165.21015770980458,163.04513719135548,164.89089965820312,0,19828900,True,83303
"GOOGL.US","2024-10-28",168.3629124526984,168.3629124526984,163.5739198981752,166.3375701904297,0,32138600,True,83304
"GOOGL.US","2024-10-29",167.34524754513916,169.98917796535144,166.70671622088258,169.290771484375,0,42169000,True,83305
"GOOGL.US","2024-10-30",180.26553244445503,181.6024702004282,173.660722875302,174.059814453125,0,68890800,True,83306
"GOOGL.US","2024-10-31",172.73288489023227,176.41442332366287,170.60776574356834,170.71751403808594,0,44769000,True,83307
"GOOGL.US","2024-11-01",169.67989197256162,171.924730806551,168.49261922011235,170.89707946777344,0,31796500,True,83308
"GOOGL.US","2024-11-04",169.54019582543023,170.33836377636248,167.6246018774653,168.85179138183594,0,21492700,True,83309
"GOOGL.US","2024-11-05",169.04136050984187,170.1388434605921,168.45271748343447,169.3506622314453,0,18242100,True,83310
"GOOGL.US","2024-11-06",173.40134249175,176.53413938489027,173.1020275837351,176.10511779785156,0,33695500,True,83311
"GOOGL.US","2024-11-07",177.00306824410018,180.66464832946426,176.78357165271254,180.3354034423828,0,25352900,True,83312
"GOOGL.US","2024-11-08",180.23561473741785,180.48504128160124,177.6715177795822,177.94090270996094,0,22006200,True,83313
"GOOGL.US","2024-11-11",178.17038077952392,180.13586327493155,178.06063248502642,179.9363250732422,0,17450400,True,83314
"GOOGL.US","2024-11-12",179.40752552521292,182.07139909398467,178.9785039683493,181.20338439941406,0,25134900,True,83315
"GOOGL.US","2024-11-13",180.04607372180914,180.54492683890805,178.130464355215,178.46969604492188,0,23184000,True,83316
"GOOGL.US","2024-11-14",177.8710496301556,178.40981947170926,173.9201418364374,175.17724609375,0,31007500,True,83317
"GOOGL.US","2024-11-15",173.3314910172349,173.7405542062273,170.8272539769183,172.09434509277344,0,32504600,True,83318
"GOOGL.US","2024-11-18",173.02219578168507,175.03756643328137,172.5033843297936,174.89788818359375,0,20206600,True,83319
"GOOGL.US","2024-11-19",173.32152453373092,178.45970544097182,173.16188788594766,177.71142578125,0,23434900,True,83320
"GOOGL.US","2024-11-20",176.9332054393086,177.27242187746617,173.38137397204065,175.57632446289062,0,18997100,True,83321
"GOOGL.US","2024-11-21",173.50110570024947,173.73058909215166,163.32450529327863,167.24549865722656,0,59734400,True,83322
"GOOGL.US","2024-11-22",165.4695761261647,166.0781775052239,163.52403689515066,164.38206481933594,0,38604600,True,83323
"GOOGL.US","2024-11-25",165.70900750846198,168.2431896044489,165.2301128286344,167.2654266357422,0,33135300,True,83324
"GOOGL.US","2024-11-26",167.24549839943876,169.43047745533647,167.19561004372002,168.73207092285156,0,20486700,True,83325
"GOOGL.US","2024-11-27",168.61234397565445,169.09123867813173,167.6345961844918,168.84181213378906,0,19266500,True,83326
"GOOGL.US","2024-11-29",168.1134894922982,169.0413489221372,166.7765668794217,168.5624542236328,0,14257200,True,83327
"GOOGL.US","2024-12-02",168.38287195306333,171.6852768885628,168.18333376692627,171.0966339111328,0,23789100,True,83328
"GOOGL.US","2024-12-03",171.0966254993042,172.28388297677475,170.4580942007859,170.94696044921875,0,22248700,True,83329
"GOOGL.US","2024-12-04",170.75740145903967,174.50878632573773,170.6676115592613,173.9700164794922,0,31615100,True,83330
"GOOGL.US","2024-12-05",174.95774996584004,175.65614122166315,171.93470156837253,172.24398803710938,0,21356200,True,83331
"GOOGL.US","2024-12-06",171.6354044780067,174.6784115765489,171.4657962428472,174.30926513671875,0,21462400,True,83332
"GOOGL.US","2024-12-09",173.75989224042516,176.05723424799297,173.45023604553785,175.1682586669922,0,25389600,True,83333
"GOOGL.US","2024-12-10",182.6396622409938,186.14561898038454,180.8417298459591,184.9569854736328,0,54813000,True,83334
"GOOGL.US","2024-12-11",185.0968273042346,195.3849818086967,184.637364997593,195.1752166748047,0,67894100,True,83335
"GOOGL.US","2024-12-12",194.77567768503926,194.9554633024938,191.48946911126617,191.7391815185547,0,34817500,True,83336
"GOOGL.US","2024-12-13",190.7902570178538,192.50827955283287,189.42183794011777,189.6016387939453,0,25143500,True,83337
"GOOGL.US","2024-12-16",192.648128127054,198.77108139081074,192.39841571324646,196.43377685546875,0,44934900,True,83338
"GOOGL.US","2024-12-17",197.02308705872431,201.18828813489583,194.7556941593745,195.1951904296875,0,43504000,True,83339
"GOOGL.US","2024-12-18",194.99541962680925,196.77337069091053,187.52402890568504,188.18325805664062,0,34166100,True,83340
"GOOGL.US","2024-12-19",191.40955777871685,192.8079411518366,188.16329650997008,188.2931365966797,0,32265200,True,83341
"GOOGL.US","2024-12-20",185.56627599656574,192.66809720587494,185.00692266360085,191.18980407714844,0,63462900,True,83342
"GOOGL.US","2024-12-23",192.3984151157297,194.87557322669755,189.93125525567427,194.40611267089844,0,25675000,True,83343
"GOOGL.US","2024-12-24",194.61585613024195,195.8843994140625,193.55707797257898,195.8843994140625,0,10403300,True,83344
"GOOGL.US","2024-12-26",194.92550545907343,196.52367101490134,194.1564021929594,195.375,0,12046600,True,83345
"GOOGL.US","2024-12-27",194.72573696465102,195.09532170060632,190.43068040496257,192.5382537841797,0,18891400,True,83346
"GOOGL.US","2024-12-30",189.58165840021294,192.32849481864238,188.90243274221342,191.02000427246094,0,14264700,True,83347
"GOOGL.US","2024-12-31",190.8601960597075,191.73918864322025,188.29314510160168,189.08224487304688,0,17466900,True,83348
"GOOGL.US","2025-01-02",190.43067970164262,191.7791328258186,187.2843094002135,189.2120819091797,0,20370800,True,83349
"GOOGL.US","2025-01-03",191.14985143368122,192.9877463613902,189.76145103861666,191.56936645507812,0,18596200,True,83350
"GOOGL.US","2025-01-06",193.75684931380115,197.99197728329852,193.6270092243641,196.64352416992188,0,29563600,True,83351
"GOOGL.US","2025-01-07",196.8832529983184,200.7687774852745,194.37614589069548,195.26512145996094,0,26487200,True,83352
"GOOGL.US","2025-01-08",192.3484808074723,196.06418741382137,192.1586969389352,193.7268829345703,0,24864800,True,83353
"GOOGL.US","2025-01-10",194.07648645979594,196.29393386115163,190.09107094303815,191.81907653808594,0,26665200,True,83354
"GOOGL.US","2025-01-13",189.8513620671916,190.96007055747594,187.14447278422705,190.79026794433594,0,21823700,True,83355
"GOOGL.US","2025-01-14",191.02000242961614,191.75914137705388,188.0933651847724,189.4418182373047,0,17174900,True,83356
"GOOGL.US","2025-01-15",192.8678659974796,196.1341084636535,191.6392852545324,195.32504272460938,0,21776000,True,83357
"GOOGL.US","2025-01-16",193.91666057341888,195.2551153784116,192.58818877757312,192.68807983398438,0,17815400,True,83358
"GOOGL.US","2025-01-17",196.3039099407615,197.00310160992169,193.52710928235737,195.77452087402344,0,27735100,True,83359
"GOOGL.US","2025-01-21",198.84100497169504,202.05728678766425,197.6423732117847,197.82217407226562,0,29971300,True,83360
"GOOGL.US","2025-01-22",198.83100862292844,200.24937329507208,197.30276987978317,198.1417999267578,0,26200600,True,83361
"GOOGL.US","2025-01-23",197.91206263871854,200.06958147081755,194.97544232412307,197.7522430419922,0,26951400,True,83362
"GOOGL.US","2025-01-24",197.87211722888603,200.66888399183227,197.77222616967978,199.9796905517578,0,23877500,True,83363
"GOOGL.US","2025-01-27",192.18865606918456,196.65351502081776,190.5105808080997,191.58934020996094,0,41728900,True,83364
"GOOGL.US","2025-01-28",192.52826307792662,195.2551182563093,190.4606370613745,195.07533264160156,0,24157900,True,83365
"GOOGL.US","2025-01-29",195.33503253066368,196.5636133163606,193.20747792712066,195.18521118164062,0,18218300,True,83366
"GOOGL.US","2025-01-30",197.7722225159478,201.16830508891937,197.44260031613962,200.638916015625,0,24354700,True,83367
"GOOGL.US","2025-01-31",201.76762828746982,205.24362078448016,201.56786140671954,203.78530883789062,0,32042000,True,83368
"GOOGL.US","2025-02-03",200.45913255035472,203.5156099470352,199.8698149328218,200.99850463867188,0,27838300,True,83369
"GOOGL.US","2025-02-04",203.15602747619252,206.81182081300247,202.57669285659674,206.14259338378906,0,43856400,True,83370
"GOOGL.US","2025-02-05",190.85021363044225,192.52827375908595,187.81370210065404,191.1099090576172,0,70373900,True,83371
"GOOGL.US","2025-02-06",189.28200260132084,191.87901770448227,188.50290111861952,191.3795928955078,0,29297400,True,83372
"GOOGL.US","2025-02-07",190.83022332592188,190.9600634127379,183.02921021692137,185.1267852783203,0,49315000,True,83373
"GOOGL.US","2025-02-10",187.1344857224474,187.98349876976383,185.64619427540677,186.2554931640625,0,23105600,True,83374
"GOOGL.US","2025-02-11",184.81715184499055,186.72495835838524,184.06801459806726,185.10682678222656,0,21239500,True,83375
"GOOGL.US","2025-02-12",183.0092376906385,184.8970629566076,181.62083725948915,183.39878845214844,0,22072600,True,83376
"GOOGL.US","2025-02-13",184.10797436946572,186.06571114375504,182.9293238598035,185.92587280273438,0,21402500,True,83377
"GOOGL.US","2025-02-14",184.8471041355986,186.1855589387927,184.1079651875959,185.01690673828125,0,20448400,True,83378
"GOOGL.US","2025-02-18",185.386490331916,185.74607679460826,181.5309302979739,183.55859375,0,29916700,True,83379
"GOOGL.US","2025-02-19",183.8582530360721,185.246653369277,183.3787942547783,185.05686950683594,0,19549400,True,83380
"GOOGL.US","2025-02-20",184.58741616756504,185.09682399614678,182.5098070913863,184.34768676757812,0,20441500,True,83381
"GOOGL.US","2025-02-21",184.93699793129608,185.12678179449694,178.87398876546825,179.4533233642578,0,35199200,True,83382
"GOOGL.US","2025-02-24",181.78064614487357,182.90933584096624,178.68420625509464,179.04379272460938,0,29854200,True,83383
"GOOGL.US","2025-02-25",177.8351818432405,178.53438877889693,174.48904471950055,175.21820068359375,0,41913400,True,83384
"GOOGL.US","2025-02-26",174.8686155406987,175.87744820035027,171.38262477536554,172.5312957763672,0,35431300,True,83385
"GOOGL.US","2025-02-27",173.78985771928288,174.3591940996765,167.746814231894,168.30616760253906,0,39991000,True,83386
"GOOGL.US","2025-02-28",168.48594100971005,170.41372863795183,166.5781498819881,170.0841064453125,0,48130600,True,83387
"GOOGL.US","2025-03-03",171.7322094406985,173.17055534541237,165.73911166521458,166.81787109375,0,40770500,True,83388
"GOOGL.US","2025-03-04",166.04876455679425,173.09064211021553,165.60926829005186,170.72337341308594,0,45388000,True,83389
"GOOGL.US","2025-03-05",170.32384453302183,173.58008886593674,168.86551735545183,172.8209686279297,0,30954900,True,83390
"GOOGL.US","2025-03-06",170.33381982392953,174.60889486138916,170.30385555544734,172.1517333984375,0,28302000,True,83391
"GOOGL.US","2025-03-07",171.06298843219486,174.76872740179581,170.07413701655315,173.66000366210938,0,27385800,True,83392
"GOOGL.US","2025-03-10",168.25999450683594,168.4600067138672,163.69000244140625,165.8699951171875,0,43604000,True,83393
"GOOGL.US","2025-03-11",164.91000366210938,166.75,161.3699951171875,164.0399932861328,0,39587400,True,83394
"GOOGL.US","2025-03-12",166.5800018310547,167.63999938964844,163.52999877929688,167.11000061035156,0,28372400,True,83395
"GOOGL.US","2025-03-13",166.0399932861328,166.1300048828125,162.11000061035156,162.75999450683594,0,31756200,True,83396
"GOOGL.US","2025-03-14",163.27000427246094,166.49000549316406,162.4499969482422,165.49000549316406,0,31995900,True,83397
"GOOGL.US","2025-03-17",165.02999877929688,166.3000030517578,163.6699981689453,164.2899932861328,0,31184300,True,83398
"GOOGL.US","2025-03-18",163.67999267578125,164.25,156.72000122070312,160.6699981689453,0,42074800,True,83399
"GOOGL.US","2025-03-19",161.75999450683594,165.8699951171875,161.0,163.88999938964844,0,34275600,True,83400
"GOOGL.US","2025-03-20",161.57000732421875,164.88999938964844,160.9600067138672,162.8000030517578,0,28138500,True,83401
"GOOGL.US","2025-03-21",161.2100067138672,164.24000549316406,160.88999938964844,163.99000549316406,0,36625800,True,83402
"GOOGL.US","2025-03-24",167.07000732421875,168.32000732421875,165.13999938964844,167.67999267578125,0,30879100,True,83403
"GOOGL.US","2025-03-25",168.97999572753906,170.6300048828125,168.32000732421875,170.55999755859375,0,24174400,True,83404
"GOOGL.US","2025-03-26",169.0,169.61000061035156,164.83999633789062,165.05999755859375,0,28901600,True,83405
"GOOGL.US","2025-03-27",164.6300048828125,165.4199981689453,162.0,162.24000549316406,0,24508300,True,83406
"GOOGL.US","2025-03-28",160.49000549316406,161.82000732421875,153.6300048828125,154.3300018310547,0,48669300,True,83407
"GOOGL.US","2025-03-31",153.11000061035156,155.5399932861328,150.66000366210938,154.63999938964844,0,54603500,True,83408
"GOOGL.US","2025-04-01",153.6199951171875,158.10000610351562,153.6199951171875,157.07000732421875,0,30672900,True,83409
"GOOGL.US","2025-04-02",155.14999389648438,158.41000366210938,154.6999969482422,157.0399932861328,0,25041700,True,83410
"GOOGL.US","2025-04-03",151.11000061035156,152.77999877929688,150.38999938964844,150.72000122070312,0,46883400,True,83411
"GOOGL.US","2025-04-04",148.00999450683594,151.07000732421875,145.3800048828125,145.60000610351562,0,62259500,True,83412
"GOOGL.US","2025-04-07",141.5500030517578,152.85000610351562,140.52999877929688,146.75,0,76794100,True,83413
"GOOGL.US","2025-04-08",151.22000122070312,152.24000549316406,143.02999877929688,144.6999969482422,0,52200200,True,83414
"GOOGL.US","2025-04-09",144.4199981689453,159.5500030517578,143.91000366210938,158.7100067138672,0,70406200,True,83415
"GOOGL.US","2025-04-10",156.5399932861328,157.72000122070312,149.92999267578125,152.82000732421875,0,48022000,True,83416
"GOOGL.US","2025-04-11",152.89999389648438,157.6699981689453,152.82000732421875,157.13999938964844,0,33636200,True,83417
"GOOGL.US","2025-04-14",160.0,161.72000122070312,157.55999755859375,159.07000732421875,0,30333000,True,83418
"GOOGL.US","2025-04-15",159.1300048828125,159.64999389648438,155.2100067138672,156.30999755859375,0,27551500,True,83419
"GOOGL.US","2025-04-16",153.10000610351562,155.88999938964844,151.50999450683594,153.3300018310547,0,28187400,True,83420
"GOOGL.US","2025-04-17",154.2899932861328,154.67999267578125,148.5,151.16000366210938,0,32938500,True,83421
"GOOGL.US","2025-04-21",148.8800048828125,148.9499969482422,146.10000610351562,147.6699981689453,0,26049100,True,83422
"GOOGL.US","2025-04-22",148.88999938964844,152.19000244140625,148.5399932861328,151.47000122070312,0,26971800,True,83423
"GOOGL.US","2025-04-23",155.61000061035156,157.52999877929688,153.80999755859375,155.35000610351562,0,31128800,True,83424
"GOOGL.US","2025-04-24",156.14999389648438,159.58999633789062,155.7899932861328,159.27999877929688,0,45894000,True,83425
"GOOGL.US","2025-04-25",165.07000732421875,166.10000610351562,161.0399932861328,161.9600067138672,0,55972600,True,83426
"GOOGL.US","2025-04-28",162.42999267578125,163.14999389648438,158.60000610351562,160.61000061035156,0,29745800,True,0
"GOOGL.US","2025-04-29",160.32000732421875,160.74000549316406,157.52000427246094,160.16000366210938,0,26809000,True,86449
"GOOGL.US","2025-04-30",157.97999572753906,159.27000427246094,155.39999389648438,158.8000030517578,0,34981100,True,86450
"GOOGL.US","2025-05-01",160.4499969482422,161.9499969482422,158.91000366210938,161.3000030517578,0,30203200,True,86451
"GOOGL.US","2025-05-02",163.41000366210938,164.97000122070312,161.8699951171875,164.02999877929688,0,25715000,True,86452
"GOOGL.US","2025-05-05",163.0,165.38999938964844,162.72000122070312,164.2100067138672,0,21341800,True,86453
"GOOGL.US","2025-05-06",162.1699981689453,164.8000030517578,161.19000244140625,163.22999572753906,0,21277200,True,86454
"GOOGL.US","2025-05-07",164.0800018310547,165.0,147.83999633789062,151.3800048828125,0,127490100,True,86455
"GOOGL.US","2025-05-08",155.0,155.92999267578125,152.89999389648438,154.27999877929688,0,57498700,True,88039
"GOOGL.US","2025-05-09",154.1699981689453,155.0500030517578,152.1999969482422,152.75,0,32376800,True,88040
"GOOGL.US","2025-05-12",157.49000549316406,159.10000610351562,156.25,158.4600067138672,0,44138800,True,88168
"GOOGL.US","2025-05-13",158.7899932861328,160.57000732421875,156.16000366210938,159.52999877929688,0,42382100,True,88169
"GOOGL.US","2025-05-14",159.9600067138672,167.0,159.61000061035156,165.3699951171875,0,48671500,True,88170
"GOOGL.US","2025-05-15",165.83999633789062,166.2100067138672,162.3699951171875,163.9600067138672,0,33091900,True,0
"GOOGL.US","2025-05-16",167.3774855147182,168.99409119137468,165.27191939302787,165.84072875976562,NULL,42846900,True,0
"GOOGL.US","2025-05-19",164.16425471766837,166.2897831099107,163.87487089127026,166.1899871826172,NULL,30426100,True,0
"GOOGL.US","2025-05-20",166.08022402030295,168.1458810248048,162.55764387335125,163.6353759765625,NULL,46607700,True,0
"GOOGL.US","2025-05-21",163.34598924433868,172.77612594690945,163.21625758160502,168.20574951171875,NULL,73416000,True,0
"GOOGL.US","2025-05-22",171.48884617085898,176.3985044728025,170.35124260366135,170.51089477539062,NULL,74864400,True,0
"GOOGL.US","2025-05-23",168.70469265151235,169.60281030274047,167.5371534089642,168.11593627929688,NULL,35211400,True,0
"GOOGL.US","2025-05-27",169.80238932071725,172.80605791558804,169.6427219280191,172.53662109375,NULL,37995700,True,0
"GOOGL.US","2025-05-28",172.79607866823434,174.90164475593082,171.5487057543554,171.9977569580078,NULL,34784000,True,0
"GOOGL.US","2025-05-29",173.63431165912297,174.0534271359213,170.27139911620654,171.49880981445312,NULL,29317300,True,0
"GOOGL.US","2025-05-30",170.98989433565492,171.84808755569938,167.0881079964574,171.3790740966797,NULL,52639900,True,0
"GOOGL.US","2025-06-02",167.4872574240746,169.5129898808019,167.03820620651766,168.6747589111328,NULL,38612300,True,0
"GOOGL.US","2025-06-03",167.13800921175007,168.12591888686956,164.9326470385699,165.83074951171875,NULL,45084900,True,0
"GOOGL.US","2025-06-04",166.38956355967437,167.8664487405706,166.01035734329753,167.69680786132812,NULL,26900800,True,0
"GOOGL.US","2025-06-05",169.98200425737,170.57076063975376,167.23778374687686,167.8564910888672,NULL,36379100,True,0
"GOOGL.US","2025-06-06",170.47097086402252,174.1332558504034,170.47097086402252,173.31497192382812,NULL,35731800,True,0
"GOOGL.US","2025-06-09",174.38402968862113,176.31231302715454,174.21418342483807,175.93264770507812,NULL,28935900,True,0
"GOOGL.US","2025-06-10",176.04254985052344,180.94816607880887,174.7537092641778,178.44041442871094,NULL,61766100,True,0
"GOOGL.US","2025-06-11",179.60936400867158,180.20881870896204,176.59205837486806,177.1915283203125,NULL,31646800,True,0
"GOOGL.US","2025-06-12",176.02256609234394,176.56209210971562,174.59385119423692,175.54299926757812,NULL,20941900,True,0
"GOOGL.US","2025-06-13",172.28591297451578,176.9717245091389,172.2359546046385,174.513916015625,NULL,27663100,True,0
"GOOGL.US","2025-06-16",174.57385966373928,176.78189154925582,174.49392932110277,176.61204528808594,NULL,27389200,True,0
"GOOGL.US","2025-06-17",175.5429937823964,177.20151408744945,174.4239994778565,175.7927703857422,NULL,24973000,True,0
"GOOGL.US","2025-06-18",175.85271405711507,176.4022256326498,173.04522747911062,173.16513061523438,NULL,28707500,True,0
"GOOGL.US","2025-06-20",173.79455416726213,174.18420505107113,165.312150640077,166.4910888671875,NULL,75659900,True,0
"GOOGL.US","2025-06-23",166.1214256591391,167.19046158134836,161.85523705575486,165.04238891601562,NULL,57671000,True,0
"GOOGL.US","2025-06-24",166.77084680791774,168.06968824197463,165.98155942026995,166.62098693847656,NULL,40524300,True,0
"GOOGL.US","2025-06-25",167.48021861146748,172.2059878377665,167.40028826627824,170.52748107910156,NULL,35479000,True,0
"GOOGL.US","2025-06-26",172.275909497391,173.53479332021178,169.78814431449064,173.38491821289062,NULL,31796700,True,0
"GOOGL.US","2025-06-27",173.3849216100962,178.52032800475203,171.57654142712704,178.37046813964844,NULL,108140200,True,0
"GOOGL.US","2025-06-30",180.6184624108643,181.0680572633364,174.4240054836315,176.07252502441406,NULL,63378900,True,0
"GOOGL.US","2025-07-01",175.5829598377131,175.9326379218849,173.37492804100808,175.682861328125,NULL,35904500,True,0
"GOOGL.US","2025-07-02",175.38312608280393,178.70016656024188,174.91356011283625,178.48036193847656,NULL,29128900,True,0
"GOOGL.US","2025-07-03",178.34048951535135,179.50944215502514,176.89178830781478,179.36956787109375,NULL,21689700,True,0
"GOOGL.US","2025-07-07",178.89999490759814,179.13978593904164,175.52301029591823,176.63201904296875,NULL,34175600,True,0
"GOOGL.US","2025-07-08",177.691079951528,177.7909814447806,172.6555751408571,174.20419311523438,NULL,40442500,True,0
"GOOGL.US","2025-07-09",175.09340252603724,179.27966092294577,172.61562283881983,176.46217346191406,NULL,43025600,True,0
"GOOGL.US","2025-07-10",175.47306122205768,178.27054693495992,174.22417822695712,177.46127319335938,NULL,29252400,True,0
"GOOGL.US","2025-07-11",176.6320206592132,181.26787392679407,176.32230010231936,180.02899169921875,NULL,34282900,True,0
"GOOGL.US","2025-07-14",180.84823929966979,183.5058659137902,179.5194259926096,181.3977508544922,NULL,32536600,True,0
"GOOGL.US","2025-07-15",182.6466456022175,184.05538933948807,181.4377353487915,181.83737182617188,NULL,33448300,True,0
"GOOGL.US","2025-07-16",183.07626629854497,184.1652886399438,181.86734081977315,182.80650329589844,NULL,33104200,True,0
"GOOGL.US","2025-07-17",181.9772389358081,183.89552139280437,180.31871865434178,183.41595458984375,NULL,31992600,True,0
"GOOGL.US","2025-07-18",185.2343153104504,186.25340807875182,183.54583834733725,184.89462280273438,NULL,34014500,True,0
"GOOGL.US","2025-07-21",186.08356432217508,190.11994741222205,185.98364758555138,189.9301300048828,NULL,45803100,True,0
"GOOGL.US","2025-07-22",191.328882294876,191.47874216205827,187.29249900550474,191.1690216064453,NULL,44660200,True,0
"GOOGL.US","2025-07-23",191.32888225818212,192.35796066638142,189.01094801184496,190.0600128173828,NULL,58681900,True,0
"GOOGL.US","2025-07-24",196.85393348830104,197.7731095502254,190.8293230940032,191.99827575683594,NULL,74881700,True,0
"GOOGL.US","2025-07-25",191.80844534575607,194.1563515198352,191.08908750710862,193.0073699951172,NULL,39785900,True,0
"GOOGL.US","2025-07-28",193.47694913334269,193.87660084223495,190.6694625759226,192.4079132080078,NULL,38139500,True,0
"GOOGL.US","2025-07-29",192.2580327538162,195.7449194968108,191.90835466905762,195.5750732421875,NULL,41389200,True,0
"GOOGL.US","2025-07-30",195.42522371418744,197.42343657324804,194.51603320447785,196.35438537597656,NULL,32445400,True,0
"GOOGL.US","2025-07-31",195.53512388567077,195.8148724632573,190.91924186518514,191.728515625,NULL,51329200,True,0
"GOOGL.US","2025-08-01",188.86108179697592,190.65947636814528,187.65217158882444,188.96099853515625,NULL,34832200,True,0
"GOOGL.US","2025-08-04",190.11995195242244,195.0955128481526,189.95010569222902,194.86570739746094,NULL,31547400,True,0
"GOOGL.US","2025-08-05",194.5360207683401,197.68319994217242,193.71674617353807,194.4960479736328,NULL,31602300,True,0
"GOOGL.US","2025-08-06",194.32618893507828,196.45429038129967,193.49692881868756,195.91476440429688,NULL,21562900,True,0
"GOOGL.US","2025-08-07",196.88390160867925,197.36346840439734,194.15634544876863,196.34439086914062,NULL,26321800,True,0
"GOOGL.US","2025-08-08",197.04376174071106,202.42894452614235,196.99380337261508,201.24000549316406,NULL,39161800,True,0
"GOOGL.US","2025-08-11",200.76044484845534,201.29995560301907,198.8921207366326,200.8203887939453,NULL,25832400,True,0
"GOOGL.US","2025-08-12",201.19005382143942,204.31726177746063,200.41075203769518,203.15829467773438,NULL,30397900,True,0
"GOOGL.US","2025-08-13",203.94760013613634,204.3472366094903,197.33350521250262,201.779541015625,NULL,28342900,True,0
"GOOGL.US","2025-08-14",201.31993610316366,204.2573113073674,201.05017311120625,202.75865173339844,NULL,25230400,True,0
"GOOGL.US","2025-08-15",203.66784557245273,206.25552748751167,201.10013480886678,203.71778869628906,NULL,34931400,True,0
"GOOGL.US","2025-08-18",204.01753247133055,205.08658368227987,202.30906899226142,203.3181610107422,NULL,18526600,True,0
"GOOGL.US","2025-08-19",202.84857944432244,203.2582167438639,199.7813305987235,201.389892578125,NULL,24240200,True,0
"GOOGL.US","2025-08-20",200.55061989251405,201.10013145192505,196.4243208994537,199.1418914794922,NULL,28955500,True,0
"GOOGL.US","2025-08-21",199.57150268554688,202.29905887913935,199.25178132101763,199.57150268554688,NULL,19774600,True,0
"GOOGL.US","2025-08-22",202.54883983863883,208.353645687597,201.12012497867053,205.9058380126953,NULL,42827000,True,0
"GOOGL.US","2025-08-25",206.2455237198617,210.3318804204715,205.0965574752735,208.30369567871094,NULL,29928900,True,0
"GOOGL.US","2025-08-26",207.32455950181813,207.66426725745978,205.5161793925774,206.95489501953125,NULL,28464100,True,0
"GOOGL.US","2025-08-27",205.51617805576655,208.72331622375268,205.46621968804243,207.29458618164062,NULL,23022900,True,0
"GOOGL.US","2025-08-28",207.0648053873533,212.0303655105851,206.71511204255788,211.4508819580078,NULL,32339300,True,0
"GOOGL.US","2025-08-29",210.3218773757616,214.45817715575657,210.01215683893824,212.71974182128906,NULL,39728400,True,0
"GOOGL.US","2025-09-02",208.25374472878948,211.4908397743193,206.01574085860813,211.16114807128906,NULL,47523000,True,0
"GOOGL.US","2025-09-03",226.00786746880672,231.1033010071871,224.5891229524102,230.45388793945312,NULL,103336100,True,0
"GOOGL.US","2025-09-04",229.4447813472723,232.16235200669,225.90795135774627,232.09242248535156,NULL,51684200,True,0
"GOOGL.US","2025-09-05",231.9925075217388,235.54932393536487,231.69277254690593,234.79000854492188,NULL,46588900,True,0
"GOOGL.US","2025-09-08",235.47000122070312,238.1300048828125,233.6699981689453,234.0399932861328,NULL,32474700,True,0
"GOOGL.US","2025-09-09",234.1699981689453,240.47000122070312,233.22999572753906,239.6300048828125,NULL,38061000,True,0
"GOOGL.US","2025-09-10",238.89999389648438,241.66000366210938,237.85000610351562,239.1699981689453,NULL,35141100,True,0
"GOOGL.US","2025-09-11",239.8800048828125,242.25,236.25,240.3699951171875,NULL,30599300,True,0
"GOOGL.US","2025-09-12",240.3699951171875,242.0800018310547,238.0,240.8000030517578,NULL,26761900,True,0
"GOOGL.US","2025-09-15",244.77000427246094,252.40499877929688,244.7100067138672,251.61000061035156,NULL,57480464,True,0
"GOOGL.US","2025-09-16",251.91521585326547,252.87457975705254,249.30692141357196,250.99581909179688,NULL,34109700,True,0
"GOOGL.US","2025-09-17",251.0557800198683,251.43553649547647,246.11900683222018,249.36688232421875,NULL,34108000,True,0
"GOOGL.US","2025-09-18",251.51547232528497,253.82397511354577,249.6367116291099,251.86524963378906,NULL,31239500,True,0
"GOOGL.US","2025-09-19",253.08445699569828,255.83265939150547,251.64539584681071,254.55349731445312,NULL,55571400,True,0
"GOOGL.US","2025-09-22",254.2636811395151,255.6128047936517,250.13639113793755,252.36492919921875,NULL,32290500,True,0
"GOOGL.US","2025-09-23",252.8745862102155,254.1937306726042,250.31626206974443,251.49549865722656,NULL,26628000,True,0
"GOOGL.US","2025-09-24",251.49550432970327,252.18505574615793,246.2789151995329,246.97845458984375,NULL,28201000,True,0
"GOOGL.US","2025-09-25",244.24022750230412,246.32887284028934,240.58263166512353,245.6293182373047,NULL,31020400,True,0
"GOOGL.US","2025-09-26",246.90849752367055,249.25695217808112,245.80921049475367,246.3788299560547,NULL,18503200,True,0
"GOOGL.US","2025-09-29",247.6879914773483,250.98582213384148,242.61131034259105,243.89047241210938,NULL,32505800,True,0
"GOOGL.US","2025-09-30",242.65128209661555,243.13096406959585,239.09361157011617,242.94110107421875,NULL,34724300,True,0
"GOOGL.US","2025-10-01",240.59263270567308,246.13900797357311,238.45403213601972,244.7399139404297,NULL,31658200,True,0
"GOOGL.US","2025-10-02",244.98974812584623,246.64866670301694,242.14162021805868,245.52940368652344,NULL,25483300,True,0
"GOOGL.US","2025-10-03",244.33018254314118,246.138996907564,241.5020306823554,245.1896209716797,NULL,30249600,True,0
"GOOGL.US","2025-10-06",244.61999567020933,251.1557292673991,244.42012945214807,250.26629638671875,NULL,28894700,True,0
"GOOGL.US","2025-10-07",248.10771903747053,250.27629875611288,245.35951661425605,245.59934997558594,NULL,23181300,True,0
"GOOGL.US","2025-10-08",244.79988761332393,245.84918907751907,243.66063338889384,244.46009826660156,NULL,21307100,True,0
"GOOGL.US","2025-10-09",244.3101967172578,244.60000044134677,238.99366696134817,241.3721160888672,NULL,27892100,True,0
"GOOGL.US","2025-10-10",241.27216783484693,243.93043262992407,235.6858257251368,236.4153594970703,NULL,33180300,True,0
"GOOGL.US","2025-10-13",240.05299046060216,244.34017953936018,239.55331729181,243.9904022216797,NULL,24995000,True,0
"GOOGL.US","2025-10-14",241.07230809804528,246.95845730298234,240.35277752895155,245.28955078125,NULL,22111600,True,0
"GOOGL.US","2025-10-15",247.0883778879278,251.94520161834686,245.82920701293574,250.86590576171875,NULL,27007700,True,0
"GOOGL.US","2025-10-16",251.60541868813706,256.79201310331337,249.93651222042618,251.29562377929688,NULL,27997200,True,0
"GOOGL.US","2025-10-17",250.59608169913423,254.05382673080507,247.64801305801078,253.13442993164062,NULL,29671600,True,0
"GOOGL.US","2025-10-20",254.52352413042843,257.1617826336821,254.06381810029453,256.3822937011719,NULL,22350200,True,0
"GOOGL.US","2025-10-21",254.5734808325197,254.71338870395212,243.99039197294186,250.29627990722656,NULL,47312100,True,0
"GOOGL.US","2025-10-22",254.20372304336274,256.19241249616164,249.12704181794433,251.52548217773438,NULL,35029400,True,0
"GOOGL.US","2025-10-23",252.81462530948346,254.8732762688867,251.68537434804077,252.91456604003906,NULL,19901400,True,0
"GOOGL.US","2025-10-24",256.412278354529,261.5089509442133,255.1531226659378,259.7501220703125,NULL,28655100,True,0
"GOOGL.US","2025-10-27",264.6468909460984,269.9634205104271,264.10723541197956,269.0939636230469,NULL,35235200,True,0
"GOOGL.US","2025-10-28",269.5137161039883,270.5530448339537,266.3257988486908,267.295166015625,NULL,29738600,True,0
"GOOGL.US","2025-10-29",267.57498405043395,275.1600191542769,267.49504976173847,274.3905334472656,NULL,43580300,True,0
"GOOGL.US","2025-10-30",291.3993974290424,291.3993974290424,279.87693527724974,281.2960205078125,NULL,74876000,True,0
"GOOGL.US","2025-10-31",283.02486366213384,285.81304844327684,276.8489107040144,281.0061950683594,NULL,39267900,True,0
"GOOGL.US","2025-11-03",281.9955439895644,285.3433603410046,279.61709481156873,283.5345458984375,NULL,29786000,True,0
"GOOGL.US","2025-11-04",276.56908942406625,281.0861237356038,276.07941949471564,277.35858154296875,NULL,30078400,True,0
"GOOGL.US","2025-11-05",278.6876991693174,286.23278206992967,277.15870054271744,284.1241455078125,NULL,31010300,True,0
"GOOGL.US","2025-11-06",285.14348075532007,288.1615262521665,280.9562476047489,284.5638732910156,NULL,37173600,True,0
"GOOGL.US","2025-11-07",283.0248465894465,283.59448127875606,275.0101005397699,278.647705078125,NULL,34479600,True,0
"GOOGL.US","2025-11-10",284.23409016650885,290.6098939896417,282.6750818691635,289.9103698730469,NULL,29557300,True,0
"GOOGL.US","2025-11-11",287.56189748708465,291.72918497214437,287.1321858980205,291.11956787109375,NULL,19842100,True,0
"GOOGL.US","2025-11-12",291.4893355792204,291.8191369528623,283.504568014819,286.5225830078125,NULL,24829900,True,0
"GOOGL.US","2025-11-13",282.15543354563385,282.65510670070455,277.0587612643864,278.3879089355469,NULL,29494000,True,0
"GOOGL.US","2025-11-14",271.23257767900105,278.3778974858086,270.52305035910666,276.22930908203125,NULL,31647200,True,0
"GOOGL.US","2025-11-17",285.59319216713175,293.7578650793077,283.38464532335746,284.83367919921875,NULL,52670200,True,0
"GOOGL.US","2025-11-18",287.7318125744744,288.61121173854644,278.0181648979437,284.09417724609375,NULL,49158700,True,0
"GOOGL.US","2025-11-19",286.9722907427786,303.6114007455407,286.44263841708545,292.61859130859375,NULL,68198900,True,0
"GOOGL.US","2025-11-20",304.3409354639468,306.2197114167213,288.48131431646567,289.26080322265625,NULL,62025200,True,0
"GOOGL.US","2025-11-21",296.2262391249899,303.7213362601199,293.6579118539212,299.464111328125,NULL,74137700,True,0
"GOOGL.US","2025-11-24",310.9266228942269,319.27117069793417,309.39762425695875,318.3717346191406,NULL,85165100,True,0
"GOOGL.US","2025-11-25",325.9967549915166,328.6150374741804,317.4423529194355,323.22857666015625,NULL,88632100,True,0
"GOOGL.US","2025-11-26",320.4703785574214,324.287888914303,316.58293713459693,319.7408752441406,NULL,51373400,True,0
"GOOGL.US","2025-11-28",323.15862038246837,326.6363566172421,316.5829348985448,319.970703125,NULL,26018600,True,0
"GOOGL.US","2025-12-01",317.49233426982363,319.6409227326276,313.684827275924,314.6841735839844,NULL,41183000,True,0
"GOOGL.US","2025-12-02",316.5329308632399,318.17187340075924,313.7047943107319,315.6035461425781,NULL,35854700,True,0
"GOOGL.US","2025-12-03",315.68353592029735,321.369788644051,313.89469739870816,319.42108154296875,NULL,41838300,True,0
"GOOGL.US","2025-12-04",322.0193865832628,322.14927599125497,314.4943097586067,317.4123840332031,NULL,31240900,True,0
"GOOGL.US","2025-12-05",319.28113189003057,322.9487461411032,318.961364259978,321.0599670410156,NULL,28851700,True,0
"GOOGL.US","2025-12-08",320.04998779296875,320.44000244140625,311.2200012207031,313.7200012207031,NULL,33909400,True,0
"GOOGL.US","2025-12-09",312.3699951171875,317.989990234375,311.8999938964844,317.0799865722656,NULL,30194000,True,0
"GOOGL.US","2025-12-10",315.8299865722656,321.30999755859375,314.67999267578125,320.2099914550781,NULL,33428900,True,0
"GOOGL.US","2025-12-11",320.0799865722656,321.1199951171875,308.6000061035156,312.42999267578125,NULL,42353700,True,0
"GOOGL.US","2025-12-12",313.70001220703125,314.8699951171875,305.55999755859375,309.2900085449219,NULL,35940200,True,0
"GOOGL.US","2025-12-15",311.32000732421875,311.4200134277344,304.8800048828125,308.2200012207031,NULL,29151900,True,0
"GOOGL.US","2025-12-16",304.95001220703125,310.7699890136719,302.5899963378906,306.57000732421875,NULL,30585000,True,0
"GOOGL.US","2025-12-17",308.010009765625,308.0899963378906,296.1199951171875,296.7200012207031,NULL,43930400,True,0
"GOOGL.US","2025-12-18",301.7200012207031,303.9599914550781,299.2300109863281,302.4599914550781,NULL,33518000,True,0
"GOOGL.US","2025-12-19",301.7300109863281,307.25,300.9700012207031,307.1600036621094,NULL,59943200,True,0
"GOOGL.US","2025-12-22",309.8800048828125,310.1300048828125,305.29998779296875,309.7799987792969,NULL,26429900,True,0
"GOOGL.US","2025-12-23",309.6300048828125,314.94000244140625,309.32000732421875,314.3500061035156,NULL,25478700,True,0
"GOOGL.US","2025-12-24",314.7699890136719,315.0799865722656,311.9200134277344,314.0899963378906,NULL,10097400,True,0
"GOOGL.US","2025-12-26",314.4800109863281,315.0899963378906,312.2799987792969,313.510009765625,NULL,10899000,True,0
"GOOGL.US","2025-12-29",311.3699951171875,314.0199890136719,310.6199951171875,313.55999755859375,NULL,19621800,True,0
"GOOGL.US","2025-12-30",312.5,316.95001220703125,312.4599914550781,313.8500061035156,NULL,17380900,True,0
"GOOGL.US","2025-12-31",312.8500061035156,314.5799865722656,311.44000244140625,313.0,NULL,16377700,True,0
"GOOGL.US","2026-01-02",316.8999938964844,322.5,310.3299865722656,315.1499938964844,NULL,32009400,True,0
"GOOGL.US","2026-01-05",317.6600036621094,319.0199890136719,314.6300048828125,316.5400085449219,NULL,30195600,True,0
"GOOGL.US","2026-01-06",316.3999938964844,320.94000244140625,311.7799987792969,314.3399963378906,NULL,31212100,True,0
"GOOGL.US","2026-01-07",314.3599853515625,326.1499938964844,314.19000244140625,321.9800109863281,NULL,35104400,True,0
"GOOGL.US","2026-01-08",328.9700012207031,330.32000732421875,321.5,325.44000244140625,NULL,31896100,True,0
"GOOGL.US","2026-01-09",327.0899963378906,330.8299865722656,325.79998779296875,328.57000732421875,NULL,26214200,True,0
"GOOGL.US","2026-01-12",325.79998779296875,334.0400085449219,325.0,331.8599853515625,NULL,33923900,True,0
"GOOGL.US","2026-01-13",334.95001220703125,340.489990234375,333.6199951171875,335.9700012207031,NULL,33517600,True,0
"GOOGL.US","2026-01-14",335.05999755859375,336.5199890136719,330.4800109863281,335.8399963378906,NULL,28525600,True,0
"GOOGL.US","2026-01-15",337.6499938964844,337.69000244140625,330.739990234375,332.7799987792969,NULL,28442400,True,0
"GOOGL.US","2026-01-16",334.4100036621094,334.6499938964844,327.70001220703125,330.0,NULL,40341600,True,0
"GOOGL.US","2026-01-20",320.8699951171875,327.7300109863281,320.42999267578125,322.0,NULL,35361000,True,0
"GOOGL.US","2026-01-21",320.9200134277344,332.4800109863281,319.3500061035156,328.3800048828125,NULL,35386600,True,0
"GOOGL.US","2026-01-22",334.45001220703125,335.1499938964844,328.75,330.5400085449219,NULL,26253600,True,0
"GOOGL.US","2026-01-23",332.489990234375,333.69000244140625,327.45001220703125,327.92999267578125,NULL,27280000,True,0
"GOOGL.US","2026-01-26",327.80999755859375,335.8399963378906,327.0,333.260009765625,NULL,26042100,True,0
"GOOGL.US","2026-01-27",335.3699951171875,337.9100036621094,333.4800109863281,334.54998779296875,NULL,21636200,True,0
"GOOGL.US","2026-01-28",336.05999755859375,337.5400085449219,331.94000244140625,336.010009765625,NULL,27434400,True,0
"GOOGL.US","2026-01-29",340.29998779296875,342.2900085449219,326.5400085449219,338.25,NULL,39785600,True,0
"GOOGL.US","2026-01-30",340.0,340.0,332.2900085449219,338.0,NULL,31024000,True,0
"GOOGL.US","2026-02-02",336.2200012207031,344.8299865722656,335.6300048828125,343.69000244140625,NULL,32006100,True,0
"GOOGL.US","2026-02-03",347.3399963378906,349.0,337.4700012207031,339.7099914550781,NULL,36506700,True,0
"GOOGL.US","2026-02-04",342.9599914550781,343.30999755859375,328.5199890136719,333.0400085449219,NULL,70618400,True,0
"GOOGL.US","2026-02-05",312.2200012207031,332.69000244140625,306.4599914550781,331.25,NULL,87810100,True,0
"GOOGL.US","2026-02-06",326.94984200428365,330.147603202773,NULL,322.63287353515625,NULL,56380500,True,0
"GOOGL.US","2026-02-09",320.70422803551696,327.4694850607409,NULL,324.09185791015625,NULL,39640100,True,95140
"GOOGL.US","2026-02-10",320.7441987510988,321.4437184993816,NULL,318.3558654785156,NULL,39170000,True,95141
"GOOGL.US","2026-02-11",318.7456164455411,320.8341425405983,NULL,310.7412414550781,NULL,45406400,True,95142
"GOOGL.US","2026-02-12",311.87044586439265,316.0175203045161,NULL,308.7826232910156,NULL,47761300,True,95143
"GOOGL.US","2026-02-13",307.5135396808651,308.41290048065196,NULL,305.50494384765625,NULL,38499700,True,95144
"GOOGL.US","2026-02-17",299.82893803190484,304.22583664461854,NULL,301.8075256347656,NULL,39247600,True,95145
"GOOGL.US","2026-02-18",301.87748970860525,305.1651838815364,NULL,303.1166076660156,NULL,28482100,True,95146
"GOOGL.US","2026-02-19",301.6076886754516,305.25511494304027,NULL,302.636962890625,NULL,25834400,True,95147
"GOOGL.US","2026-02-20",304.1059184917761,316.2773425544253,NULL,314.7584228515625,NULL,53210800,True,95148
"GOOGL.US","2026-02-23",318.82555353627805,319.29522413676915,NULL,311.2708740234375,NULL,31423000,True,95149
"GOOGL.US","2026-02-24",310.3015673465962,312.05033638585,NULL,310.6813049316406,NULL,25615600,True,95150
"GOOGL.US","2026-02-25",311.84046520002283,313.4193707572093,NULL,312.67987060546875,NULL,29963600,True,95151
"GOOGL.US","2026-02-26",312.42009761480955,312.9197459051382,NULL,307.1637878417969,NULL,36431200,True,95152
"GOOGL.US","2026-02-27",303.92607541564644,312.1502667227519,NULL,311.54071044921875,NULL,44640600,True,95153
"GOOGL.US","2026-03-02",303.0166882830762,308.27296712894787,NULL,306.3043518066406,NULL,34790200,True,95154
"GOOGL.US","2026-03-03",298.37994467731505,303.72618716624237,NULL,303.3664245605469,NULL,35497000,True,95155
"GOOGL.US","2026-03-04",302.6769571429086,305.2551289128473,NULL,302.9167785644531,NULL,29536200,True,95156
"GOOGL.US","2026-03-05",302.82681905445145,303.08661540637286,NULL,300.6683349609375,NULL,35752300,True,95157
"GOOGL.US","2026-03-06",295.88171424137005,300.31859339921897,NULL,298.30999755859375,NULL,25576900,True,95158
"GOOGL.US","2026-03-09",294.3599853515625,306.79998779296875,NULL,306.3599853515625,NULL,29312100,True,95159
"GOOGL.US","2026-03-10",306.1700134277344,309.510009765625,NULL,307.0400085449219,NULL,23239700,True,95160
"GOOGL.US","2026-03-11",306.75,311.4200134277344,NULL,308.70001220703125,NULL,24125700,True,95161
"GOOGL.US","2026-03-12",306.82000732421875,308.94000244140625,NULL,303.54998779296875,NULL,24928300,True,95162
"GOOGL.US","2026-03-13",307.010009765625,307.69000244140625,NULL,302.2799987792969,NULL,23693100,True,95163
"GOOGL.US","2026-03-16",304.3500061035156,306.489990234375,NULL,305.55999755859375,NULL,23519700,True,95164
"GOOGL.US","2026-03-17",305.8599853515625,311.4200134277344,NULL,310.9200134277344,NULL,21955200,True,95165
"GOOGL.US","2026-03-18",309.2699890136719,312.4700012207031,NULL,307.69000244140625,NULL,20009800,True,95166
"GOOGL.US","2026-03-19",304.010009765625,308.05999755859375,NULL,307.1300048828125,NULL,25075800,True,95167
"GOOGL.US","2026-03-20",305.4599914550781,306.0,NULL,301.0,NULL,44364100,True,95168
"GOOGL.US","2026-03-23",302.1099853515625,305.9800109863281,NULL,302.05999755859375,NULL,29326900,True,95169
"GOOGL.US","2026-03-24",299.20001220703125,299.9200134277344,NULL,290.44000244140625,NULL,36864300,True,95170
"GOOGL.US","2026-03-25",293.44000244140625,296.0,NULL,290.92999267578125,NULL,29460700,True,95171
"GOOGL.US","2026-03-26",287.9100036621094,287.95001220703125,NULL,280.9200134277344,NULL,39080600,True,95172
"GOOGL.US","2026-03-27",277.2799987792969,279.3699951171875,NULL,274.3399963378906,NULL,35890600,True,95173
"GOOGL.US","2026-03-30",276.4200134277344,277.0899963378906,NULL,273.5,NULL,35141200,True,95174
"GOOGL.US","2026-03-31",278.0400085449219,288.0799865722656,NULL,287.55999755859375,NULL,43875400,True,95175
"GOOGL.US","2026-04-01",290.8399963378906,300.5199890136719,NULL,297.3900146484375,NULL,37684500,True,95176
"GOOGL.US","2026-04-02",290.69000244140625,298.0799865722656,NULL,295.7699890136719,NULL,21666500,True,95177
"GOOGL.US","2026-04-06",295.8699951171875,300.6199951171875,NULL,299.989990234375,NULL,16945500,True,95178
"GOOGL.US","2026-04-07",302.7300109863281,305.6300048828125,NULL,305.4599914550781,NULL,23205400,True,95179
"GOOGL.US","2026-04-08",320.45001220703125,322.0799865722656,NULL,317.32000732421875,NULL,33547100,True,95180
"GOOGL.US","2026-04-09",315.9100036621094,319.5400085449219,NULL,318.489990234375,NULL,23739200,True,95181
"GOOGL.US","2026-04-10",320.0199890136719,321.8299865722656,NULL,317.239990234375,NULL,19152600,True,95182
"GOOGL.US","2026-04-13",317.1400146484375,321.6300048828125,NULL,321.30999755859375,NULL,18829800,True,95183
"GOOGL.US","2026-04-14",324.59612530340485,333.09105123243734,NULL,332.7112731933594,NULL,27721400,True,96835
"GOOGL.US","2026-04-15",332.69130668872015,337.278563176308,NULL,336.91876220703125,NULL,24918800,True,96836
"GOOGL.US","2026-04-16",338.5477782390461,339.67710854893676,NULL,335.81939697265625,NULL,20541500,True,96837
"GOOGL.US","2026-04-17",337.4484504303517,342.1156763245155,NULL,341.4760437011719,NULL,25581900,True,96838
"GOOGL.US","2026-04-20",340.55660000710446,341.1962021124509,NULL,337.2185974121094,NULL,18784200,True,96839
"GOOGL.US","2026-04-21",337.48841459650436,339.13742351057505,NULL,332.0916442871094,NULL,23123800,True,96840
"GOOGL.US","2026-04-22",336.818816762841,339.6171637007564,NULL,339.1174621582031,NULL,20293000,True,96841
"GOOGL.US","2026-04-23",340.9763246437424,341.7558578013153,NULL,338.6877136230469,NULL,18650300,True,96842
"GOOGL.US","2026-04-24",338.5277988797623,345.06387272769797,NULL,344.19439697265625,NULL,26426100,True,96843
"GOOGL.US","2026-04-27",345.77347673538645,352.9691603649003,NULL,350.130859375,NULL,28576900,True,96844
"GOOGL.US","2026-04-28",348.34192077884484,352.20963620070955,NULL,349.5711975097656,NULL,27824100,True,96845
"GOOGL.US","2026-04-29",347.36252924438134,355.5776236260777,NULL,349.7311096191406,NULL,35376300,True,96846
"GOOGL.US","2026-04-30",373.8467067603946,385.6096696957082,NULL,384.5702819824219,NULL,72040000,True,96847
"GOOGL.US","2026-05-01",381.4022037517389,386.52914645154755,NULL,385.45977783203125,NULL,30105200,True,96848
"GOOGL.US","2026-05-04",385.39979379858875,387.14874909409923,NULL,383.0212097167969,NULL,26298600,True,96849
"GOOGL.US","2026-05-05",385.99945170269467,392.58551415458055,NULL,388.1981201171875,NULL,23878600,True,96850
"GOOGL.US","2026-05-06",394.0146525811788,399.61131576273664,NULL,397.8023986816406,NULL,31308500,True,96851
"GOOGL.US","2026-05-07",399.6812819584635,399.8611671879692,NULL,397.7524108886719,NULL,24433500,True,96852
"GOOGL.US","2026-05-08",396.7630105926761,401.76002583943523,NULL,400.56072998046875,NULL,21461800,True,96853
"GOOGL.US","2026-05-11",393.41500861238904,397.2027547509894,NULL,388.40802001953125,NULL,30753700,True,96854
"GOOGL.US","2026-05-12",387.10877062384725,388.28805889354703,NULL,387.1187744140625,NULL,26017500,True,96855
"GOOGL.US","2026-05-13",385.3698394939953,403.4590416115898,NULL,402.3796691894531,NULL,28144600,True,96856
"GOOGL.US","2026-05-14",397.04285074569174,402.6894719958145,NULL,400.8305969238281,NULL,21136700,True,96857
"GOOGL.US","2026-05-15",396.0834349796574,399.30151410906007,NULL,396.54315185546875,NULL,20309700,True,96858
"GOOGL.US","2026-05-18",395.4538101055549,408.36608091552193,NULL,396.70306396484375,NULL,26837200,True,96859
"GOOGL.US","2026-05-19",396.72302500471704,396.91291402359946,NULL,387.4285888671875,NULL,39545700,True,96860
"GOOGL.US","2026-05-20",387.4685872554011,393.62488340369265,NULL,388.6778564453125,NULL,31744400,True,96861
"GOOGL.US","2026-05-21",385.46976743485186,392.2656959548347,NULL,387.4285888671875,NULL,24852800,True,96862
"GOOGL.US","2026-05-22",387.1187843592316,388.5079387636157,NULL,382.74139404296875,NULL,20442100,True,96863
"GOOGL.US","2026-05-26",384.2804712769477,389.0276356997364,NULL,388.6478576660156,NULL,27747400,True,96864
"GOOGL.US","2026-05-27",386.4391861502527,393.64487351491664,NULL,388.5978698730469,NULL,23087300,True,96865
"GOOGL.US","2026-05-28",387.76839182151133,391.6360768291116,NULL,389.8971252441406,NULL,24357500,True,96866
"GOOGL.US","2026-05-29",385.0100143138995,385.0100143138995,NULL,380.1129455566406,NULL,44415800,True,96867
"GOOGL.US","2026-06-01",376.2952290661171,378.3340198477676,NULL,376.14532470703125,NULL,28672100,True,96868
"GOOGL.US","2026-06-02",366.371163421305,373.31702687507857,NULL,361.6340026855469,NULL,50412300,True,96869
"GOOGL.US","2026-06-03",361.81388965190393,366.2312646097652,NULL,358.77569580078125,NULL,55441600,True,96870
"GOOGL.US","2026-06-04",358.68575901079333,373.0271992966173,NULL,371.96783447265625,NULL,44055500,True,96871
"GOOGL.US","2026-06-05",366.1213024821565,371.8578661166277,NULL,368.30999755859375,NULL,37471200,True,96872
"GOOGL.US","2026-06-08",365.17999267578125,366.20001220703125,NULL,363.30999755859375,NULL,27942500,True,96873
"GOOGL.US","2026-06-09",367.0899963378906,372.0799865722656,NULL,364.260009765625,NULL,29535100,True,96874
"GOOGL.US","2026-06-10",363.19000244140625,368.55999755859375,NULL,356.3800048828125,NULL,32357100,True,96875
"GOOGL.US","2026-06-11",355.92999267578125,358.79998779296875,NULL,357.7699890136719,NULL,35538200,True,96876
"GOOGL.US","2026-06-12",362.6199951171875,366.57000732421875,NULL,359.67999267578125,NULL,24704600,True,96877
"GOOGL.US","2026-06-15",367.92999267578125,372.989990234375,NULL,369.3500061035156,NULL,27727500,True,96878
"GOOGL.US","2026-06-16",369.6000061035156,376.0,NULL,373.25,NULL,24876100,True,96879
"GOOGL.US","2026-06-17",369.1300048828125,372.3299865722656,NULL,363.7900085449219,NULL,24543600,True,96880
"GOOGL.US","2026-06-18",365.75,369.4800109863281,NULL,368.0299987792969,NULL,44470100,True,96881
"GOOGL.US","2026-06-22",357.95001220703125,358.9200134277344,NULL,349.67999267578125,NULL,52814800,True,96882
"GOOGL.US","2026-06-23",340.69000244140625,349.2900085449219,NULL,346.1300048828125,NULL,34007700,True,96883
"GOOGL.US","2026-06-24",349.0400085449219,353.4800109863281,NULL,345.2900085449219,NULL,44997300,True,96884
"GOOGL.US","2026-06-25",336.7300109863281,345.57000732421875,NULL,343.7099914550781,NULL,44491400,True,96885
"GOOGL.US","2026-06-26",342.54998779296875,346.3599853515625,NULL,337.3900146484375,NULL,114642600,True,96886
"GOOGL.US","2026-06-29",341.8299865722656,354.3500061035156,NULL,353.6499938964844,NULL,34213900,True,97660
"GOOGL.US","2026-06-30",353.8699951171875,358.6199951171875,NULL,357.3699951171875,NULL,35237200,True,97661
"GOOGL.US","2026-07-01",358.3699951171875,362.9700012207031,NULL,361.2099914550781,NULL,26736400,True,97662
"GOOGL.US","2026-07-02",359.4800109863281,364.2099914550781,NULL,359.9100036621094,NULL,25974800,True,97663
"GOOGL.US","2026-07-06",361.54998779296875,367.92999267578125,NULL,366.4599914550781,NULL,26915800,True,97664
"GOOGL.US","2026-07-07",369.07000732421875,373.1600036621094,NULL,367.0299987792969,NULL,24045600,True,97665
"GOOGL.US","2026-07-08",364.760009765625,367.8399963378906,NULL,361.9200134277344,NULL,22094800,True,97666
"GOOGL.US","2026-07-09",354.30999755859375,359.6499938964844,NULL,358.8900146484375,NULL,24729100,True,97667
"GOOGL.US","2026-07-10",357.5299987792969,357.82000732421875,NULL,357.17999267578125,NULL,18146100,True,97668
"GOOGL.US","2026-07-13",356.19000244140625,358.1300048828125,NULL,352.510009765625,NULL,15901700,True,97669
"GOOGL.US","2026-07-14",351.20001220703125,360.1600036621094,NULL,359.510009765625,NULL,18237300,True,97670
"GOOGL.US","2026-07-15",357.9700012207031,373.6499938964844,NULL,370.9200134277344,NULL,28284600,True,0
"GOOGL.US","2026-07-16",373.05999755859375,375.2699890136719,NULL,354.4599914550781,NULL,41158500,True,98217
"GOOGL.US","2026-07-17",346.0,348.5199890136719,NULL,346.7699890136719,NULL,29959300,True,98218
"GOOGL.US","2026-07-20",350.8800048828125,359.67999267578125,NULL,351.989990234375,NULL,24736600,True,98219
"GOOGL.US","2026-07-21",351.32000732421875,351.32000732421875,NULL,347.1499938964844,NULL,23369800,True,98220
"GOOGL.US","2026-07-22",348.1600036621094,349.94000244140625,NULL,342.0899963378906,NULL,39334100,True,98221
"GOOGL.US","2026-07-23",321.1300048828125,324.489990234375,NULL,317.69000244140625,NULL,69419700,True,98222
"GOOGL.US","2026-07-24",318.4200134277344,324.17999267578125,NULL,319.739990234375,NULL,31806600,True,98223
"GOOGL.US","2026-07-27",325.0400085449219,330.4200134277344,NULL,326.55999755859375,NULL,28471600,True,98224
"GOOGL.US","2026-07-28",327.8999938964844,335.8800048828125,NULL,333.7099914550781,NULL,29511900,True,98225
"GOOGL.US","2026-07-29",334.6700134277344,342.5,NULL,336.7099914550781,NULL,27501600,True,98226
"GOOGL.US","2026-07-30",334.20001220703125,336.510009765625,NULL,333.6600036621094,NULL,30168000,True,98227
"GOOGL.US","2026-07-31",340.8299865722656,358.5799865722656,NULL,356.1300048828125,NULL,46498000,True,98228
"MSFT.US","2024-01-02",373.859985,375.899994,366.769989,370.869995,370.869995,25229600,True,0
"MSFT.US","2024-01-03",369.010010,373.260010,368.510010,370.600006,370.600006,23058000,True,0
"MSFT.US","2024-01-04",370.670013,373.100006,367.170013,367.940002,367.940002,20876900,True,0
"MSFT.US","2024-01-05",368.970001,372.059998,366.500000,367.750000,367.750000,20987000,True,0
"MSFT.US","2024-01-08",369.299988,375.200012,369.010010,374.690002,374.690002,23103900,True,0
"MSFT.US","2024-01-09",372.010010,375.989990,371.190002,375.790009,375.790009,20810800,True,0
"MSFT.US","2024-01-10",376.369995,384.170013,376.320007,382.769989,382.769989,25470400,True,0
"MSFT.US","2024-01-11",386.000000,390.679993,380.380005,384.630005,384.630005,27793500,True,0
"MSFT.US","2024-01-12",385.489990,388.679993,384.649994,388.470001,388.470001,21645700,True,0
"MSFT.US","2024-01-16",393.660004,394.029999,387.619995,390.269989,390.269989,27165100,True,0
"MSFT.US","2024-01-17",387.980011,390.109985,384.809998,389.470001,389.470001,22214400,True,0
"MSFT.US","2024-01-18",391.720001,393.989990,390.119995,393.869995,393.869995,23392100,True,0
"MSFT.US","2024-01-19",395.760010,398.670013,393.500000,398.670013,398.670013,29272000,True,0
"MSFT.US","2024-01-22",400.019989,400.619995,393.589996,396.510010,396.510010,26880900,True,0
"MSFT.US","2024-01-23",395.750000,399.380005,393.929993,398.899994,398.899994,20481700,True,0
"MSFT.US","2024-01-24",401.540009,405.630005,400.450012,402.559998,402.559998,24622300,True,0
"MSFT.US","2024-01-25",404.320007,407.010010,402.529999,404.869995,404.869995,20936700,True,0
"MSFT.US","2024-01-26",404.369995,406.170013,402.429993,403.929993,403.929993,17786700,True,0
"MSFT.US","2024-01-29",406.059998,409.980011,404.329987,409.720001,409.720001,24372700,True,0
"MSFT.US","2024-01-30",412.260010,413.049988,406.450012,408.589996,408.589996,32886700,True,0
"MSFT.US","2024-01-31",406.959991,415.320007,397.209991,397.579987,397.579987,47136700,True,0
"MSFT.US","2024-02-01",401.829987,408.000000,401.799988,403.779999,403.779999,30581700,True,0
"MSFT.US","2024-02-02",403.809998,412.649994,403.559998,411.220001,411.220001,28245000,True,0
"MSFT.US","2024-02-05",409.899994,411.160004,403.989990,405.649994,405.649994,25323700,True,0
"MSFT.US","2024-02-06",405.880005,407.970001,402.910004,405.489990,405.489990,18360800,True,0
"MSFT.US","2024-02-07",407.440002,414.299988,407.399994,414.049988,414.049988,22318300,True,0
"MSFT.US","2024-02-08",414.049988,415.559998,412.529999,414.109985,414.109985,21208600,True,0
"MSFT.US","2024-02-09",415.250000,420.820007,415.089996,420.549988,420.549988,22012900,True,0
"MSFT.US","2024-02-12",420.559998,420.739990,414.750000,415.260010,415.260010,21182600,True,0
"MSFT.US","2024-02-13",404.940002,410.070007,403.390015,406.320007,406.320007,27798800,True,0
"MSFT.US","2024-02-14",408.070007,409.839996,404.570007,409.489990,409.489990,20375700,True,0
"MSFT.US","2024-02-15",408.140015,409.130005,404.290009,406.559998,406.559998,21804000,True,0
"MSFT.US","2024-02-16",407.959991,408.290009,403.440002,404.059998,404.059998,22281100,True,0
"MSFT.US","2024-02-20",403.239990,404.489990,398.010010,402.790009,402.790009,24278300,True,0
"MSFT.US","2024-02-21",400.170013,402.290009,397.220001,402.179993,402.179993,18518900,True,0
"MSFT.US","2024-02-22",410.190002,412.829987,408.570007,411.649994,411.649994,26981200,True,0
"MSFT.US","2024-02-23",415.670013,415.859985,408.970001,410.339996,410.339996,16284800,True,0
"MSFT.US","2024-02-26",411.459991,412.160004,407.359985,407.540009,407.540009,15935200,True,0
"MSFT.US","2024-02-27",407.989990,408.320007,403.850006,407.480011,407.480011,14825400,True,0
"MSFT.US","2024-02-28",408.179993,409.299988,405.320007,407.720001,407.720001,13159700,True,0
"MSFT.US","2024-02-29",408.640015,414.200012,405.920013,413.640015,413.640015,31910700,True,0
"MSFT.US","2024-03-01",411.269989,415.869995,410.880005,415.500000,415.500000,17800300,True,0
"MSFT.US","2024-03-04",413.440002,417.350006,412.320007,414.920013,414.920013,17577800,True,0
"MSFT.US","2024-03-05",413.959991,414.250000,400.640015,402.649994,402.649994,26884000,True,0
"MSFT.US","2024-03-06",402.970001,405.160004,398.390015,402.089996,402.089996,22315200,True,0
"MSFT.US","2024-03-07",406.119995,409.779999,402.239990,409.140015,409.140015,18508100,True,0
"MSFT.US","2024-03-08",407.959991,410.420013,404.329987,406.220001,406.220001,17971700,True,0
"MSFT.US","2024-03-11",403.760010,405.679993,401.260010,404.519989,404.519989,16093600,True,0
"MSFT.US","2024-03-12",407.619995,415.570007,406.790009,415.279999,415.279999,22427700,True,0
"MSFT.US","2024-03-13",418.100006,418.179993,411.450012,415.100006,415.100006,17090500,True,0
"MSFT.US","2024-03-14",420.239990,427.820007,417.989990,425.220001,425.220001,34113100,True,0
"MSFT.US","2024-03-15",419.290009,422.600006,412.790009,416.420013,416.420013,45049800,True,0
"MSFT.US","2024-03-18",414.250000,420.730011,413.779999,417.320007,417.320007,20084800,True,0
"MSFT.US","2024-03-19",417.829987,421.670013,415.549988,421.410004,421.410004,19824100,True,0
"MSFT.US","2024-03-20",422.000000,425.959991,420.660004,425.230011,425.230011,17828300,True,0
"MSFT.US","2024-03-21",429.829987,430.820007,427.160004,429.369995,429.369995,21276700,True,0
"MSFT.US","2024-03-22",429.700012,429.859985,426.070007,428.739990,428.739990,17636500,True,0
"MSFT.US","2024-03-25",425.239990,427.410004,421.609985,422.859985,422.859985,17860400,True,0
"MSFT.US","2024-03-26",425.609985,425.989990,421.350006,421.649994,421.649994,16690800,True,0
"MSFT.US","2024-03-27",424.440002,424.450012,419.010010,421.429993,421.429993,16690300,True,0
"MSFT.US","2024-03-28",420.959991,421.869995,419.119995,420.720001,420.720001,21861700,True,0
"MSFT.US","2024-04-01",423.950012,427.890015,422.220001,424.570007,424.570007,16298900,True,0
"MSFT.US","2024-04-02",420.109985,422.380005,417.839996,421.440002,421.440002,17901500,True,0
"MSFT.US","2024-04-03",419.730011,423.260010,419.089996,420.450012,420.450012,16475600,True,0
"MSFT.US","2024-04-04",424.989990,428.670013,417.570007,417.880005,417.880005,19330000,True,0
"MSFT.US","2024-04-05",420.010010,426.510010,418.320007,425.519989,425.519989,16544300,True,0
"MSFT.US","2024-04-08",425.170013,427.279999,423.299988,424.589996,424.589996,14262100,True,0
"MSFT.US","2024-04-09",426.440002,427.739990,421.619995,426.279999,426.279999,12496900,True,0
"MSFT.US","2024-04-10",422.190002,424.029999,419.700012,423.260010,423.260010,16202100,True,0
"MSFT.US","2024-04-11",425.820007,429.369995,422.359985,427.929993,427.929993,17948600,True,0
"MSFT.US","2024-04-12",424.049988,425.179993,419.769989,421.899994,421.899994,19232100,True,0
"MSFT.US","2024-04-15",426.600006,426.820007,413.429993,413.640015,413.640015,20244400,True,0
"MSFT.US","2024-04-16",414.570007,418.399994,413.730011,414.579987,414.579987,16755300,True,0
"MSFT.US","2024-04-17",417.250000,418.880005,410.329987,411.839996,411.839996,15824000,True,0
"MSFT.US","2024-04-18",410.630005,411.890015,403.950012,404.269989,404.269989,20988300,True,0
"MSFT.US","2024-04-19",404.029999,405.480011,397.769989,399.119995,399.119995,30276500,True,0
"MSFT.US","2024-04-22",400.079987,402.850006,395.750000,400.959991,400.959991,20268600,True,0
"MSFT.US","2024-04-23",404.239990,408.200012,403.059998,407.570007,407.570007,14996200,True,0
"MSFT.US","2024-04-24",409.559998,412.470001,406.779999,409.059998,409.059998,14997700,True,0
"MSFT.US","2024-04-25",394.029999,399.890015,388.029999,399.040009,399.040009,40213200,True,0
"MSFT.US","2024-04-26",412.170013,413.000000,405.760010,406.320007,406.320007,29553600,True,0
"MSFT.US","2024-04-29",405.250000,406.320007,399.190002,402.250000,402.250000,19279000,True,0
"MSFT.US","2024-04-30",401.489990,402.160004,389.170013,389.329987,389.329987,28719700,True,0
"MSFT.US","2024-05-01",392.609985,401.720001,390.309998,394.940002,394.940002,23534700,True,0
"MSFT.US","2024-05-02",397.660004,399.929993,394.649994,397.839996,397.839996,17673800,True,0
"MSFT.US","2024-05-03",402.000000,407.149994,401.859985,406.660004,406.660004,17390522,True,0
"MSFT.US","2024-05-06",408.760010,413.929993,406.369995,413.540009,413.540009,16968700,True,0
"MSFT.US","2024-05-07",414.660004,414.670013,409.089996,409.339996,409.339996,20002700,True,0
"MSFT.US","2024-05-08",408.170013,412.230011,406.709991,410.540009,410.540009,11785000,True,0
"MSFT.US","2024-05-09",410.570007,412.720001,409.100006,412.320007,412.320007,14670400,True,0
"MSFT.US","2024-05-10",412.940002,415.380005,411.799988,414.739990,414.739990,13395400,True,0
"MSFT.US","2024-05-13",418.010010,418.350006,410.820007,413.720001,413.720001,15422200,True,0
"MSFT.US","2024-05-14",412.019989,417.489990,411.549988,416.559998,416.559998,15042700,True,0
"MSFT.US","2024-05-15",417.899994,423.809998,417.269989,423.079987,423.079987,22217500,True,0
"MSFT.US","2024-05-16",421.799988,425.420013,420.350006,420.989990,420.989990,17512400,True,0
"MSFT.US","2024-05-17",422.540009,422.920013,418.029999,420.209991,420.209991,15334200,True,0
"MSFT.US","2024-05-20",420.209991,426.769989,419.989990,425.339996,425.339996,16246400,True,0
"MSFT.US","2024-05-21",426.829987,432.970001,424.850006,429.040009,429.040009,21428700,True,0
"MSFT.US","2024-05-22",430.089996,432.410004,427.130005,430.519989,430.519989,18021300,True,0
"MSFT.US","2024-05-23",432.970001,433.600006,425.420013,427.000000,427.000000,17190100,True,0
"MSFT.US","2024-05-24",427.190002,431.059998,424.410004,430.160004,430.160004,11845800,True,0
"MSFT.US","2024-05-28",429.630005,430.820007,426.600006,430.320007,430.320007,15706000,True,0
"MSFT.US","2024-05-29",425.690002,430.940002,425.690002,429.170013,429.170013,15517100,True,0
"MSFT.US","2024-05-30",424.299988,424.299988,414.239990,414.670013,414.670013,28424800,True,77644
"MSFT.US","2024-05-31",416.750000,416.750000,404.510010,415.130005,415.130005,47995300,True,77645
"MSFT.US","2024-06-03",415.529999,416.429993,408.920013,413.519989,413.519989,17484700,True,77646
"MSFT.US","2024-06-04",412.429993,416.440002,409.679993,416.070007,416.070007,14348900,True,77647
"MSFT.US","2024-06-05",417.809998,424.079987,416.299988,424.010010,424.010010,16988000,True,77648
"MSFT.US","2024-06-06",424.010010,425.309998,420.579987,424.519989,424.519989,14843200,True,77649
"MSFT.US","2024-06-07",426.200012,426.279999,423.000000,423.850006,423.850006,13621700,True,80414
"MSFT.US","2024-06-10",424.700012,428.079987,423.890015,427.869995,427.869995,14003000,True,80415
"MSFT.US","2024-06-11",425.480011,432.820007,425.250000,432.679993,432.679993,14551100,True,80416
"MSFT.US","2024-06-12",435.320007,443.399994,433.250000,441.059998,441.059998,22366200,True,80417
"MSFT.US","2024-06-13",440.850006,443.390015,439.369995,441.579987,441.579987,15960600,True,80418
"MSFT.US","2024-06-14",438.279999,443.140015,436.720001,442.570007,442.570007,13582000,True,80419
"MSFT.US","2024-06-17",442.589996,450.940002,440.720001,448.369995,448.369995,20790000,True,80420
"MSFT.US","2024-06-18",449.709991,450.140015,444.890015,446.339996,446.339996,17112500,True,80421
"MSFT.US","2024-06-20",446.299988,446.529999,441.269989,445.700012,445.700012,19877400,True,80422
"MSFT.US","2024-06-21",447.380005,450.579987,446.510010,449.779999,449.779999,34486200,True,80423
"MSFT.US","2024-06-24",449.799988,452.750000,446.410004,447.670013,447.670013,15913700,True,80424
"MSFT.US","2024-06-25",448.250000,451.420013,446.750000,450.950012,450.950012,16747500,True,80425
"MSFT.US","2024-06-26",449.000000,453.600006,448.190002,452.160004,452.160004,16507000,True,80426
"MSFT.US","2024-06-27",452.179993,456.170013,451.769989,452.850006,452.850006,14806300,True,80427
"MSFT.US","2024-06-28",453.070007,455.380005,446.410004,446.950012,446.950012,28362300,True,80428
"MSFT.US","2024-07-01",448.660004,457.369995,445.660004,456.730011,456.730011,17662800,True,80429
"MSFT.US","2024-07-02",453.200012,459.589996,453.109985,459.279999,459.279999,13979800,True,80430
"MSFT.US","2024-07-03",458.190002,461.019989,457.880005,460.769989,460.769989,9932800,True,80431
"MSFT.US","2024-07-05",459.609985,468.350006,458.970001,467.559998,467.559998,16000300,True,80432
"MSFT.US","2024-07-08",466.549988,467.700012,464.459991,466.239990,466.239990,12962300,True,80433
"MSFT.US","2024-07-09",467.000000,467.329987,458.000000,459.540009,459.540009,17207200,True,80434
"MSFT.US","2024-07-10",461.220001,466.459991,458.859985,466.250000,466.250000,18196100,True,80435
"MSFT.US","2024-07-11",462.980011,464.779999,451.549988,454.700012,454.700012,23111200,True,80436
"MSFT.US","2024-07-12",454.329987,456.359985,450.649994,453.549988,453.549988,16324300,True,80437
"MSFT.US","2024-07-15",453.299988,457.260010,451.429993,453.959991,453.959991,14429400,True,80438
"MSFT.US","2024-07-16",454.220001,454.299988,446.660004,449.519989,449.519989,17175700,True,80439
"MSFT.US","2024-07-17",442.589996,444.850006,439.179993,443.519989,443.519989,21778000,True,80440
"MSFT.US","2024-07-18",444.339996,444.649994,434.399994,440.369995,440.369995,20794800,True,80441
"MSFT.US","2024-07-19",433.100006,441.140015,432.000000,437.109985,437.109985,20940400,True,80442
"MSFT.US","2024-07-22",441.790009,444.600006,438.910004,442.940002,442.940002,15808800,True,80443
"MSFT.US","2024-07-23",443.899994,448.390015,443.100006,444.850006,444.850006,13107100,True,80444
"MSFT.US","2024-07-24",440.450012,441.480011,427.589996,428.899994,428.899994,26805800,True,80445
"MSFT.US","2024-07-25",428.799988,429.799988,417.510010,418.399994,418.399994,29943800,True,80446
"MSFT.US","2024-07-26",418.200012,428.920013,417.269989,425.269989,425.269989,23583800,True,80447
"MSFT.US","2024-07-29",431.579987,432.149994,424.700012,426.730011,426.730011,15125800,True,80448
"MSFT.US","2024-07-30",427.720001,429.049988,417.359985,422.920013,422.920013,32687600,True,80449
"MSFT.US","2024-07-31",420.500000,421.779999,412.209991,418.350006,418.350006,42891400,True,80450
"MSFT.US","2024-08-01",420.790009,427.459991,413.089996,417.109985,417.109985,30296400,True,80451
"MSFT.US","2024-08-02",412.489990,415.000000,404.339996,408.489990,408.489990,29437900,True,80452
"MSFT.US","2024-08-05",389.170013,401.040009,385.579987,395.149994,395.149994,40709200,True,80453
"MSFT.US","2024-08-06",400.000000,405.670013,398.500000,399.609985,399.609985,24946500,True,80454
"MSFT.US","2024-08-07",408.640015,410.079987,397.470001,398.429993,398.429993,20650900,True,80455
"MSFT.US","2024-08-08",402.440002,405.859985,399.940002,402.690002,402.690002,20203000,True,80456
"MSFT.US","2024-08-09",404.029999,408.049988,402.260010,406.019989,406.019989,19018300,True,80457
"MSFT.US","2024-08-12",406.32761416420084,408.0245677048975,403.5126806044117,406.07806396484375,0,16762900,True,80851
"MSFT.US","2024-08-13",408.85307563224285,414.20344793901165,408.83312258213994,413.26513671875,0,19414300,True,80852
"MSFT.US","2024-08-14",414.05369406899246,416.96845391003643,411.70794647746885,416.1099853515625,0,18267000,True,80853
"MSFT.US","2024-08-15",419.79998779296875,421.1099853515625,417.6600036621094,421.0299987792969,0,20752100,True,80854
"MSFT.US","2024-08-16",420.6000061035156,421.3399963378906,417.29998779296875,418.4700012207031,0,22775600,True,80855
"MSFT.US","2024-08-19",418.9599914550781,421.75,416.4599914550781,421.5299987792969,0,15234000,True,80856
"MSFT.US","2024-08-20",421.70001220703125,425.8599853515625,421.6400146484375,424.79998779296875,0,16387600,True,80857
"MSFT.US","2024-08-21",424.0799865722656,426.3999938964844,421.7200012207031,424.1400146484375,0,16067300,True,80858
"MSFT.US","2024-08-22",424.3599853515625,426.7900085449219,414.6099853515625,415.54998779296875,0,19361900,True,80859
"MSFT.US","2024-08-23",416.9800109863281,419.260009765625,412.0899963378906,416.7900085449219,0,18493800,True,80860
"MSFT.US","2024-08-26",416.3699951171875,417.2799987792969,411.3399963378906,413.489990234375,0,13152800,True,80861
"MSFT.US","2024-08-27",412.8599853515625,414.3599853515625,410.25,413.8399963378906,0,13492900,True,80862
"MSFT.US","2024-08-28",414.8800048828125,415.0,407.30999755859375,410.6000061035156,0,14882700,True,80863
"MSFT.US","2024-08-29",414.94000244140625,422.04998779296875,410.6000061035156,413.1199951171875,0,17045200,True,80864
"MSFT.US","2024-08-30",415.6000061035156,417.489990234375,412.1300048828125,417.1400146484375,0,24308300,True,80865
"MSFT.US","2024-09-03",417.9100036621094,419.8800048828125,407.0299987792969,409.44000244140625,0,20313600,True,80866
"MSFT.US","2024-09-04",405.9100036621094,411.239990234375,404.3699951171875,408.8999938964844,0,15135800,True,80867
"MSFT.US","2024-09-05",407.6199951171875,413.1000061035156,406.1300048828125,408.3900146484375,0,14195500,True,80868
"MSFT.US","2024-09-06",409.05999755859375,410.6499938964844,400.79998779296875,401.70001220703125,0,19609500,True,80869
"MSFT.US","2024-09-09",407.239990234375,408.6499938964844,402.1499938964844,405.7200012207031,0,15295100,True,80870
"MSFT.US","2024-09-10",408.20001220703125,416.3299865722656,407.70001220703125,414.20001220703125,0,19594300,True,80871
"MSFT.US","2024-09-11",415.5,423.989990234375,409.5799865722656,423.0400085449219,0,19266900,True,80872
"MSFT.US","2024-09-12",423.30999755859375,427.3699951171875,419.75,427.0,0,17418800,True,80873
"MSFT.US","2024-09-13",425.8299865722656,431.8299865722656,425.4599914550781,430.5899963378906,0,15861900,True,80874
"MSFT.US","2024-09-16",428.879848197679,431.79813615912246,426.50935094179886,429.61688232421875,0,13834700,True,85853
"MSFT.US","2024-09-17",438.47140586333086,440.08492951868885,430.5431821213062,433.41168212890625,0,18874200,True,85854
"MSFT.US","2024-09-18",433.2622842089649,434.28816840172493,428.6906237541022,429.0890197753906,0,18898000,True,85855
"MSFT.US","2024-09-19",439.4673922763036,439.73630274210893,435.15467267064554,436.9375305175781,0,21706600,True,85856
"MSFT.US","2024-09-20",435.47341133704515,437.4853309751932,432.4853956233,433.53118896484375,0,55167100,True,85857
"MSFT.US","2024-09-23",432.5451724016005,434.7164566201473,428.6707276626035,431.77825927734375,0,15128900,True,85858
"MSFT.US","2024-09-24",431.2702529601879,431.6188608604207,424.3978231376462,427.45556640625,0,17015800,True,85859
"MSFT.US","2024-09-25",428.11292879639643,431.38979462226376,426.8579828341436,430.3838195800781,0,13396400,True,85860
"MSFT.US","2024-09-26",433.3519041012862,433.5610566850483,427.41572154773536,429.5870056152344,0,14492000,True,85861
"MSFT.US","2024-09-27",429.7961684722898,430.1248672217253,425.762359424982,426.3101501464844,0,14896100,True,85862
"MSFT.US","2024-09-30",426.49937695538483,428.70057032593814,423.67072584299484,428.5810241699219,0,16807300,True,85863
"MSFT.US","2024-10-01",426.73844000863045,426.7683189487975,417.13693529272734,419.0094299316406,0,19092900,True,85864
"MSFT.US","2024-10-02",420.89189457845896,421.1309565128566,415.0453484935869,415.46368408203125,0,16582300,True,85865
"MSFT.US","2024-10-03",415.9616796785687,417.8739927473743,412.63502577299244,414.87603759765625,0,13686400,True,85866
"MSFT.US","2024-10-04",416.5692334072243,418.07321108796054,413.3123071245128,414.39794921875,0,19169700,True,85867
"MSFT.US","2024-10-07",414.3382079936023,415.4437592952022,407.3661708398638,407.9040222167969,0,20919800,True,85868
"MSFT.US","2024-10-08",409.25856700863125,413.99956190900485,406.5394920239681,413.0533447265625,0,19229300,True,85869
"MSFT.US","2024-10-09",414.19871346026423,418.70067647812056,412.6449477589923,415.7923278808594,0,14974300,True,85870
"MSFT.US","2024-10-10",413.5712539026246,415.68278008253634,411.4995460461954,414.1788024902344,0,13848400,True,85871
"MSFT.US","2024-10-11",414.4776477330423,415.46368322393135,411.59917791222887,414.65692138671875,0,14144900,True,85872
"MSFT.US","2024-10-14",416.1010845405741,422.34605664401147,415.8520832387316,417.46563720703125,0,16653100,True,85873
"MSFT.US","2024-10-15",420.4934907291295,420.7923105426525,413.60115139482065,417.0672302246094,0,18900200,True,85874
"MSFT.US","2024-10-16",413.51151588006746,414.6967341717602,408.84024879356656,414.45770263671875,0,15508900,True,85875
"MSFT.US","2024-10-17",420.6727824355961,420.81223776702603,413.92983752079977,415.0553283691406,0,14820000,True,85876
"MSFT.US","2024-10-18",415.4736181228242,417.97357047210465,414.59712869532103,416.4895324707031,0,17145300,True,85877
"MSFT.US","2024-10-21",414.457708513249,417.2863598354636,412.09718088424023,417.1070861816406,0,14206100,True,85878
"MSFT.US","2024-10-22",416.8182287379404,428.85992860317606,416.3700446113444,425.8022155761719,0,25482200,True,85879
"MSFT.US","2024-10-23",429.13881136450993,429.3579337373482,420.8421009299413,422.9038391113281,0,19654400,True,85880
"MSFT.US","2024-10-24",423.6308734743349,424.2783011634291,420.71258556682636,423.0332946777344,0,13581600,True,85881
"MSFT.US","2024-10-25",425.0552047565001,430.79217425375066,424.8659613297776,426.43963623046875,0,16899100,True,85882
"MSFT.US","2024-10-28",429.93564891158985,430.21452917811945,424.59704472930554,424.8858947753906,0,14882400,True,85883
"MSFT.US","2024-10-29",426.29025434116863,431.43961494644003,424.09903059516625,430.2244873046875,0,17644100,True,85884
"MSFT.US","2024-10-30",435.69254402246366,436.7483071680008,430.3738795735308,430.8021545410156,0,29749100,True,85885
"MSFT.US","2024-10-31",413.70073237613923,414.4975548257246,404.67692710480617,404.72674560546875,0,53971000,True,85886
"MSFT.US","2024-11-01",407.3760993641267,413.8401634297127,405.87212177522963,408.73065185546875,0,24230400,True,85887
"MSFT.US","2024-11-04",408.1629209153218,408.78046967487955,403.9498383507318,406.8282775878906,0,19672300,True,85888
"MSFT.US","2024-11-05",406.73866209939297,413.24257521436044,406.4498120639611,409.8163146972656,0,17626000,True,85889
"MSFT.US","2024-11-06",410.77248502778195,418.77040570560524,408.8800507986786,418.50146484375,0,26681800,True,85890
"MSFT.US","2024-11-07",419.5971138468432,425.1448706929316,418.2027124984046,423.73052978515625,0,19901800,True,85891
"MSFT.US","2024-11-08",423.6209440547306,424.7962229099081,420.095077093531,420.85205078125,0,16891400,True,85892
"MSFT.US","2024-11-11",420.83211176857736,423.11297221775334,414.3381687204943,416.34014892578125,0,24503300,True,85893
"MSFT.US","2024-11-12",416.57918414479684,422.744458901271,415.533390819855,421.340087890625,0,19401200,True,85894
"MSFT.US","2024-11-13",419.9556884147255,427.61494119189337,416.5393671420712,423.50146484375,0,21502200,True,85895
"MSFT.US","2024-11-14",423.30222788535474,426.4595778768523,418.3222016749388,425.1846923828125,0,30246900,True,85896
"MSFT.US","2024-11-15",418.14294637599176,421.1110226744225,411.98764100476023,413.3421936035156,0,28247600,True,85897
"MSFT.US","2024-11-18",413.21269235073834,416.72858966014985,410.45376875637714,414.0991516113281,0,24742000,True,85898
"MSFT.US","2024-11-19",411.45973532284427,416.270457948444,409.90596948487496,416.1210632324219,0,18133500,True,85899
"MSFT.US","2024-11-20",415.2046922657536,415.62302783332285,408.93981090505724,413.8302001953125,0,19191700,True,85900
"MSFT.US","2024-11-21",418.6605301722443,418.9399686403921,409.4689690149979,412.0437927246094,0,20780200,True,85901
"MSFT.US","2024-11-22",410.5467888521348,416.56472079906104,410.2374116400306,416.16552734375,0,24814600,True,85902
"MSFT.US","2024-11-25",417.54278213072394,420.23736087052777,414.0198472532827,417.95196533203125,0,27691100,True,85903
"MSFT.US","2024-11-26",418.75036014607525,428.18146205416855,418.01185069672323,427.133544921875,0,23458900,True,85904
"MSFT.US","2024-11-27",424.2593075311874,426.37509083138485,421.17549451394376,422.1435546875,0,18332400,True,85905
"MSFT.US","2024-11-29",419.24935840992123,424.0297817162198,416.9639323784013,422.61260986328125,0,16271900,True,85906
"MSFT.US","2024-12-02",420.72641076442574,432.13353107658475,420.4669212999132,430.1175842285156,0,20207200,True,85907
"MSFT.US","2024-12-03",428.9798333762607,431.60457529422956,426.88402964452257,430.3371276855469,0,18302000,True,85908
"MSFT.US","2024-12-04",432.1634480898198,438.79017518476684,431.7642546343851,436.544677734375,0,26009400,True,85909
"MSFT.US","2024-12-05",437.0436765362191,443.770179142923,435.2971785217715,441.7342529296875,0,21697800,True,85910
"MSFT.US","2024-12-06",441.4148949698492,445.2073090094776,440.88595677867977,442.682373046875,0,18821000,True,85911
"MSFT.US","2024-12-09",441.7143023543043,447.4328163406456,439.6184986530788,445.12744140625,0,19144400,True,85912
"MSFT.US","2024-12-10",443.500747434082,448.7202622082635,440.71632196493806,442.4428405761719,0,18469500,True,85913
"MSFT.US","2024-12-11",443.1614051498909,449.4488165759074,443.1614051498909,448.0915222167969,0,19200200,True,85914
"MSFT.US","2024-12-12",448.2112581986308,455.24716851093444,448.2112581986308,448.6603698730469,0,20834800,True,85915
"MSFT.US","2024-12-13",447.5426110314286,450.5266178755225,444.6883184556146,446.37493896484375,0,20177800,True,85916
"MSFT.US","2024-12-16",446.37494735046533,451.27512549789225,444.38893932865295,450.6863098144531,0,23598800,True,85917
"MSFT.US","2024-12-17",450.10748972576295,454.3789237624039,448.67036888572403,453.5505676269531,0,22733500,True,85918
"MSFT.US","2024-12-18",450.4168569277278,451.7441820228141,436.1454548251872,436.5147399902344,0,24444500,True,85919
"MSFT.US","2024-12-19",440.73626782337294,442.29314366547726,435.4468858542376,436.15545654296875,0,22963700,True,85920
"MSFT.US","2024-12-20",432.2432815476765,442.85201454579715,427.7722660445124,435.726318359375,0,64263700,True,85921
"MSFT.US","2024-12-23",435.86603695951885,436.7742196281346,431.96385754199804,434.3790283203125,0,19152500,True,85922
"MSFT.US","2024-12-24",433.7802087154167,438.7203153724094,433.32113775673025,438.4508361816406,0,7164500,True,85923
"MSFT.US","2024-12-26",438.20133650274425,440.0576302640168,435.7562575113133,437.2332763671875,0,8194200,True,85924
"MSFT.US","2024-12-27",433.73031978660106,434.3490742197977,425.49682901810996,429.66845703125,0,18117700,True,85925
"MSFT.US","2024-12-30",425.2074080072107,426.6944166190143,421.05572893712207,423.9798583984375,0,13158700,True,85926
"MSFT.US","2024-12-31",425.24732556190753,425.8760697244736,419.81820926028456,420.6565246582031,0,13246500,True,85927
"MSFT.US","2025-01-02",424.67847521686525,425.2174031564215,414.01985416103116,417.74237060546875,0,16896500,True,85928
"MSFT.US","2025-01-03",420.2373611517797,423.1814700735548,418.7004647827294,422.5028381347656,0,16662900,True,85929
"MSFT.US","2025-01-06",427.1435291929144,433.450889550372,424.6285829292995,426.99383544921875,0,20573600,True,85930
"MSFT.US","2025-01-07",428.1415176926379,429.7882097463078,419.957914728963,421.5247802734375,0,18139100,True,85931
"MSFT.US","2025-01-08",422.61261379874435,426.11559975123726,420.69647292951623,423.7104187011719,0,15054600,True,85932
"MSFT.US","2025-01-10",423.7802594986814,423.86008600637365,414.1894746460312,418.11163330078125,0,20201100,True,85933
"MSFT.US","2025-01-13",414.4090535363967,417.66253969684465,411.4649750549722,416.35516357421875,0,17604800,True,85934
"MSFT.US","2025-01-14",416.9739281792526,418.9000587938386,409.89811945983064,414.8382263183594,0,16935900,True,85935
"MSFT.US","2025-01-15",418.29128437786517,427.29322350331137,417.4329894853562,425.4569091796875,0,19637800,True,85936
"MSFT.US","2025-01-16",427.84212760615685,428.6305247845027,423.5407549144398,423.7303466796875,0,15300000,True,85937
"MSFT.US","2025-01-17",433.22135040368397,433.61058460419247,427.31321381371214,428.1714782714844,0,26197500,True,85938
"MSFT.US","2025-01-21",429.33912735658424,430.03770829379437,424.7483264493822,427.64251708984375,0,26085700,True,85939
"MSFT.US","2025-01-22",436.68440364505375,446.37496460039233,435.1275277712005,445.30712890625,0,27803800,True,85940
"MSFT.US","2025-01-23",441.1155043659929,445.85599903960934,440.61650492666485,445.8160705566406,0,18389300,True,85941
"MSFT.US","2025-01-24",444.2691915941594,445.7562002010948,440.5167060042179,443.17138671875,0,15549500,True,85942
"MSFT.US","2025-01-27",423.16152296669173,434.32913308449037,422.6525337820519,433.6903991699219,0,35647800,True,85943
"MSFT.US","2025-01-28",433.73032267022137,447.4827461239755,430.51676503368185,446.30511474609375,0,23491700,True,85944
"MSFT.US","2025-01-29",445.79611510422404,445.98573732495043,439.51869372032735,441.44482421875,0,23581400,True,85945
"MSFT.US","2025-01-30",417.9319804505241,422.0137922192137,412.33322134699057,414.1595458984375,0,54586300,True,85946
"MSFT.US","2025-01-31",418.141600337115,419.84816997012905,414.0797374049759,414.22943115234375,0,34223400,True,85947
"MSFT.US","2025-02-03",410.7763492208031,414.57872255523336,407.8422300476431,410.09771728515625,0,25679100,True,85948
"MSFT.US","2025-02-04",411.86416676091864,413.09171636714575,408.9200578355856,411.5447998046875,0,20532100,True,85949
"MSFT.US","2025-02-05",411.5248607564065,413.0018796658512,409.5787506797878,412.4629821777344,0,16316700,True,85950
"MSFT.US","2025-02-06",413.1715497090401,417.36315732347487,413.1715497090401,414.9879150390625,0,16309800,True,85951
"MSFT.US","2025-02-07",415.6465973451397,417.8122379259866,407.2833615993766,408.9300537109375,0,22886800,True,85952
"MSFT.US","2025-02-10",412.8821197108573,414.62861779989964,410.0977246861568,411.3951110839844,0,20817900,True,85953
"MSFT.US","2025-02-11",408.8202828688126,411.6645553606299,408.48093644203584,410.6166687011719,0,18140600,True,85954
"MSFT.US","2025-02-12",406.3951110778186,409.92803560329327,403.56079794352274,408.2214660644531,0,19121700,True,85955
"MSFT.US","2025-02-13",406.185550721702,410.17754630619044,405.54681680905935,409.7184753417969,0,23891700,True,85956
"MSFT.US","2025-02-14",406.9739674594389,408.0917213200678,405.06778596420224,407.6126708984375,0,22758500,True,85957
"MSFT.US","2025-02-18",407.18354917543536,409.7783523938356,405.6865508328786,408.8202819824219,0,21423100,True,85958
"MSFT.US","2025-02-19",407.06380569744374,414.6585628844229,406.8342549807474,413.94000244140625,0,24114200,True,85959
"MSFT.US","2025-02-20",415.2900085449219,419.30999755859375,412.5400085449219,416.1300048828125,0,23508700,True,85960
"MSFT.US","2025-02-21",417.3399963378906,418.04998779296875,407.8900146484375,408.2099914550781,0,27524800,True,85961
"MSFT.US","2025-02-24",408.510009765625,409.3699951171875,399.32000732421875,404.0,0,26443700,True,85962
"MSFT.US","2025-02-25",401.1000061035156,401.9200134277344,396.70001220703125,397.8999938964844,0,29387400,True,85963
"MSFT.US","2025-02-26",398.010009765625,403.6000061035156,394.25,399.7300109863281,0,19619000,True,85964
"MSFT.US","2025-02-27",401.2699890136719,405.739990234375,392.1700134277344,392.5299987792969,0,21127400,True,85965
"MSFT.US","2025-02-28",392.6600036621094,397.6300048828125,386.57000732421875,396.989990234375,0,32845700,True,85966
"MSFT.US","2025-03-03",398.82000732421875,398.82000732421875,386.1600036621094,388.489990234375,0,23007700,True,85967
"MSFT.US","2025-03-04",383.3999938964844,392.5799865722656,381.0,388.6099853515625,0,29342900,True,85968
"MSFT.US","2025-03-05",389.3399963378906,401.6700134277344,388.80999755859375,401.0199890136719,0,23433100,True,85969
"MSFT.US","2025-03-06",394.2799987792969,402.1499938964844,392.67999267578125,396.8900146484375,0,23304600,True,85970
"MSFT.US","2025-03-07",392.32000732421875,394.79998779296875,385.5400085449219,393.30999755859375,0,22034100,True,85971
"MSFT.US","2025-03-10",385.8399963378906,386.3999938964844,377.2200012207031,380.1600036621094,0,32840100,True,85972
"MSFT.US","2025-03-11",379.0,386.0,376.9100036621094,380.45001220703125,0,30380200,True,85973
"MSFT.US","2025-03-12",382.95001220703125,385.2200012207031,378.95001220703125,383.2699890136719,0,24253600,True,85974
"MSFT.US","2025-03-13",383.1600036621094,385.32000732421875,377.45001220703125,378.7699890136719,0,20473000,True,85975
"MSFT.US","2025-03-14",379.7799987792969,390.2300109863281,379.510009765625,388.55999755859375,0,19952800,True,85976
"MSFT.US","2025-03-17",386.70001220703125,392.7099914550781,385.57000732421875,388.70001220703125,0,22474300,True,85977
"MSFT.US","2025-03-18",387.07000732421875,387.3699951171875,381.1000061035156,383.5199890136719,0,19486900,True,85978
"MSFT.US","2025-03-19",385.5299987792969,389.67999267578125,384.0,387.82000732421875,0,19185500,True,85979
"MSFT.US","2025-03-20",385.739990234375,391.7900085449219,383.2799987792969,386.8399963378906,0,18470500,True,85980
"MSFT.US","2025-03-21",383.2200012207031,391.739990234375,382.79998779296875,391.260009765625,0,39675900,True,85981
"MSFT.US","2025-03-24",395.3999938964844,395.3999938964844,389.80999755859375,393.0799865722656,0,21004500,True,85982
"MSFT.US","2025-03-25",393.9200134277344,396.3599853515625,392.6400146484375,395.1600036621094,0,15775000,True,85983
"MSFT.US","2025-03-26",395.0,395.30999755859375,388.57000732421875,389.9700012207031,0,16108400,True,85984
"MSFT.US","2025-03-27",390.1300048828125,392.239990234375,387.3999938964844,390.5799865722656,0,13766800,True,85985
"MSFT.US","2025-03-28",388.0799865722656,389.1300048828125,376.92999267578125,378.79998779296875,0,21632000,True,85986
"MSFT.US","2025-03-31",372.5400085449219,377.07000732421875,367.239990234375,375.3900146484375,0,35184700,True,85987
"MSFT.US","2025-04-01",374.6499938964844,382.8500061035156,373.2300109863281,382.19000244140625,0,19689500,True,85988
"MSFT.US","2025-04-02",377.9700012207031,385.0799865722656,376.6199951171875,382.1400146484375,0,16092600,True,85989
"MSFT.US","2025-04-03",374.7900085449219,377.4800109863281,369.3500061035156,373.1099853515625,0,30198000,True,85990
"MSFT.US","2025-04-04",364.1300048828125,374.5899963378906,359.4800109863281,359.8399963378906,0,49209900,True,85991
"MSFT.US","2025-04-07",350.8800048828125,371.0,344.7900085449219,357.8599853515625,0,50425000,True,85992
"MSFT.US","2025-04-08",368.260009765625,373.6499938964844,350.25,354.55999755859375,0,35868900,True,85993
"MSFT.US","2025-04-09",353.5400085449219,393.2300109863281,353.1000061035156,390.489990234375,0,50199700,True,85994
"MSFT.US","2025-04-10",382.05999755859375,383.8999938964844,367.79998779296875,381.3500061035156,0,38024400,True,85995
"MSFT.US","2025-04-11",380.6400146484375,390.04998779296875,378.8900146484375,388.45001220703125,0,23839200,True,85996
"MSFT.US","2025-04-14",393.2200012207031,394.6499938964844,384.2099914550781,387.80999755859375,0,19251200,True,85997
"MSFT.US","2025-04-15",388.510009765625,391.8900146484375,384.1600036621094,385.7300109863281,0,17199900,True,85998
"MSFT.US","2025-04-16",380.6700134277344,381.6099853515625,368.0,371.6099853515625,0,21967800,True,85999
"MSFT.US","2025-04-17",373.75,374.32000732421875,366.8900146484375,367.7799987792969,0,20943700,True,86000
"MSFT.US","2025-04-21",362.82000732421875,364.4800109863281,355.6700134277344,359.1199951171875,0,20807300,True,86001
"MSFT.US","2025-04-22",363.3800048828125,367.7699890136719,359.8599853515625,366.82000732421875,0,19485000,True,86002
"MSFT.US","2025-04-23",376.05999755859375,380.3900146484375,373.0199890136719,374.3900146484375,0,20545500,True,86003
"MSFT.US","2025-04-24",375.70001220703125,388.45001220703125,375.19000244140625,387.29998779296875,0,22232300,True,86004
"MSFT.US","2025-04-25",387.0,392.1600036621094,384.6000061035156,391.8500061035156,0,18963600,True,86005
"MSFT.US","2025-04-28",391.9599914550781,392.739990234375,386.6400146484375,391.1600036621094,0,16579400,True,0
"MSFT.US","2025-04-29",391.29998779296875,395.1000061035156,390.3800048828125,394.0400085449219,0,14974000,True,86261
"MSFT.US","2025-04-30",390.29998779296875,396.6600036621094,384.44000244140625,395.260009765625,0,36461100,True,86262
"MSFT.US","2025-05-01",431.1099853515625,436.989990234375,424.8999938964844,425.3999938964844,0,58938100,True,86263
"MSFT.US","2025-05-02",431.739990234375,439.44000244140625,429.989990234375,435.2799987792969,0,30757400,True,86264
"MSFT.US","2025-05-05",432.8699951171875,439.5,432.1099853515625,436.1700134277344,0,20136100,True,86265
"MSFT.US","2025-05-06",432.20001220703125,437.7300109863281,431.1700134277344,433.30999755859375,0,15104200,True,86266
"MSFT.US","2025-05-07",433.8399963378906,438.1199951171875,431.1099853515625,433.3500061035156,0,23295300,True,86267
"MSFT.US","2025-05-08",437.92999267578125,443.6700134277344,435.6600036621094,438.1700134277344,0,23491300,True,88032
"MSFT.US","2025-05-09",440.0,440.739990234375,435.8800048828125,438.7300109863281,0,15313100,True,88033
"MSFT.US","2025-05-12",445.94000244140625,449.3699951171875,439.7799987792969,449.260009765625,0,22821900,True,88180
"MSFT.US","2025-05-13",447.7799987792969,450.6700134277344,445.3599853515625,449.1400146484375,0,23618800,True,88181
"MSFT.US","2025-05-14",448.1400146484375,453.8999938964844,448.1400146484375,452.94000244140625,0,19870100,True,88182
"MSFT.US","2025-05-15",450.7699890136719,456.19000244140625,450.42999267578125,453.1300048828125,0,21980800,True,0
"MSFT.US","2025-05-16",451.30808680840903,453.6142932166669,447.99355872232604,453.5244445800781,NULL,23849800,True,0
"MSFT.US","2025-05-19",450.14000552921704,458.83570185482216,450.0601197660991,458.11688232421875,NULL,21336500,True,0
"MSFT.US","2025-05-20",454.8422775622727,457.58776423526933,453.57437286704067,457.4180603027344,NULL,15441800,True,0
"MSFT.US","2025-05-21",453.8239575485261,457.02868069868646,451.06847756848606,451.8272399902344,NULL,19216900,True,0
"MSFT.US","2025-05-22",454.2033434579146,459.49463285512667,453.1550484484722,454.11346435546875,NULL,18025600,True,0
"MSFT.US","2025-05-23",449.24150862772166,452.94541128469075,448.17325738802526,449.441162109375,NULL,16883500,True,0
"MSFT.US","2025-05-27",455.7308170830738,460.19348195260824,455.3713920868909,459.93389892578125,NULL,20974300,True,0
"MSFT.US","2025-05-28",460.4630558858422,461.7609101640183,456.1800880198718,456.609375,NULL,17086300,True,0
"MSFT.US","2025-05-29",460.79250051058557,460.9622349154345,454.56275123248776,457.9272155761719,NULL,13974800,True,0
"MSFT.US","2025-05-30",458.96549737927586,460.9222720478794,454.79236501090486,459.60443115234375,NULL,34770500,True,0
"MSFT.US","2025-06-02",456.3897628439735,461.35157690062545,456.1401731404802,461.2118225097656,NULL,16626500,True,0
"MSFT.US","2025-06-03",460.7126363614999,463.3782677615003,460.1036216507913,462.2101745605469,NULL,15743800,True,0
"MSFT.US","2025-06-04",463.2384646092932,464.9256933509807,462.2600620562611,463.1086730957031,NULL,14162700,True,0
"MSFT.US","2025-06-05",464.1968775224098,468.8791825139859,463.26841119380083,466.91241455078125,NULL,20131700,True,0
"MSFT.US","2025-06-06",469.31846913564885,472.56313512848675,468.0106215882427,469.6080017089844,NULL,15285600,True,0
"MSFT.US","2025-06-09",468.92913895110996,472.6529977632414,467.8508943889836,471.97412109375,NULL,16469900,True,0
"MSFT.US","2025-06-10",470.4166711436691,472.02401413852874,466.19360257943936,470.1471252441406,NULL,15375900,True,0
"MSFT.US","2025-06-11",469.24859086789724,474.68965849935887,468.88919632531986,471.8443298339844,NULL,16399200,True,0
"MSFT.US","2025-06-12",474.2403884361742,479.6315503555016,472.7428502291372,478.0840759277344,NULL,18950600,True,0
"MSFT.US","2025-06-13",475.62811338522215,478.3935562569989,471.98410990605987,474.18048095703125,NULL,16814500,True,0
"MSFT.US","2025-06-16",474.4300645574067,479.90108160832807,474.2204177457221,478.3536376953125,NULL,15626100,True,0
"MSFT.US","2025-06-17",474.6197503672441,477.9542649832925,473.30190948641297,477.25543212890625,NULL,15414100,True,0
"MSFT.US","2025-06-18",477.21549881727225,480.2105751696819,473.68130019053103,479.4518127441406,NULL,17526500,True,0
"MSFT.US","2025-06-20",481.4385756672578,482.666537493529,476.0873566497709,476.6164855957031,NULL,37576200,True,0
"MSFT.US","2025-06-23",477.425138713905,486.94948990747275,471.7345120072702,485.2023620605469,NULL,24864000,True,0
"MSFT.US","2025-06-24",488.1475336634371,491.0427680081874,486.0010379300524,489.30560302734375,NULL,22305600,True,0
"MSFT.US","2025-06-25",491.2324636297239,493.7483167920849,488.58681895090325,491.4620666503906,NULL,17495100,True,0
"MSFT.US","2025-06-26",492.1709105807123,497.2226034494893,492.0011761864687,496.6335754394531,NULL,21578900,True,0
"MSFT.US","2025-06-27",496.73341116664807,498.4805390751374,492.22084033701867,495.1260681152344,NULL,34539200,True,0
"MSFT.US","2025-06-30",496.22427056302723,499.9381665482639,494.51705506439515,496.5936584472656,NULL,28369000,True,0
"MSFT.US","2025-07-01",495.655190908974,497.2325843953567,490.1742108879921,491.242431640625,NULL,19945400,True,0
"MSFT.US","2025-07-02",489.1858263089447,492.69007550131784,487.8979653734086,490.2840270996094,NULL,16319600,True,0
"MSFT.US","2025-07-03",492.99955771280014,499.3091926553608,492.6301698307581,498.02130126953125,NULL,13984800,True,0
"MSFT.US","2025-07-07",496.56369887519327,497.9314455400232,494.41723357438383,496.90313720703125,NULL,13981600,True,0
"MSFT.US","2025-07-08",496.42390920841734,497.3823555722493,493.2990413573122,495.804931640625,NULL,11846600,True,0
"MSFT.US","2025-07-09",499.47890106455674,505.94827712953634,498.919822567675,502.68365478515625,NULL,18659500,True,0
"MSFT.US","2025-07-10",502.22438258392543,503.6121159415126,496.93309312638246,500.656982421875,NULL,16492100,True,0
"MSFT.US","2025-07-11",497.6519112557523,504.20114253320645,496.9829974553982,502.49395751953125,NULL,16459500,True,0
"MSFT.US","2025-07-14",500.6968893054946,503.14288052756655,500.20770324807717,502.1944274902344,NULL,12058800,True,0
"MSFT.US","2025-07-15",502.19441482497484,507.465747883617,501.9648118083004,504.9898376464844,NULL,14927200,True,0
"MSFT.US","2025-07-16",504.35088083250554,505.88836188358,501.06630238508603,504.7901611328125,NULL,15154400,True,0
"MSFT.US","2025-07-17",504.85005963085433,512.5274410723513,504.7901605415637,510.8601989746094,NULL,17503100,True,0
"MSFT.US","2025-07-18",513.6356127696338,513.7953843002441,506.59719545986655,509.212890625,NULL,21209700,True,0
"MSFT.US","2025-07-21",505.8783619126309,511.24956741731427,504.7202620876888,509.2228698730469,NULL,14066800,True,0
"MSFT.US","2025-07-22",510.13139215337156,510.3610256433726,504.44073486328125,504.44073486328125,NULL,13868600,True,0
"MSFT.US","2025-07-23",505.9183250285286,505.95826791167354,499.87826643817476,505.0397644042969,NULL,16396600,True,0
"MSFT.US","2025-07-24",507.93498157135946,512.826933461713,506.4673929575042,510.0415344238281,NULL,16107000,True,0
"MSFT.US","2025-07-25",511.6289272082179,517.4393829887753,509.52240467312413,512.866943359375,NULL,19125700,True,0
"MSFT.US","2025-07-28",513.2362984451797,514.1547714605564,509.2827757416266,511.65887451171875,NULL,14308000,True,0
"MSFT.US","2025-07-29",514.6839236482208,516.7704593446111,510.7204076628311,511.728759765625,NULL,16469200,True,0
"MSFT.US","2025-07-30",514.3244691518986,515.1032182392812,508.6038929137552,512.3976440429688,NULL,26380400,True,0
"MSFT.US","2025-07-31",554.3187056451394,554.5383762548963,531.0270400328567,532.6243896484375,NULL,51617300,True,0
"MSFT.US","2025-08-01",534.1219588686084,534.9206337229102,520.0051507892547,523.2498168945312,NULL,28977600,True,0
"MSFT.US","2025-08-04",527.4030257699867,537.3666271513684,527.2632409127965,534.7609252929688,NULL,25349000,True,0
"MSFT.US","2025-08-05",536.2983661514853,536.4181643311854,526.374677366439,526.8838500976562,NULL,19171600,True,0
"MSFT.US","2025-08-06",530.0287318260303,530.8274067099719,523.1700114791388,524.0784912109375,NULL,21355700,True,0
"MSFT.US","2025-08-07",525.9354090023164,527.2233308658066,516.7005900083886,519.9852294921875,NULL,16079100,True,0
"MSFT.US","2025-08-08",521.7423060527517,523.7989228282858,518.5575389118288,521.1832275390625,NULL,15531000,True,0
"MSFT.US","2025-08-11",521.4427947726738,526.7241518809952,518.8670119786243,520.9136962890625,NULL,20194400,True,0
"MSFT.US","2025-08-12",522.8904188907295,530.1085334795151,521.8421543429575,528.3713989257812,NULL,18667000,True,0
"MSFT.US","2025-08-13",531.236692379076,531.825750889051,518.5176108745642,519.7256469726562,NULL,19619200,True,0
"MSFT.US","2025-08-14",521.7023833261101,525.0868343553949,519.2863720398742,521.6224975585938,NULL,20269100,True,0
"MSFT.US","2025-08-15",521.9120536418995,525.2365445998882,518.2281072023833,519.3162841796875,NULL,25213300,True,0
"MSFT.US","2025-08-18",520.7339636806648,521.9619254356152,513.176380682391,516.2512817382812,NULL,23760600,True,0
"MSFT.US","2025-08-19",514.1547770514178,514.314487646487,507.7153506663982,508.933349609375,NULL,21481000,True,0
"MSFT.US","2025-08-20",509.0331975839143,510.161347905157,503.6121166003689,504.8900146484375,NULL,27723000,True,0
"MSFT.US","2025-08-21",503.69000244140625,507.6300048828125,502.7200012207031,504.239990234375,NULL,18443300,True,0
"MSFT.US","2025-08-22",504.25,510.7300109863281,502.4100036621094,507.2300109863281,NULL,24324200,True,0
"MSFT.US","2025-08-25",506.6300048828125,508.19000244140625,504.1199951171875,504.260009765625,NULL,21638600,True,0
"MSFT.US","2025-08-26",504.3599853515625,504.9800109863281,498.510009765625,502.0400085449219,NULL,30835700,True,0
"MSFT.US","2025-08-27",502.0,507.2900085449219,499.8999938964844,506.739990234375,NULL,17277900,True,0
"MSFT.US","2025-08-28",507.0899963378906,511.0899963378906,505.5,509.6400146484375,NULL,18015600,True,0
"MSFT.US","2025-08-29",508.6600036621094,509.6000061035156,504.489990234375,506.69000244140625,NULL,20961600,True,0
"MSFT.US","2025-09-02",500.4700012207031,506.0,496.80999755859375,505.1199951171875,NULL,18128000,True,0
"MSFT.US","2025-09-03",503.7900085449219,507.7900085449219,502.32000732421875,505.3500061035156,NULL,16345100,True,0
"MSFT.US","2025-09-04",504.29998779296875,508.1499938964844,503.1499938964844,507.9700012207031,NULL,15509500,True,0
"MSFT.US","2025-09-05",509.07000732421875,511.9700012207031,492.3699951171875,495.0,NULL,31994800,True,0
"MSFT.US","2025-09-08",498.1099853515625,501.20001220703125,495.0299987792969,498.20001220703125,NULL,16771000,True,0
"MSFT.US","2025-09-09",501.42999267578125,502.25,497.70001220703125,498.4100036621094,NULL,14410500,True,0
"MSFT.US","2025-09-10",502.9800109863281,503.2300109863281,496.7200012207031,500.3699951171875,NULL,21611800,True,0
"MSFT.US","2025-09-11",502.25,503.1700134277344,497.8800048828125,501.010009765625,NULL,18881600,True,0
"MSFT.US","2025-09-12",506.6499938964844,512.5499877929688,503.8500061035156,509.8999938964844,NULL,23624900,True,0
"MSFT.US","2025-09-15",508.75,515.469970703125,507.0,515.3599853515625,NULL,16987592,True,0
"MSFT.US","2025-09-16",515.9144004162443,516.2637221986186,507.64986983793983,508.08905029296875,NULL,19711900,True,0
"MSFT.US","2025-09-17",509.6660849144807,510.33484666258875,504.9848440594251,509.06719970703125,NULL,15816600,True,0
"MSFT.US","2025-09-18",510.5344514878828,512.1115168727503,506.71161989545686,507.5001525878906,NULL,18913700,True,0
"MSFT.US","2025-09-19",509.6061757592278,518.3298380532008,509.35664280609984,516.96240234375,NULL,52474100,True,0
"MSFT.US","2025-09-22",514.6268375894382,516.772784556969,511.5824866494396,513.4889526367188,NULL,20009300,True,0
"MSFT.US","2025-09-23",512.8401566617626,513.6287198501773,506.3622903955001,508.2787170410156,NULL,19799600,True,0
"MSFT.US","2025-09-24",509.4265417419943,511.5225942719762,505.9730140478167,509.19696044921875,NULL,13533700,True,0
"MSFT.US","2025-09-25",507.3504106819217,509.0572380888419,504.09652154158834,506.0827941894531,NULL,15786500,True,0
"MSFT.US","2025-09-26",509.1071380786861,512.9798945996346,505.67356201643696,510.5045166015625,NULL,16213100,True,0
"MSFT.US","2025-09-29",510.5444265624633,515.8844074376258,507.9293260645142,513.6386108398438,NULL,17617800,True,0
"MSFT.US","2025-09-30",512.2811987663596,517.1919905812645,508.70790002171145,516.982421875,NULL,19728200,True,0
"MSFT.US","2025-10-01",513.8382741479315,519.5376290534263,510.7340986553811,518.7391357421875,NULL,22632300,True,0
"MSFT.US","2025-10-02",516.6730253227585,520.625588764222,509.7260051791023,514.7765502929688,NULL,21222900,True,0
"MSFT.US","2025-10-03",516.1339509263171,519.5176324904353,514.0378984273964,516.3834838867188,NULL,15112300,True,0
"MSFT.US","2025-10-06",517.6411650074094,530.0380069481532,517.2319577376861,527.5825805664062,NULL,21388600,True,0
"MSFT.US","2025-10-07",527.3030443984364,528.8102332144322,520.4658657072805,523.0010986328125,NULL,14615200,True,0
"MSFT.US","2025-10-08",522.3024933531,525.9656203925812,522.1128458539913,523.8695068359375,NULL,13363400,True,0
"MSFT.US","2025-10-09",521.3642478231245,523.3505205733983,516.4334737589328,521.4241333007812,NULL,18343600,True,0
"MSFT.US","2025-10-10",518.6692706129455,522.6019127014883,508.6779606337136,510.0054626464844,NULL,24133800,True,0
"MSFT.US","2025-10-13",515.4452371680482,515.4452371680482,510.7240930552238,513.0896606445312,NULL,14284200,True,0
"MSFT.US","2025-10-14",509.2768388871209,514.3174231454748,505.05473007895694,512.610595703125,NULL,14684300,True,0
"MSFT.US","2025-10-15",513.9979961583023,516.2238106749688,509.04724028199115,512.4708251953125,NULL,14694700,True,0
"MSFT.US","2025-10-16",511.62245544117155,515.884437136842,507.1807563967364,510.65423583984375,NULL,15559600,True,0
"MSFT.US","2025-10-17",508.0890780500653,514.5170195527368,506.3622988729776,512.62060546875,NULL,19867800,True,0
"MSFT.US","2025-10-20",513.6486038577511,517.730989827423,512.4708156147512,515.8245239257812,NULL,14665600,True,0
"MSFT.US","2025-10-21",516.533257830336,517.7210372272165,512.0815676283437,516.6929321289062,NULL,15586200,True,0
"MSFT.US","2025-10-22",520.1764726871388,524.2488070435115,516.7428964573043,519.5675659179688,NULL,18962700,True,0
"MSFT.US","2025-10-23",521.4839993377199,522.9712060783663,517.6411550810741,519.5875244140625,NULL,14023500,True,0
"MSFT.US","2025-10-24",521.8133604589415,524.3685757173844,519.7372899447384,522.6318359375,NULL,15532400,True,0
"MSFT.US","2025-10-27",530.7866236569336,533.5813808592218,528.0217787333662,530.527099609375,NULL,18734700,True,0
"MSFT.US","2025-10-28",548.9725518014023,552.6855732732587,539.7598137450263,541.057373046875,NULL,29986700,True,0
"MSFT.US","2025-10-29",543.9220119141725,545.2495444281135,535.7273269044096,540.538330078125,NULL,36023000,True,0
"MSFT.US","2025-10-30",529.4889853080866,533.9705877450752,521.1446173319796,524.77783203125,NULL,41023100,True,0
"MSFT.US","2025-10-31",527.8919782690999,528.3311587204174,514.137692119172,516.8426513671875,NULL,34006400,True,0
"MSFT.US","2025-11-03",518.8389228578652,523.9793263365088,513.628703759196,516.0641479492188,NULL,22374700,True,0
"MSFT.US","2025-11-04",510.80399534425794,514.5868933466259,506.8913048594995,513.3692016601562,NULL,20958700,True,0
"MSFT.US","2025-11-05",512.3410686781482,513.8682396575209,505.6336213981725,506.2125549316406,NULL,23024300,True,0
"MSFT.US","2025-11-06",504.7153625290288,504.75529633258907,494.88375756631746,496.1713562011719,NULL,27406500,True,0
"MSFT.US","2025-11-07",496.02163823572937,498.4470913363115,492.32853818272196,495.8918762207031,NULL,24019800,True,0
"MSFT.US","2025-11-10",499.10586069795033,505.9031361854127,497.8681564860657,505.0547180175781,NULL,26101500,True,0
"MSFT.US","2025-11-11",503.85694933091565,508.64800052182136,501.411544557113,507.7297058105469,NULL,17980000,True,0
"MSFT.US","2025-11-12",508.4084461357136,510.7141588310794,498.18758530403636,510.1851501464844,NULL,26574900,True,0
"MSFT.US","2025-11-13",509.3566671737073,512.54071024479,500.3535287599438,502.34979248046875,NULL,25273100,True,0
"MSFT.US","2025-11-14",497.2992409027003,510.644258818196,496.51070821491913,509.2268981933594,NULL,28505700,True,0
"MSFT.US","2025-11-17",507.5001596757347,511.16328656765256,503.9667643395777,506.54193115234375,NULL,19092800,True,0
"MSFT.US","2025-11-18",494.44458869198826,502.0403882023454,485.87063942574486,492.8675537109375,NULL,33815100,True,0
"MSFT.US","2025-11-19",489.18443539234676,494.264922953439,481.9279972054541,486.2099914550781,NULL,23245300,True,0
"MSFT.US","2025-11-20",492.7099914550781,493.57000732421875,475.5,478.42999267578125,NULL,26802500,True,0
"MSFT.US","2025-11-21",478.5,478.9200134277344,468.2699890136719,472.1199951171875,NULL,31769200,True,0
"MSFT.US","2025-11-24",475.0,476.8999938964844,468.0199890136719,474.0,NULL,34421000,True,0
"MSFT.US","2025-11-25",474.07000732421875,479.1499938964844,464.8900146484375,476.989990234375,NULL,28019800,True,0
"MSFT.US","2025-11-26",486.30999755859375,488.30999755859375,481.20001220703125,485.5,NULL,25709100,True,0
"MSFT.US","2025-11-28",487.6000061035156,492.6300048828125,486.6499938964844,492.010009765625,NULL,14386700,True,0
"MSFT.US","2025-12-01",488.44000244140625,489.8599853515625,484.6499938964844,486.739990234375,NULL,23964000,True,0
"MSFT.US","2025-12-02",486.7200012207031,493.5,486.32000732421875,490.0,NULL,19562700,True,0
"MSFT.US","2025-12-03",476.32000732421875,484.239990234375,475.20001220703125,477.7300109863281,NULL,34615100,True,0
"MSFT.US","2025-12-04",479.760009765625,481.32000732421875,476.489990234375,480.8399963378906,NULL,22318200,True,0
"MSFT.US","2025-12-05",482.5199890136719,483.3999938964844,478.8800048828125,483.1600036621094,NULL,22608700,True,0
"MSFT.US","2025-12-08",484.8900146484375,492.29998779296875,484.3800048828125,491.0199890136719,NULL,21965900,True,0
"MSFT.US","2025-12-09",489.1000061035156,492.1199951171875,488.5,492.0199890136719,NULL,14696100,True,0
"MSFT.US","2025-12-10",484.0299987792969,484.25,475.0799865722656,478.55999755859375,NULL,35756200,True,0
"MSFT.US","2025-12-11",476.6300048828125,486.0299987792969,475.8599853515625,483.4700012207031,NULL,24669200,True,0
"MSFT.US","2025-12-12",479.82000732421875,482.45001220703125,476.3399963378906,478.5299987792969,NULL,21248100,True,0
"MSFT.US","2025-12-15",480.1000061035156,480.7200012207031,472.5199890136719,474.82000732421875,NULL,23727700,True,0
"MSFT.US","2025-12-16",471.9100036621094,477.8900146484375,470.8800048828125,476.3900146484375,NULL,20705600,True,0
"MSFT.US","2025-12-17",476.9100036621094,480.0,475.0,476.1199951171875,NULL,24527200,True,0
"MSFT.US","2025-12-18",478.19000244140625,489.6000061035156,477.8900146484375,483.9800109863281,NULL,28573500,True,0
"MSFT.US","2025-12-19",487.3599853515625,487.8500061035156,482.489990234375,485.9200134277344,NULL,70836100,True,0
"MSFT.US","2025-12-22",486.1199951171875,488.7300109863281,482.69000244140625,484.9200134277344,NULL,16963000,True,0
"MSFT.US","2025-12-23",484.9800109863281,487.8299865722656,484.739990234375,486.8500061035156,NULL,14683600,True,0
"MSFT.US","2025-12-24",485.67999267578125,489.1600036621094,484.8299865722656,488.0199890136719,NULL,5855900,True,0
"MSFT.US","2025-12-26",486.7099914550781,488.1199951171875,485.9599914550781,487.7099914550781,NULL,8842200,True,0
"MSFT.US","2025-12-29",484.8599853515625,488.3500061035156,484.17999267578125,487.1000061035156,NULL,10893400,True,0
"MSFT.US","2025-12-30",485.92999267578125,489.67999267578125,485.5,487.4800109863281,NULL,13944500,True,0
"MSFT.US","2025-12-31",487.8399963378906,488.1400146484375,483.29998779296875,483.6199951171875,NULL,15601600,True,0
"MSFT.US","2026-01-02",484.3900146484375,484.6600036621094,470.1600036621094,472.94000244140625,NULL,25571600,True,0
"MSFT.US","2026-01-05",474.05999755859375,476.07000732421875,469.5,472.8500061035156,NULL,25250300,True,0
"MSFT.US","2026-01-06",473.79998779296875,478.739990234375,469.75,478.510009765625,NULL,23037700,True,0
"MSFT.US","2026-01-07",479.760009765625,489.70001220703125,477.95001220703125,483.4700012207031,NULL,25564200,True,0
"MSFT.US","2026-01-08",481.239990234375,482.6600036621094,475.8599853515625,478.1099853515625,NULL,18162600,True,0
"MSFT.US","2026-01-09",474.05999755859375,479.82000732421875,472.20001220703125,479.2799987792969,NULL,18491000,True,0
"MSFT.US","2026-01-12",476.6700134277344,480.989990234375,475.67999267578125,477.17999267578125,NULL,23519900,True,0
"MSFT.US","2026-01-13",474.67999267578125,475.7799987792969,465.95001220703125,470.6700134277344,NULL,28545800,True,0
"MSFT.US","2026-01-14",466.4599914550781,468.20001220703125,457.1700134277344,459.3800048828125,NULL,28184300,True,0
"MSFT.US","2026-01-15",464.1199951171875,464.25,455.8999938964844,456.6600036621094,NULL,23225800,True,0
"MSFT.US","2026-01-16",457.8299865722656,463.19000244140625,456.4800109863281,459.8599853515625,NULL,34246700,True,0
"MSFT.US","2026-01-20",451.2200012207031,456.79998779296875,449.2799987792969,454.5199890136719,NULL,26130000,True,0
"MSFT.US","2026-01-21",452.6000061035156,452.69000244140625,438.67999267578125,444.1099853515625,NULL,37980500,True,0
"MSFT.US","2026-01-22",447.6199951171875,452.8399963378906,444.70001220703125,451.1400146484375,NULL,25349400,True,0
"MSFT.US","2026-01-23",451.8699951171875,471.1000061035156,450.5299987792969,465.95001220703125,NULL,38000200,True,0
"MSFT.US","2026-01-26",465.30999755859375,474.25,462.0,470.2799987792969,NULL,29291200,True,0
"MSFT.US","2026-01-27",473.70001220703125,482.8699951171875,473.1600036621094,480.5799865722656,NULL,29213900,True,0
"MSFT.US","2026-01-28",483.2099914550781,483.739990234375,478.0,481.6300048828125,NULL,36875400,True,0
"MSFT.US","2026-01-29",439.989990234375,442.5,421.0199890136719,433.5,NULL,128855300,True,0
"MSFT.US","2026-01-30",439.1700134277344,439.6000061035156,426.45001220703125,430.2900085449219,NULL,58566800,True,0
"MSFT.US","2026-02-02",430.239990234375,430.739990234375,422.25,423.3699951171875,NULL,42219900,True,0
"MSFT.US","2026-02-03",422.010009765625,422.04998779296875,408.55999755859375,411.2099914550781,NULL,61424100,True,0
"MSFT.US","2026-02-04",411.0,419.79998779296875,409.239990234375,414.19000244140625,NULL,45012400,True,0
"MSFT.US","2026-02-05",407.44000244140625,408.29998779296875,392.32000732421875,393.6700134277344,NULL,65999900,True,0
"MSFT.US","2026-02-06",398.2609865133262,400.87501513504304,NULL,400.22650146484375,NULL,53515300,True,0
"MSFT.US","2026-02-09",403.9280678877113,413.94521298339265,NULL,412.65814208984375,NULL,45480500,True,94970
"MSFT.US","2026-02-10",418.66440278178237,422.7151545880433,NULL,412.328857421875,NULL,44857900,True,94971
"MSFT.US","2026-02-11",415.2322299614449,415.51159110220135,NULL,403.4491271972656,NULL,42491000,True,94972
"MSFT.US","2026-02-12",404.07770370563327,405.2749831551046,NULL,400.9248962402344,NULL,40802400,True,94973
"MSFT.US","2026-02-13",403.528974460687,404.61648859375555,NULL,400.4060974121094,NULL,34091600,True,94974
"MSFT.US","2026-02-17",398.31087932693146,399.60790672873594,NULL,395.95623779296875,NULL,32078800,True,94975
"MSFT.US","2026-02-18",397.2233488345012,401.6432531481791,NULL,398.69000244140625,NULL,23223400,True,94976
"MSFT.US","2026-02-19",400.69000244140625,404.42999267578125,NULL,398.4599914550781,NULL,28234000,True,94977
"MSFT.US","2026-02-20",396.1099853515625,400.1199951171875,NULL,397.2300109863281,NULL,34015200,True,94978
"MSFT.US","2026-02-23",395.0,395.3599853515625,NULL,384.4700012207031,NULL,43238300,True,94979
"MSFT.US","2026-02-24",384.1400146484375,389.3599853515625,NULL,389.0,NULL,33884700,True,94980
"MSFT.US","2026-02-25",390.5299987792969,401.4700012207031,NULL,400.6000061035156,NULL,43625500,True,94981
"MSFT.US","2026-02-26",404.7099914550781,407.489990234375,NULL,401.7200012207031,NULL,34405900,True,94982
"MSFT.US","2026-02-27",390.8800048828125,396.82000732421875,NULL,392.739990234375,NULL,51367200,True,94983
"MSFT.US","2026-03-02",392.8599853515625,401.19000244140625,NULL,398.54998779296875,NULL,35474900,True,94984
"MSFT.US","2026-03-03",393.1400146484375,406.70001220703125,NULL,403.92999267578125,NULL,38199200,True,94985
"MSFT.US","2026-03-04",401.2699890136719,411.0299987792969,NULL,405.20001220703125,NULL,35808000,True,94986
"MSFT.US","2026-03-05",404.4200134277344,411.6099853515625,NULL,410.67999267578125,NULL,39001300,True,94987
"MSFT.US","2026-03-06",409.20001220703125,413.04998779296875,NULL,408.9599914550781,NULL,31123900,True,94988
"MSFT.US","2026-03-09",404.9200134277344,410.2099914550781,NULL,409.4100036621094,NULL,30131900,True,94989
"MSFT.US","2026-03-10",410.0299987792969,410.20001220703125,NULL,405.760009765625,NULL,31706400,True,94990
"MSFT.US","2026-03-11",405.57000732421875,409.010009765625,NULL,404.8800048828125,NULL,25512100,True,94991
"MSFT.US","2026-03-12",404.6300048828125,406.1199951171875,NULL,401.8599853515625,NULL,27263900,True,94992
"MSFT.US","2026-03-13",401.0,404.79998779296875,NULL,395.54998779296875,NULL,26848000,True,94993
"MSFT.US","2026-03-16",398.07000732421875,400.6300048828125,NULL,399.95001220703125,NULL,27733700,True,94994
"MSFT.US","2026-03-17",400.2699890136719,404.3999938964844,NULL,399.4100036621094,NULL,26228300,True,94995
"MSFT.US","2026-03-18",397.1300048828125,398.0,NULL,391.7900085449219,NULL,25908500,True,94996
"MSFT.US","2026-03-19",390.1000061035156,392.489990234375,NULL,389.0199890136719,NULL,25138800,True,94997
"MSFT.US","2026-03-20",386.7900085449219,387.0,NULL,381.8699951171875,NULL,50853200,True,94998
"MSFT.US","2026-03-23",383.8999938964844,387.2099914550781,NULL,383.0,NULL,29680100,True,94999
"MSFT.US","2026-03-24",382.3599853515625,382.4700012207031,NULL,372.739990234375,NULL,42733600,True,95000
"MSFT.US","2026-03-25",376.9200134277344,377.05999755859375,NULL,371.0400085449219,NULL,31181200,True,95001
"MSFT.US","2026-03-26",370.82000732421875,374.7200012207031,NULL,365.9700012207031,NULL,36836600,True,95002
"MSFT.US","2026-03-27",361.8999938964844,362.45001220703125,NULL,356.7699890136719,NULL,37883400,True,95003
"MSFT.US","2026-03-30",361.8999938964844,365.3599853515625,NULL,358.9599914550781,NULL,44797000,True,95004
"MSFT.US","2026-03-31",364.54998779296875,372.8999938964844,NULL,370.1700134277344,NULL,45244400,True,95005
"MSFT.US","2026-04-01",373.489990234375,373.989990234375,NULL,369.3699951171875,NULL,29417200,True,95006
"MSFT.US","2026-04-02",367.2099914550781,373.6400146484375,NULL,373.4599914550781,NULL,24099100,True,95007
"MSFT.US","2026-04-06",373.489990234375,373.7300109863281,NULL,372.8800048828125,NULL,16146600,True,95008
"MSFT.US","2026-04-07",370.3399963378906,372.45001220703125,NULL,372.2900085449219,NULL,21443300,True,95009
"MSFT.US","2026-04-08",384.9800109863281,385.0,NULL,374.3299865722656,NULL,33064800,True,95010
"MSFT.US","2026-04-09",372.5,373.5,NULL,373.07000732421875,NULL,30435300,True,95011
"MSFT.US","2026-04-10",372.9800109863281,375.6400146484375,NULL,370.8699951171875,NULL,28111100,True,95012
"MSFT.US","2026-04-13",373.6099853515625,384.5400085449219,NULL,384.3699951171875,NULL,35563300,True,95013
"MSFT.US","2026-04-14",387.0816509997633,393.83700889302276,NULL,392.2604064941406,NULL,37504500,True,96629
"MSFT.US","2026-04-15",397.1398382929036,413.47445440771634,NULL,410.3312683105469,NULL,45063400,True,96630
"MSFT.US","2026-04-16",418.95258572248235,419.9105328997013,NULL,419.35174560546875,NULL,41642400,True,96631
"MSFT.US","2026-04-17",423.9018933176335,430.64726300981,NULL,421.87628173828125,NULL,48568200,True,96632
"MSFT.US","2026-04-20",420.2398034863272,422.4150847565369,NULL,417.1664733886719,NULL,27582200,True,96633
"MSFT.US","2026-04-21",419.33177508554746,426.25677891783357,NULL,423.2433166503906,NULL,32048500,True,96634
"MSFT.US","2026-04-22",425.2689090952171,432.7626880248645,NULL,431.984375,NULL,29378200,True,96635
"MSFT.US","2026-04-23",418.9825380949446,422.7443793162959,NULL,414.8514709472656,NULL,38308000,True,96636
"MSFT.US","2026-04-24",416.0688403922519,424.0316048781353,NULL,423.7023010253906,NULL,27457400,True,96637
"MSFT.US","2026-04-27",421.46715688013995,426.1869149113369,NULL,423.9018859863281,NULL,30867300,True,96638
"MSFT.US","2026-04-28",423.6524179624475,428.99086152362304,NULL,428.3222961425781,NULL,30438100,True,96639
"MSFT.US","2026-04-29",423.6623688360089,425.8975483734993,NULL,423.5426330566406,NULL,38288300,True,96640
"MSFT.US","2026-04-30",409.92216255995794,413.5243765293071,NULL,406.8987121582031,NULL,70909400,True,96641
"MSFT.US","2026-05-01",411.9078412872606,416.2085240460113,NULL,413.5443115234375,NULL,31372400,True,96642
"MSFT.US","2026-05-04",410.6505829404435,419.87060358807366,NULL,412.72607421875,NULL,28066500,True,96643
"MSFT.US","2026-05-05",414.42242364358015,415.8792597859335,NULL,410.4909362792969,NULL,25700900,True,96644
"MSFT.US","2026-05-06",407.11822745622237,417.51572107575487,NULL,413.0653381347656,NULL,30285900,True,96645
"MSFT.US","2026-05-07",419.2020489501835,427.05506598481406,NULL,419.8606262207031,NULL,34942400,True,96646
"MSFT.US","2026-05-08",416.48795292910256,417.7252633012779,NULL,414.22283935546875,NULL,33383800,True,96647
"MSFT.US","2026-05-11",406.9885016374445,411.79809190456297,NULL,411.7681579589844,NULL,35657900,True,96648
"MSFT.US","2026-05-12",413.58422243338293,414.6020070114768,NULL,406.8887023925781,NULL,38594200,True,96649
"MSFT.US","2026-05-13",402.3286237155428,405.4318878236479,NULL,404.3342590332031,NULL,29667100,True,96650
"MSFT.US","2026-05-14",403.6058516736889,410.94993067744383,NULL,408.5451354980469,NULL,27077500,True,96651
"MSFT.US","2026-05-15",413.3746572242232,427.24464052002446,NULL,421.0081481933594,NULL,50771200,True,96652
"MSFT.US","2026-05-18",415.71960624154525,424.2012362508279,NULL,422.6246643066406,NULL,32564100,True,96653
"MSFT.US","2026-05-19",428.9708919761278,431.7648588737268,NULL,416.51788330078125,NULL,33018700,True,96654
"MSFT.US","2026-05-20",413.2749005432513,421.18775475321456,NULL,420.1499938964844,NULL,27864000,True,96655
"MSFT.US","2026-05-21",424.75,426.3399963378906,NULL,419.0899963378906,NULL,31393500,True,96656
"MSFT.US","2026-05-22",419.5400085449219,424.3999938964844,NULL,418.57000732421875,NULL,22390300,True,96657
"MSFT.US","2026-05-26",416.42999267578125,419.7699890136719,NULL,416.0299987792969,NULL,30398000,True,96658
"MSFT.US","2026-05-27",411.010009765625,415.94000244140625,NULL,412.6700134277344,NULL,28901500,True,96659
"MSFT.US","2026-05-28",412.9800109863281,429.489990234375,NULL,426.989990234375,NULL,47250500,True,96660
"MSFT.US","2026-05-29",432.54998779296875,450.3299865722656,NULL,450.239990234375,NULL,79654400,True,96661
"MSFT.US","2026-06-01",464.8399963378906,466.32000732421875,NULL,460.5199890136719,NULL,53628900,True,96662
"MSFT.US","2026-06-02",446.8800048828125,453.5,NULL,441.30999755859375,NULL,37036800,True,96663
"MSFT.US","2026-06-03",438.45001220703125,440.3900146484375,NULL,427.3399963378906,NULL,39037000,True,96664
"MSFT.US","2026-06-04",435.80999755859375,436.1499938964844,NULL,428.04998779296875,NULL,26899500,True,96665
"MSFT.US","2026-06-05",428.3399963378906,429.4700012207031,NULL,416.6700134277344,NULL,34782200,True,96666
"MSFT.US","2026-06-08",414.1400146484375,417.1600036621094,NULL,411.739990234375,NULL,32086700,True,96667
"MSFT.US","2026-06-09",409.0299987792969,411.9800109863281,NULL,403.4100036621094,NULL,35317300,True,96668
"MSFT.US","2026-06-10",398.54998779296875,405.0400085449219,NULL,397.3599853515625,NULL,32576000,True,96669
"MSFT.US","2026-06-11",395.2099914550781,396.8500061035156,NULL,390.3399963378906,NULL,47224100,True,96670
"MSFT.US","2026-06-12",391.42999267578125,391.739990234375,NULL,390.739990234375,NULL,34865800,True,96671
"MSFT.US","2026-06-15",396.79998779296875,401.75,NULL,399.760009765625,NULL,32266400,True,96672
"MSFT.US","2026-06-16",395.7900085449219,396.8399963378906,NULL,393.8299865722656,NULL,31506800,True,96673
"MSFT.US","2026-06-17",390.25,390.3699951171875,NULL,378.9100036621094,NULL,41987800,True,96674
"MSFT.US","2026-06-18",377.82000732421875,381.3699951171875,NULL,379.3999938964844,NULL,59714200,True,96675
"MSFT.US","2026-06-22",375.739990234375,381.6300048828125,NULL,367.3399963378906,NULL,45171100,True,96676
"MSFT.US","2026-06-23",372.3800048828125,377.2200012207031,NULL,373.94000244140625,NULL,40647600,True,96677
"MSFT.US","2026-06-24",371.57000732421875,378.8800048828125,NULL,365.4599914550781,NULL,44509900,True,96678
"MSFT.US","2026-06-25",362.7699890136719,364.2300109863281,NULL,352.8299865722656,NULL,66179000,True,96679
"MSFT.US","2026-06-26",357.1499938964844,376.6099853515625,NULL,372.9700012207031,NULL,186112200,True,96680
"MSFT.US","2026-06-29",377.5,380.5,NULL,368.57000732421875,NULL,51229900,True,97625
"MSFT.US","2026-06-30",371.0299987792969,374.1499938964844,NULL,373.0199890136719,NULL,44945700,True,97626
"MSFT.US","2026-07-01",380.8299865722656,388.8299865722656,NULL,384.2799987792969,NULL,48065800,True,97627
"MSFT.US","2026-07-02",384.4800109863281,392.20001220703125,NULL,390.489990234375,NULL,42128900,True,97628
"MSFT.US","2026-07-06",387.0400085449219,389.1499938964844,NULL,386.739990234375,NULL,34224500,True,97629
"MSFT.US","2026-07-07",392.489990234375,395.57000732421875,NULL,388.8399963378906,NULL,29297500,True,97630
"MSFT.US","2026-07-08",384.0299987792969,385.30999755859375,NULL,383.3399963378906,NULL,25908300,True,97631
"MSFT.US","2026-07-09",374.45001220703125,384.6499938964844,NULL,384.3599853515625,NULL,31083200,True,97632
"MSFT.US","2026-07-10",387.79998779296875,391.9100036621094,NULL,385.1000061035156,NULL,24644600,True,97633
"MSFT.US","2026-07-13",387.75,393.6499938964844,NULL,390.989990234375,NULL,28914900,True,97634
"MSFT.US","2026-07-14",382.82000732421875,388.19000244140625,NULL,384.92999267578125,NULL,27820600,True,97635
"MSFT.US","2026-07-15",387.79998779296875,398.9599914550781,NULL,395.6300048828125,NULL,36253700,True,0
"MSFT.US","2026-07-16",398.30999755859375,405.989990234375,NULL,401.1000061035156,NULL,37047400,True,98163
"MSFT.US","2026-07-17",394.8599853515625,398.3900146484375,NULL,393.82000732421875,NULL,33049800,True,98164
"MSFT.US","2026-07-20",391.4100036621094,403.17999267578125,NULL,402.2900085449219,NULL,27915800,True,98165
"MSFT.US","2026-07-21",398.80999755859375,401.4700012207031,NULL,397.75,NULL,24126600,True,98166
"MSFT.US","2026-07-22",399.5799865722656,401.0,NULL,390.3399963378906,NULL,28142500,True,98167
"MSFT.US","2026-07-23",389.9700012207031,391.7799987792969,NULL,381.5799865722656,NULL,30351800,True,98168
"MSFT.US","2026-07-24",387.04998779296875,389.0299987792969,NULL,381.70001220703125,NULL,27659400,True,98169
"MSFT.US","2026-07-27",390.0799865722656,394.20001220703125,NULL,389.1000061035156,NULL,27856200,True,98170
"MSFT.US","2026-07-28",393.1600036621094,400.32000732421875,NULL,393.3500061035156,NULL,32367500,True,98171
"MSFT.US","2026-07-29",393.3999938964844,401.25,NULL,390.5400085449219,NULL,47209000,True,98172
"MSFT.US","2026-07-30",437.8999938964844,458.69000244140625,NULL,451.1000061035156,NULL,110160700,True,98173
"MSFT.US","2026-07-31",450.0,466.8399963378906,NULL,464.7200012207031,NULL,60846000,True,98174
"VT.US","2024-01-02",102.089996,102.330002,101.690002,102.010002,102.010002,4661400,True,0
"VT.US","2024-01-03",101.400002,101.589996,100.949997,101.129997,101.129997,1802200,True,0
"VT.US","2024-01-04",101.029999,101.650002,100.949997,101.010002,101.010002,2845100,True,0
"VT.US","2024-01-05",101.000000,101.790001,100.919998,101.129997,101.129997,1830100,True,0
"VT.US","2024-01-08",101.059998,102.370003,101.059998,102.349998,102.349998,3878200,True,0
"VT.US","2024-01-09",101.620003,102.099998,101.470001,101.849998,101.849998,2270335,True,0
"VT.US","2024-01-10",101.959999,102.510002,101.860001,102.349998,102.349998,2164400,True,0
"VT.US","2024-01-11",102.519997,102.639999,101.440002,102.309998,102.309998,2938900,True,0
"VT.US","2024-01-12",102.769997,103.019997,102.279999,102.470001,102.470001,1635500,True,0
"VT.US","2024-01-16",101.790001,101.949997,101.180000,101.480003,101.480003,2729500,True,0
"VT.US","2024-01-17",100.500000,100.690002,100.139999,100.680000,100.680000,1998300,True,0
"VT.US","2024-01-18",101.070000,101.610001,100.769997,101.540001,101.540001,2753800,True,0
"VT.US","2024-01-19",101.669998,102.519997,101.379997,102.459999,102.459999,2425400,True,0
"VT.US","2024-01-22",102.589996,103.000198,102.525002,102.699997,102.699997,1952481,True,0
"VT.US","2024-01-23",102.690002,102.910004,102.430000,102.860001,102.860001,1194200,True,0
"VT.US","2024-01-24",103.750000,103.849998,103.110001,103.129997,103.129997,1686400,True,0
"VT.US","2024-01-25",103.570000,103.629997,103.129997,103.580002,103.580002,1418400,True,0
"VT.US","2024-01-26",103.660004,103.959999,103.510002,103.650002,103.650002,1327400,True,0
"VT.US","2024-01-29",103.660004,104.400002,103.550003,104.389999,104.389999,2771600,True,0
"VT.US","2024-01-30",104.120003,104.290001,103.949997,104.150002,104.150002,2215100,True,0
"VT.US","2024-01-31",103.970001,104.169998,102.839996,102.879997,102.879997,3120600,True,0
"VT.US","2024-02-01",103.260002,104.099998,103.029999,104.080002,104.080002,6569300,True,0
"VT.US","2024-02-02",103.870003,104.680000,103.680000,104.470001,104.470001,1901300,True,0
"VT.US","2024-02-05",104.110001,104.235001,103.440002,103.970001,103.970001,2034545,True,0
"VT.US","2024-02-06",104.239998,104.570000,104.110001,104.550003,104.550003,2627000,True,0
"VT.US","2024-02-07",104.849998,105.209999,104.709999,105.080002,105.080002,1599300,True,0
"VT.US","2024-02-08",105.040001,105.160004,104.839996,105.120003,105.120003,882500,True,0
"VT.US","2024-02-09",105.250000,105.769997,105.180000,105.699997,105.699997,1119300,True,0
"VT.US","2024-02-12",105.699997,106.330002,105.699997,105.839996,105.839996,1406300,True,0
"VT.US","2024-02-13",104.559998,104.629997,103.599998,104.169998,104.169998,2514800,True,0
"VT.US","2024-02-14",104.849998,105.383301,104.549896,105.330002,105.330002,1540875,True,0
"VT.US","2024-02-15",105.589996,106.269997,105.589996,106.230003,106.230003,1470300,True,0
"VT.US","2024-02-16",106.290001,106.589996,105.790001,105.980003,105.980003,1279500,True,0
"VT.US","2024-02-20",105.980003,106.070000,105.300003,105.690002,105.690002,1831900,True,0
"VT.US","2024-02-21",105.430000,105.739998,105.099998,105.720001,105.720001,1121300,True,0
"VT.US","2024-02-22",106.919998,107.589996,106.790001,107.440002,107.440002,1266900,True,0
"VT.US","2024-02-23",107.680000,107.790001,107.300003,107.519997,107.519997,1053600,True,0
"VT.US","2024-02-26",107.529999,107.599998,107.139999,107.239998,107.239998,1056300,True,0
"VT.US","2024-02-27",107.370003,107.500000,107.160004,107.470001,107.470001,1109700,True,0
"VT.US","2024-02-28",107.010002,107.209999,106.889999,107.059998,107.059998,1042600,True,0
"VT.US","2024-02-29",107.559998,107.669998,106.919998,107.500000,107.500000,1678800,True,0
"VT.US","2024-03-01",107.779999,108.550003,107.519997,108.459999,108.459999,3583700,True,0
"VT.US","2024-03-04",108.320000,108.620003,108.230003,108.290001,108.290001,1721800,True,0
"VT.US","2024-03-05",108.010002,108.190002,107.080002,107.459999,107.459999,1369600,True,0
"VT.US","2024-03-06",108.459999,108.760002,108.070000,108.320000,108.320000,2003100,True,0
"VT.US","2024-03-07",109.000000,109.570000,108.839996,109.430000,109.430000,1321500,True,0
"VT.US","2024-03-08",109.589996,110.019997,108.739998,108.910004,108.910004,1540500,True,0
"VT.US","2024-03-11",108.580002,108.779999,108.169998,108.660004,108.660004,1825100,True,0
"VT.US","2024-03-12",109.099998,109.779999,108.599998,109.709999,109.709999,1559800,True,0
"VT.US","2024-03-13",109.669998,109.779999,109.269997,109.529999,109.529999,1537100,True,0
"VT.US","2024-03-14",109.669998,109.669998,108.480003,109.040001,109.040001,2614600,True,0
"VT.US","2024-03-15",108.300003,108.519997,107.889999,108.139999,108.139999,1822500,True,0
"VT.US","2024-03-18",108.839996,108.940002,108.480003,108.540001,108.540001,1242300,True,0
"VT.US","2024-03-19",108.370003,108.959999,108.150002,108.919998,108.919998,1720200,True,0
"VT.US","2024-03-20",108.980003,110.059998,108.820000,110.000000,110.000000,2195700,True,0
"VT.US","2024-03-21",110.470001,110.680000,110.300003,110.330002,110.330002,2301700,True,0
"VT.US","2024-03-22",110.250000,110.269997,109.910004,109.989998,109.989998,1649300,True,0
"VT.US","2024-03-25",109.680000,109.989998,109.669998,109.769997,109.769997,2036500,True,0
"VT.US","2024-03-26",110.120003,110.160004,109.610001,109.639999,109.639999,1369700,True,0
"VT.US","2024-03-27",110.150002,110.480003,109.820000,110.459999,110.459999,1884700,True,0
"VT.US","2024-03-28",110.480003,110.699997,110.430000,110.500000,110.500000,1294100,True,0
"VT.US","2024-04-01",110.639999,110.730003,109.989998,110.209999,110.209999,3399000,True,0
"VT.US","2024-04-02",109.540001,109.589996,109.209999,109.570000,109.570000,1929900,True,0
"VT.US","2024-04-03",109.330002,110.089996,109.320000,109.849998,109.849998,1207600,True,0
"VT.US","2024-04-04",110.639999,110.739998,108.669998,108.720001,108.720001,3486100,True,0
"VT.US","2024-04-05",108.910004,109.940002,108.779999,109.610001,109.610001,1544200,True,0
"VT.US","2024-04-08",109.949997,110.089996,109.730003,109.849998,109.849998,1005800,True,0
"VT.US","2024-04-09",110.290001,110.389999,109.220001,110.019997,110.019997,1802900,True,0
"VT.US","2024-04-10",108.769997,109.180000,108.330002,108.760002,108.760002,1517100,True,0
"VT.US","2024-04-11",109.099998,109.589996,108.260002,109.379997,109.379997,2141000,True,0
"VT.US","2024-04-12",108.480003,108.760002,107.360001,107.610001,107.610001,2353000,True,0
"VT.US","2024-04-15",108.589996,108.610001,106.370003,106.599998,106.599998,2496700,True,0
"VT.US","2024-04-16",106.230003,106.540001,105.690002,105.989998,105.989998,2299300,True,0
"VT.US","2024-04-17",106.459999,106.540001,105.230003,105.589996,105.589996,3519300,True,0
"VT.US","2024-04-18",105.860001,106.300003,105.230003,105.430000,105.430000,1587600,True,0
"VT.US","2024-04-19",105.449997,105.680000,104.639999,104.940002,104.940002,2264500,True,0
"VT.US","2024-04-22",105.470001,106.389999,105.120003,105.919998,105.919998,1847100,True,0
"VT.US","2024-04-23",106.290001,107.300003,106.190002,107.129997,107.129997,1763900,True,0
"VT.US","2024-04-24",107.400002,107.500000,106.629997,107.099998,107.099998,1737400,True,0
"VT.US","2024-04-25",105.800003,106.910004,105.480003,106.760002,106.760002,1332300,True,0
"VT.US","2024-04-26",107.360001,107.919998,107.209999,107.720001,107.720001,1168900,True,0
"VT.US","2024-04-29",108.099998,108.300003,107.720001,108.190002,108.190002,916900,True,0
"VT.US","2024-04-30",107.769997,107.989998,106.500000,106.540001,106.540001,3625900,True,0
"VT.US","2024-05-01",106.419998,107.809998,106.099998,106.339996,106.339996,1521300,True,0
"VT.US","2024-05-02",107.250000,107.849998,106.480003,107.639999,107.639999,1099700,True,0
"VT.US","2024-05-03",108.830002,109.000000,108.279999,108.790001,108.790001,1375946,True,0
"VT.US","2024-05-06",109.300003,109.769997,109.239998,109.760002,109.760002,744900,True,0
"VT.US","2024-05-07",109.949997,110.070000,109.660004,109.790001,109.790001,1336300,True,0
"VT.US","2024-05-08",109.370003,109.769997,109.300003,109.720001,109.720001,868400,True,0
"VT.US","2024-05-09",109.779999,110.410004,109.650002,110.400002,110.400002,1275000,True,0
"VT.US","2024-05-10",110.820000,110.919998,110.349998,110.580002,110.580002,1168900,True,0
"VT.US","2024-05-13",110.779999,110.879997,110.379997,110.559998,110.559998,708900,True,0
"VT.US","2024-05-14",110.800003,111.269997,110.620003,111.239998,111.239998,715865,True,0
"VT.US","2024-05-15",111.860001,112.559998,111.629997,112.529999,112.529999,1322800,True,0
"VT.US","2024-05-16",112.510002,112.639999,112.120003,112.169998,112.169998,1547800,True,0
"VT.US","2024-05-17",112.230003,112.489998,112.129997,112.480003,112.480003,1778400,True,0
"VT.US","2024-05-20",112.500000,112.830002,112.410004,112.550003,112.550003,961500,True,0
"VT.US","2024-05-21",112.309998,112.570000,112.209999,112.540001,112.540001,879900,True,0
"VT.US","2024-05-22",112.300003,112.370003,111.620003,111.970001,111.970001,1763100,True,0
"VT.US","2024-05-23",112.779999,112.919998,110.949997,111.169998,111.169998,716500,True,0
"VT.US","2024-05-24",111.610001,112.099998,111.449997,111.989998,111.989998,1187300,True,0
"VT.US","2024-05-28",112.220001,112.389999,111.449997,111.900002,111.900002,1612200,True,0
"VT.US","2024-05-29",110.820000,111.019997,110.650002,110.680000,110.680000,821000,True,0
"VT.US","2024-05-30",110.680000,111.019997,110.330002,110.610001,110.610001,1088000,True,0
"VT.US","2024-05-31",110.889999,111.440002,109.879997,111.440002,111.440002,1604700,True,0
"VT.US","2024-06-03",111.910004,111.910004,110.720001,111.550003,111.550003,1738400,True,0
"VT.US","2024-06-04",111.209999,111.459999,110.720001,111.330002,111.330002,1039000,True,0
"VT.US","2024-06-05",111.889999,112.500000,111.449997,112.480003,112.480003,1506300,True,0
"VT.US","2024-06-06",112.669998,112.669998,112.260002,112.559998,112.559998,928800,True,0
"VT.US","2024-06-07",112.300003,112.570000,111.910004,112.010002,112.010002,819700,True,0
"VT.US","2024-06-10",111.860001,112.389999,111.580002,112.269997,112.269997,737500,True,0
"VT.US","2024-06-11",111.860001,112.099998,111.230003,112.080002,112.080002,2672596,True,0
"VT.US","2024-06-12",113.300003,113.820000,112.959999,113.169998,113.169998,1069598,True,0
"VT.US","2024-06-13",113.190002,113.209999,112.230003,112.769997,112.769997,838300,True,0
"VT.US","2024-06-14",112.209999,112.430000,111.820000,112.410004,112.410004,1379900,True,0
"VT.US","2024-06-17",112.260002,113.320000,112.139999,113.139999,113.139999,893600,True,0
"VT.US","2024-06-18",113.139999,113.589996,113.139999,113.510002,113.510002,965500,True,0
"VT.US","2024-06-20",113.660004,113.769997,112.949997,113.309998,113.309998,1390900,True,0
"VT.US","2024-06-21",112.440002,112.599998,112.120003,112.430000,112.430000,1059500,True,0
"VT.US","2024-06-24",112.730003,113.269997,112.550003,112.550003,112.550003,951700,True,0
"VT.US","2024-06-25",112.730003,112.830002,112.349998,112.769997,112.769997,1968600,True,0
"VT.US","2024-06-26",112.360001,112.699997,112.180000,112.599998,112.599998,846100,True,0
"VT.US","2024-06-27",112.699997,112.949997,112.500000,112.809998,112.809998,1094600,True,0
"VT.US","2024-06-28",113.010002,113.480003,112.290001,112.629997,112.629997,1192500,True,0
"VT.US","2024-07-01",113.099998,113.129997,112.370003,112.779999,112.779999,2524400,True,0
"VT.US","2024-07-02",112.510002,113.334999,112.510002,113.309998,113.309998,1245245,True,0
"VT.US","2024-07-03",113.529999,114.209999,113.529999,114.180000,114.180000,1510200,True,0
"VT.US","2024-07-05",114.489998,114.760002,113.989998,114.709999,114.709999,1308500,True,0
"VT.US","2024-07-08",114.900002,115.010002,114.540001,114.680000,114.680000,1283100,True,0
"VT.US","2024-07-09",114.860001,114.930000,114.540001,114.660004,114.660004,885400,True,0
"VT.US","2024-07-10",115.050003,115.900002,115.010002,115.870003,115.870003,1064400,True,0
"VT.US","2024-07-11",116.099998,116.510002,115.500000,115.639999,115.639999,1379900,True,0
"VT.US","2024-07-12",116.099998,117.089996,116.029999,116.419998,116.419998,1007900,True,0
"VT.US","2024-07-15",116.650002,117.019997,116.125000,116.389999,116.389999,1740371,True,0
"VT.US","2024-07-16",116.599998,117.260002,116.510002,117.250000,117.250000,853800,True,0
"VT.US","2024-07-17",116.209999,116.559998,115.750000,115.800003,115.800003,2855600,True,0
"VT.US","2024-07-18",116.139999,116.279999,114.440002,114.820000,114.820000,1007600,True,0
"VT.US","2024-07-19",114.599998,114.839996,113.900002,114.059998,114.059998,1041800,True,0
"VT.US","2024-07-22",114.849998,115.269997,114.484100,115.199997,115.199997,1057417,True,0
"VT.US","2024-07-23",115.000000,115.309998,114.779999,114.839996,114.839996,1037900,True,0
"VT.US","2024-07-24",114.160004,114.230003,112.550003,112.629997,112.629997,1034800,True,0
"VT.US","2024-07-25",112.489998,113.750000,111.860001,112.250000,112.250000,1196000,True,0
"VT.US","2024-07-26",113.099998,113.940002,112.959999,113.540001,113.540001,730200,True,0
"VT.US","2024-07-29",113.709999,114.000000,113.029999,113.389999,113.389999,760700,True,0
"VT.US","2024-07-30",113.699997,113.900002,112.500000,113.099998,113.099998,1086400,True,0
"VT.US","2024-07-31",114.639999,115.459999,114.419998,114.860001,114.860001,1307700,True,0
"VT.US","2024-08-01",114.739998,115.089996,112.160004,112.779999,112.779999,2407600,True,0
"VT.US","2024-08-02",111.349998,111.349998,109.849998,110.709999,110.709999,1863900,True,0
"VT.US","2024-08-05",106.370003,108.809998,105.900002,107.720001,107.720001,3283000,True,0
"VT.US","2024-08-06",107.760002,109.739998,107.529999,108.529999,108.529999,1539600,True,0
"VT.US","2024-08-07",110.160004,110.559998,108.160004,108.250000,108.250000,1847600,True,0
"VT.US","2024-08-08",109.370003,110.669998,108.940002,110.559998,110.559998,668500,True,0
"VT.US","2024-08-09",110.459999,111.209999,110.150002,111.019997,111.019997,1519500,True,0
"VT.US","2024-08-12",111.190002,111.489998,110.650002,111.040001,111.040001,852600,True,0
"VT.US","2024-08-13",111.660004,112.800003,111.629997,112.769997,112.769997,760600,True,0
"VT.US","2024-08-14",112.870003,113.169998,112.400002,113.050003,113.050003,587600,True,0
"VT.US","2024-08-15",114.029999,114.809998,114.010002,114.720001,114.720001,762079,True,0
"VT.US","2024-08-16",114.580002,115.279999,114.580002,115.169998,115.169998,548200,True,0
"VT.US","2024-08-19",115.440002,116.379997,115.360001,116.349998,116.349998,692900,True,0
"VT.US","2024-08-20",116.330002,116.480003,115.750000,116.029999,116.029999,721400,True,0
"VT.US","2024-08-21",116.419998,116.830002,116.150002,116.699997,116.699997,793930,True,0
"VT.US","2024-08-22",116.949997,117.010002,115.540001,115.720001,115.720001,827900,True,0
"VT.US","2024-08-23",116.500000,117.449997,116.440002,117.400002,117.400002,1114400,True,0
"VT.US","2024-08-26",117.430000,117.529999,116.739998,116.860001,116.860001,985000,True,0
"VT.US","2024-08-27",116.870003,117.320000,116.650002,117.199997,117.199997,1046400,True,0
"VT.US","2024-08-28",117.080002,117.139999,115.980003,116.519997,116.519997,1126900,True,0
"VT.US","2024-08-29",117.029999,117.589996,116.540001,116.690002,116.690002,1026624,True,0
"VT.US","2024-08-30",117.209999,117.589996,116.410004,117.540001,117.540001,547983,True,0
"VT.US","2024-09-03",116.910004,116.949997,114.779999,115.230003,115.230003,1386400,True,0
"VT.US","2024-09-04",114.750000,115.599998,114.650002,114.980003,114.980003,1048900,True,0
"VT.US","2024-09-05",115.080002,115.459999,114.349998,114.779999,114.779999,1569800,True,0
"VT.US","2024-09-06",114.86000061035156,115.1500015258789,112.66999816894531,112.83000183105469,0,1151000,True,0
"VT.US","2024-09-09",113.75,114.31999969482422,113.41999816894531,113.98999786376953,0,1132400,True,81154
"VT.US","2024-09-10",114.1500015258789,114.27999877929688,113.04000091552734,114.11000061035156,0,2004300,True,81155
"VT.US","2024-09-11",114.06999969482422,115.19999694824219,112.48999786376953,115.04000091552734,0,1010400,True,81156
"VT.US","2024-09-12",115.18000030517578,116.08000183105469,114.73999786376953,116.02999877929688,0,1141200,True,81157
"VT.US","2024-09-13",116.2300033569336,116.8499984741211,116.2300033569336,116.63999938964844,0,1053100,True,81158
"VT.US","2024-09-16",116.86000061035156,117.11000061035156,116.45999908447266,117.08999633789062,0,1080700,True,0
"VT.US","2024-09-17",117.41999816894531,117.63999938964844,116.58999633789062,117.0199966430664,0,498200,True,0
"VT.US","2024-09-18",117.1500015258789,118.12999725341797,116.58999633789062,116.69000244140625,0,1041800,True,0
"VT.US","2024-09-19",118.70999908447266,119.08999633789062,118.08000183105469,118.76000213623047,0,780100,True,0
"VT.US","2024-09-20",117.95999908447266,118.18000030517578,117.37000274658203,117.9000015258789,0,1072852,True,0
"VT.US","2024-09-23",118.20999908447266,118.45999908447266,118.02999877929688,118.27999877929688,0,1003800,True,0
"VT.US","2024-09-24",118.81999969482422,119.08999633789062,118.33000183105469,119.08000183105469,0,1018400,True,0
"VT.US","2024-09-25",119.05000305175781,119.12999725341797,118.41000366210938,118.48999786376953,0,1654400,True,0
"VT.US","2024-09-26",120.12999725341797,120.18000030517578,119.44999694824219,119.95999908447266,0,1671900,True,0
"VT.US","2024-09-27",120.43000030517578,120.43000030517578,119.37999725341797,119.61000061035156,0,1873800,True,0
"VT.US","2024-09-30",119.51000213623047,119.75,118.70999908447266,119.69999694824219,0,891300,True,0
"VT.US","2024-10-01",119.72000122070312,119.7300033569336,118.27999877929688,118.94000244140625,0,1128000,True,0
"VT.US","2024-10-02",118.97000122070312,119.26000213623047,118.37000274658203,119.12000274658203,0,4538800,True,0
"VT.US","2024-10-03",118.41999816894531,118.8499984741211,118.12000274658203,118.45999908447266,0,2657900,True,0
"VT.US","2024-10-04",119.25,119.55000305175781,118.62000274658203,119.51000213623047,0,1791600,True,0
"VT.US","2024-10-07",119.31999969482422,119.37999725341797,118.43000030517578,118.79000091552734,0,1825100,True,0
"VT.US","2024-10-08",118.7300033569336,119.05999755859375,118.4800033569336,118.98999786376953,0,1076300,True,0
"VT.US","2024-10-09",118.72000122070312,119.54000091552734,118.54000091552734,119.45999908447266,0,1305600,True,0
"VT.US","2024-10-10",119.2300033569336,119.45999908447266,118.79000091552734,119.2699966430664,0,877300,True,0
"VT.US","2024-10-11",119.25,120.22000122070312,119.16000366210938,120.08999633789062,0,1081600,True,0
"VT.US","2024-10-14",120.15499877929688,120.81999969482422,120.0199966430664,120.69000244140625,0,774978,True,0
"VT.US","2024-10-15",120.51000213623047,120.54000091552734,119.26000213623047,119.44999694824219,0,984500,True,0
"VT.US","2024-10-16",119.73999786376953,120.13999938964844,119.58000183105469,120.04000091552734,0,983941,True,0
"VT.US","2024-10-17",120.55999755859375,120.5999984741211,119.97000122070312,119.9800033569336,0,1099800,True,0
"VT.US","2024-10-18",120.55000305175781,120.71980285644531,120.29000091552734,120.56999969482422,0,737687,True,0
"VT.US","2024-10-21",120.23999786376953,120.4000015258789,119.5,119.94999694824219,0,877600,True,0
"VT.US","2024-10-22",119.3499984741211,119.88999938964844,119.27999877929688,119.66000366210938,0,824800,True,0
"VT.US","2024-10-23",119.31999969482422,119.31999969482422,117.95999908447266,118.62000274658203,0,1073200,True,0
"VT.US","2024-10-24",119.08999633789062,119.08999633789062,118.4000015258789,118.93000030517578,0,760700,True,0
"VT.US","2024-10-25",119.30000305175781,119.73999786376953,118.54000091552734,118.7300033569336,0,1119900,True,0
"VT.US","2024-10-28",119.37999725341797,119.57499694824219,119.23999786376953,119.3499984741211,0,1503997,True,0
"VT.US","2024-10-29",119.08999633789062,119.47000122070312,118.80999755859375,119.25,0,763900,True,0
"VT.US","2024-10-30",118.88999938964844,119.43000030517578,118.62999725341797,118.80999755859375,0,966200,True,0
"VT.US","2024-10-31",118.13999938964844,118.13999938964844,117.02999877929688,117.08999633789062,0,976100,True,0
"VT.US","2024-11-01",117.76000213623047,118.32499694824219,117.44999694824219,117.55999755859375,0,1507605,True,0
"VT.US","2024-11-04",117.81999969482422,118.12999725341797,117.25,117.5,0,1424400,True,0
"VT.US","2024-11-05",117.8499984741211,118.91999816894531,117.80000305175781,118.91999816894531,0,782300,True,0
"VT.US","2024-11-06",120.06999969482422,120.58499908447266,119.30000305175781,120.4800033569336,0,1784189,True,0
"VT.US","2024-11-07",121.27999877929688,121.97000122070312,121.2300033569336,121.75,0,2379683,True,0
"VT.US","2024-11-08",121.30000305175781,121.55999755859375,121.08999633789062,121.41000366210938,0,2177400,True,0
"VT.US","2024-11-11",121.55999755859375,121.79000091552734,121.29000091552734,121.55000305175781,0,1076700,True,0
"VT.US","2024-11-12",121.08000183105469,121.22000122070312,120.04000091552734,120.58000183105469,0,1352600,True,0
"VT.US","2024-11-13",120.51000213623047,120.7300033569336,119.94999694824219,120.33000183105469,0,1305300,True,0
"VT.US","2024-11-14",120.47000122070312,120.62000274658203,119.58999633789062,119.70999908447266,0,1021200,True,0
"VT.US","2024-11-15",119.27999877929688,119.32499694824219,118.27989959716797,118.5199966430664,0,1803605,True,0
"VT.US","2024-11-18",118.7699966430664,119.42500305175781,118.58000183105469,119.22000122070312,0,1900764,True,0
"VT.US","2024-11-19",118.4800033569336,119.66999816894531,118.43000030517578,119.52999877929688,0,1367700,True,0
"VT.US","2024-11-20",119.41000366210938,119.55000305175781,118.48999786376953,119.5,0,1529200,True,0
"VT.US","2024-11-21",119.88999938964844,120.29000091552734,119.1500015258789,120.06999969482422,0,996100,True,0
"VT.US","2024-11-22",120.05000305175781,120.68000030517578,119.95999908447266,120.58999633789062,0,1167100,True,0
"VT.US","2024-11-25",121.43000030517578,121.66000366210938,120.68000030517578,121.0999984741211,0,1213200,True,0
"VT.US","2024-11-26",121.13999938964844,121.30000305175781,120.75,121.18000030517578,0,1120900,True,0
"VT.US","2024-11-27",121.33000183105469,121.5,120.80999755859375,121.02999877929688,0,1715500,True,0
"VT.US","2024-11-29",121.2300033569336,122.06659698486328,121.18000030517578,121.94000244140625,0,616526,True,0
"VT.US","2024-12-02",122.0999984741211,122.33999633789062,121.79000091552734,122.19999694824219,0,1477900,True,0
"VT.US","2024-12-03",122.33000183105469,122.46499633789062,122.04540252685547,122.4000015258789,0,985823,True,0
"VT.US","2024-12-04",122.68000030517578,122.95999908447266,122.52999877929688,122.9000015258789,0,1923300,True,0
"VT.US","2024-12-05",123.12999725341797,123.27999877929688,122.88999938964844,122.91999816894531,0,1037200,True,0
"VT.US","2024-12-06",123.19999694824219,123.36000061035156,122.91000366210938,123.06999969482422,0,1036800,True,0
"VT.US","2024-12-09",123.5199966430664,123.63999938964844,122.76000213623047,122.81999969482422,0,1626400,True,0
"VT.US","2024-12-10",122.75,122.75,121.98999786376953,122.04000091552734,0,1122400,True,0
"VT.US","2024-12-11",122.70999908447266,123.0999984741211,122.56999969482422,122.97000122070312,0,1061640,True,0
"VT.US","2024-12-12",122.63999938964844,122.69999694824219,122.12999725341797,122.13999938964844,0,1173400,True,0
"VT.US","2024-12-13",122.44000244140625,122.4800033569336,121.70999908447266,122.0,0,1157800,True,0
"VT.US","2024-12-16",122.08000183105469,122.41999816894531,121.95999908447266,122.16000366210938,0,1634400,True,0
"VT.US","2024-12-17",121.8499984741211,121.8499984741211,121.43000030517578,121.6500015258789,0,1776400,True,0
"VT.US","2024-12-18",121.5999984741211,121.91000366210938,118.0199966430664,118.05999755859375,0,1984300,True,0
"VT.US","2024-12-19",119.05000305175781,119.30999755859375,118.02999877929688,118.04000091552734,0,2015800,True,0
"VT.US","2024-12-20",116.55999755859375,118.97000122070312,116.38999938964844,118.11000061035156,0,2673700,True,0
"VT.US","2024-12-23",118.0999984741211,118.8499984741211,117.52999877929688,118.76000213623047,0,1931500,True,0
"VT.US","2024-12-24",118.94000244140625,119.7300033569336,118.80999755859375,119.69999694824219,0,1222600,True,0
"VT.US","2024-12-26",119.55000305175781,120.04000091552734,119.29000091552734,119.83999633789062,0,944000,True,0
"VT.US","2024-12-27",119.2300033569336,119.37000274658203,118.23999786376953,118.9000015258789,0,1588000,True,0
"VT.US","2024-12-30",117.7699966430664,118.33000183105469,117.11000061035156,117.75,0,2054500,True,0
"VT.US","2024-12-31",118.13999938964844,118.26000213623047,117.20999908447266,117.4800033569336,0,1820700,True,0
"VT.US","2025-01-02",117.9800033569336,118.31999969482422,116.62000274658203,117.23999786376953,0,2520300,True,0
"VT.US","2025-01-03",117.81999969482422,118.56999969482422,117.5,118.44999694824219,0,1595800,True,0
"VT.US","2025-01-06",119.06999969482422,120.0,118.93000030517578,119.18000030517578,0,1640800,True,0
"VT.US","2025-01-07",119.70999908447266,119.76000213623047,117.83000183105469,118.01000213623047,0,6187500,True,0
"VT.US","2025-01-08",117.9000015258789,118.25,117.31999969482422,118.05000305175781,0,5568500,True,0
"VT.US","2025-01-10",117.29000091552734,117.29000091552734,115.87999725341797,116.16000366210938,0,5313300,True,0
"VT.US","2025-01-13",115.2300033569336,116.23999786376953,115.13999938964844,116.19999694824219,0,4232900,True,0
"VT.US","2025-01-14",116.83999633789062,116.98999786376953,115.94999694824219,116.5999984741211,0,1522100,True,0
"VT.US","2025-01-15",118.26000213623047,118.66999816894531,117.93000030517578,118.37999725341797,0,4747500,True,0
"VT.US","2025-01-16",118.68000030517578,118.9000015258789,118.22000122070312,118.48999786376953,0,4770300,True,0
"VT.US","2025-01-17",119.38999938964844,119.80000305175781,119.26000213623047,119.4800033569336,0,1390800,True,0
"VT.US","2025-01-21",120.4000015258789,120.95999908447266,120.06999969482422,120.93000030517578,0,2164732,True,0
"VT.US","2025-01-22",121.37999725341797,121.55000305175781,121.20999908447266,121.23999786376953,0,1517000,True,0
"VT.US","2025-01-23",121.22000122070312,121.91000366210938,121.12999725341797,121.88999938964844,0,1354813,True,0
"VT.US","2025-01-24",122.0999984741211,122.3499984741211,121.73999786376953,121.9000015258789,0,1363200,True,0
"VT.US","2025-01-27",119.9800033569336,120.66500091552734,119.83000183105469,120.51000213623047,0,2408880,True,0
"VT.US","2025-01-28",120.73999786376953,121.44000244140625,120.16999816894531,121.29000091552734,0,1776400,True,0
"VT.US","2025-01-29",121.23999786376953,121.4000015258789,120.4800033569336,120.91999816894531,0,1473400,True,0
"VT.US","2025-01-30",121.58000183105469,122.36499786376953,121.38710021972656,121.94000244140625,0,1473515,True,0
"VT.US","2025-01-31",122.23999786376953,122.66000366210938,120.9800033569336,121.06999969482422,0,6053000,True,0
"VT.US","2025-02-03",119.22000122070312,120.56999969482422,118.81999969482422,120.12000274658203,0,2299700,True,0
"VT.US","2025-02-04",120.44999694824219,121.33999633789062,120.36000061035156,121.23999786376953,0,2285500,True,0
"VT.US","2025-02-05",121.33999633789062,121.88999938964844,120.94000244140625,121.87999725341797,0,2705475,True,0
"VT.US","2025-02-06",122.23999786376953,122.30000305175781,121.67259979248047,122.27999877929688,0,1262362,True,0
"VT.US","2025-02-07",122.5,122.70999908447266,121.19000244140625,121.29000091552734,0,1671300,True,0
"VT.US","2025-02-10",122.0,122.22000122070312,121.7699966430664,122.08999633789062,0,1750600,True,0
"VT.US","2025-02-11",121.69999694824219,122.30000305175781,121.68000030517578,122.16000366210938,0,1484700,True,0
"VT.US","2025-02-12",121.18000030517578,122.29000091552734,120.97000122070312,122.04000091552734,0,1819000,True,0
"VT.US","2025-02-13",122.27999877929688,123.37999725341797,122.1500015258789,123.36000061035156,0,1604800,True,0
"VT.US","2025-02-14",123.58000183105469,123.73999786376953,123.33000183105469,123.48999786376953,0,1448800,True,0
"VT.US","2025-02-18",123.83999633789062,123.9800033569336,123.5199966430664,123.97000122070312,0,2276400,True,0
"VT.US","2025-02-19",123.51000213623047,123.87999725341797,123.33000183105469,123.81999969482422,0,1587700,True,82239
"VT.US","2025-02-20",123.80000305175781,123.8499984741211,123.02999877929688,123.6500015258789,0,1296300,True,0
"VT.US","2025-02-21",123.70999908447266,123.7300033569336,121.72000122070312,121.91000366210938,0,1778800,True,0
"VT.US","2025-02-24",122.19000244140625,122.30000305175781,121.08999633789062,121.30999755859375,0,1687700,True,0
"VT.US","2025-02-25",121.66999816894531,121.8499984741211,120.33000183105469,121.16999816894531,0,1681000,True,0
"VT.US","2025-02-26",121.44000244140625,122.33000183105469,120.94000244140625,121.3499984741211,0,1441000,True,0
"VT.US","2025-02-27",121.44000244140625,121.55999755859375,119.4749984741211,119.5199966430664,0,2548763,True,0
"VT.US","2025-02-28",119.31999969482422,120.63999938964844,118.75,120.56999969482422,0,2974000,True,0
"VT.US","2025-03-03",121.48999786376953,121.73999786376953,118.58000183105469,119.29000091552734,0,3612100,True,0
"VT.US","2025-03-04",118.5999984741211,120.01000213623047,117.1500015258789,118.41999816894531,0,2562300,True,0
"VT.US","2025-03-05",119.05000305175781,120.66500091552734,118.63999938964844,120.37999725341797,0,2971015,True,0
"VT.US","2025-03-06",119.19999694824219,120.05999755859375,118.20999908447266,118.58999633789062,0,1798300,True,0
"VT.US","2025-03-07",118.41999816894531,119.58000183105469,117.5,119.33999633789062,0,2314700,True,0
"VT.US","2025-03-10",117.44999694824219,117.95999908447266,115.38999938964844,116.30000305175781,0,2890200,True,0
"VT.US","2025-03-11",116.29000091552734,116.87000274658203,114.93000030517578,115.83000183105469,0,2010900,True,0
"VT.US","2025-03-12",116.83999633789062,117.05000305175781,115.47000122070312,116.45999908447266,0,1426300,True,0
"VT.US","2025-03-13",116.08999633789062,116.30999755859375,114.77999877929688,115.08000183105469,0,1691000,True,0
"VT.US","2025-03-14",116.18000030517578,117.62000274658203,116.0999984741211,117.47000122070312,0,2054000,True,0
"VT.US","2025-03-17",117.5199966430664,119.05999755859375,117.5199966430664,118.63999938964844,0,1370300,True,0
"VT.US","2025-03-18",118.29000091552734,118.37999725341797,117.4000015258789,117.79000091552734,0,1689900,True,0
"VT.US","2025-03-19",118.02999877929688,119.44000244140625,117.76000213623047,118.76000213623047,0,1170400,True,0
"VT.US","2025-03-20",117.68000030517578,118.8499984741211,117.54000091552734,118.25,0,1589300,True,0
"VT.US","2025-03-21",116.94000244140625,117.70999908447266,116.66000366210938,117.5999984741211,0,905300,True,0
"VT.US","2025-03-24",118.2699966430664,119.19999694824219,118.2699966430664,119.08999633789062,0,1422900,True,0
"VT.US","2025-03-25",119.4000015258789,119.55000305175781,119.08000183105469,119.31999969482422,0,1325100,True,0
"VT.US","2025-03-26",119.08999633789062,119.33000183105469,117.72000122070312,118.0199966430664,0,1208200,True,0
"VT.US","2025-03-27",117.80000305175781,118.44999694824219,117.37999725341797,117.88999938964844,0,1073900,True,0
"VT.US","2025-03-28",117.44000244140625,117.4800033569336,115.66000366210938,115.81999969482422,0,2362300,True,0
"VT.US","2025-03-31",114.5,116.2300033569336,113.83000183105469,115.94999694824219,0,3541500,True,0
"VT.US","2025-04-01",115.55999755859375,116.62999725341797,114.98999786376953,116.33000183105469,0,1659100,True,0
"VT.US","2025-04-02",115.2699966430664,117.37000274658203,115.23999786376953,117.0199966430664,0,1235500,True,0
"VT.US","2025-04-03",113.87000274658203,114.27999877929688,112.29000091552734,112.4000015258789,0,4715658,True,0
"VT.US","2025-04-04",109.01000213623047,109.30999755859375,105.58999633789062,105.69999694824219,0,6051136,True,0
"VT.US","2025-04-07",102.08999633789062,108.3499984741211,100.88999938964844,104.43000030517578,0,5702000,True,0
"VT.US","2025-04-08",108.04000091552734,108.30000305175781,101.81999969482422,103.16000366210938,0,4172700,True,0
"VT.US","2025-04-09",102.91999816894531,112.63999938964844,102.46880340576172,111.9800033569336,0,5303702,True,0
"VT.US","2025-04-10",110.0,110.25,106.05999755859375,108.86000061035156,0,3324900,True,0
"VT.US","2025-04-11",109.0199966430664,111.32019805908203,108.45500183105469,111.11000061035156,0,3186240,True,0
"VT.US","2025-04-14",112.63999938964844,112.97000122070312,111.16000366210938,112.16000366210938,0,4323200,True,0
"VT.US","2025-04-15",112.51000213623047,113.16000366210938,112.08999633789062,112.2699966430664,0,1895400,True,0
"VT.US","2025-04-16",111.43000030517578,112.12000274658203,109.70999908447266,110.5999984741211,0,2762100,True,0
"VT.US","2025-04-17",111.2300033569336,111.9800033569336,110.70999908447266,111.18000030517578,0,1728700,True,0
"VT.US","2025-04-21",110.70999908447266,110.91000366210938,108.41999816894531,109.45999908447266,0,1751000,True,0
"VT.US","2025-04-22",110.56999969482422,112.38999938964844,110.54000091552734,111.8499984741211,0,1862400,True,0
"VT.US","2025-04-23",114.16000366210938,114.91999816894531,112.91999816894531,113.27999877929688,0,3887700,True,0
"VT.US","2025-04-24",113.26000213623047,115.33999633789062,113.26000213623047,115.25,0,3141800,True,0
"VT.US","2025-04-25",115.06999969482422,115.87000274658203,114.62000274658203,115.80000305175781,0,2300000,True,0
"VT.US","2025-04-28",116.0,116.3499984741211,115.05999755859375,116.12999725341797,0,5355400,True,0
"VT.US","2025-04-29",115.87000274658203,116.87999725341797,115.81999969482422,116.66000366210938,0,2404800,True,0
"VT.US","2025-04-30",115.52999877929688,116.95999908447266,114.4800033569336,116.5999984741211,0,2231662,True,0
"VT.US","2025-05-01",117.66999816894531,117.95999908447266,116.87000274658203,117.0199966430664,0,1487100,True,0
"VT.US","2025-05-02",118.62000274658203,119.2300033569336,118.33999633789062,119.05999755859375,0,1591900,True,0
"VT.US","2025-05-05",118.76000213623047,119.30999755859375,118.58000183105469,118.80000305175781,0,1761900,True,0
"VT.US","2025-05-06",117.9800033569336,118.8499984741211,117.7699966430664,118.12999725341797,0,5454600,True,86500
"VT.US","2025-05-07",118.13999938964844,118.61000061035156,117.44000244140625,118.20999908447266,0,2984500,True,86501
"VT.US","2025-05-08",118.88999938964844,119.55000305175781,118.22000122070312,118.62000274658203,0,1578200,True,88015
"VT.US","2025-05-09",119.25,119.41000366210938,118.52999877929688,118.79000091552734,0,3546500,True,88016
"VT.US","2025-05-12",121.5,121.7300033569336,120.68000030517578,121.7300033569336,0,2739746,True,0
"VT.US","2025-05-13",121.69000244140625,122.7300033569336,121.55000305175781,122.33000183105469,0,2485200,True,0
"VT.US","2025-05-14",122.6500015258789,122.73999786376953,122.04000091552734,122.33000183105469,0,1764400,True,0
"VT.US","2025-05-15",122.33999633789062,123.05000305175781,122.05999755859375,123.0199966430664,0,1986500,True,0
"VT.US","2025-05-16",123.0199966430664,123.63999938964844,122.7300033569336,123.62000274658203,0,1309900,True,0
"VT.US","2025-05-19",122.72000122070312,124.0,122.69000244140625,123.95999908447266,NULL,2303200,True,0
"VT.US","2025-05-20",123.7699966430664,123.97000122070312,123.31999969482422,123.83000183105469,NULL,1891100,True,0
"VT.US","2025-05-21",123.37999725341797,123.94999694824219,122.0999984741211,122.27999877929688,NULL,1696600,True,0
"VT.US","2025-05-22",122.25,122.77999877929688,121.83000183105469,122.19000244140625,NULL,1430300,True,0
"VT.US","2025-05-23",121.1500015258789,122.29000091552734,121.0,121.91000366210938,NULL,1955400,True,0
"VT.US","2025-05-27",123.26000213623047,123.93000030517578,122.88999938964844,123.88999938964844,NULL,2606700,True,0
"VT.US","2025-05-28",123.91000366210938,123.91000366210938,122.91000366210938,123.04000091552734,NULL,1892100,True,0
"VT.US","2025-05-29",124.0999984741211,124.0999984741211,122.80000305175781,123.54000091552734,NULL,1700100,True,0
"VT.US","2025-05-30",123.25,123.62999725341797,122.19999694824219,123.37000274658203,NULL,1695200,True,0
"VT.US","2025-06-02",123.20999908447266,124.22000122070312,122.69999694824219,124.19000244140625,NULL,1822900,True,0
"VT.US","2025-06-03",123.93000030517578,124.68000030517578,123.68000030517578,124.51000213623047,NULL,1556700,True,0
"VT.US","2025-06-04",124.86000061035156,125.16000366210938,124.69999694824219,124.80000305175781,NULL,1516300,True,0
"VT.US","2025-06-05",125.33000183105469,125.38999938964844,124.12999725341797,124.45999908447266,NULL,1882400,True,0
"VT.US","2025-06-06",125.33000183105469,125.6500015258789,125.05999755859375,125.43000030517578,NULL,2745100,True,0
"VT.US","2025-06-09",125.70999908447266,126.0,125.37999725341797,125.63999938964844,NULL,2783700,True,0
"VT.US","2025-06-10",125.93000030517578,126.2699966430664,125.5999984741211,126.23999786376953,NULL,1674400,True,0
"VT.US","2025-06-11",126.61000061035156,126.72000122070312,125.75,126.0,NULL,1975900,True,0
"VT.US","2025-06-12",126.11000061035156,126.58000183105469,125.87999725341797,126.54000091552734,NULL,1513500,True,0
"VT.US","2025-06-13",125.37999725341797,125.91999816894531,124.69999694824219,124.94999694824219,NULL,3691100,True,0
"VT.US","2025-06-16",125.9800033569336,126.6500015258789,125.80000305175781,126.04000091552734,NULL,2467800,True,0
"VT.US","2025-06-17",125.56999969482422,125.73999786376953,124.63999938964844,124.80999755859375,NULL,2367400,True,0
"VT.US","2025-06-18",125.12999725341797,125.56999969482422,124.69999694824219,124.87999725341797,NULL,2208200,True,0
"VT.US","2025-06-20",125.05000305175781,125.05000305175781,123.61000061035156,123.73999786376953,NULL,2992100,True,0
"VT.US","2025-06-23",123.58000183105469,124.91999816894531,123.19000244140625,124.91999816894531,NULL,3918500,True,0
"VT.US","2025-06-24",125.87999725341797,126.68000030517578,125.7699966430664,126.48999786376953,NULL,4473800,True,0
"VT.US","2025-06-25",126.48999786376953,126.69000244140625,126.0199966430664,126.2699966430664,NULL,3086100,True,0
"VT.US","2025-06-26",126.88999938964844,127.5199966430664,126.73999786376953,127.44999694824219,NULL,2036700,True,0
"VT.US","2025-06-27",127.80000305175781,128.3800048828125,127.31999969482422,128.0,NULL,2288100,True,0
"VT.US","2025-06-30",128.24000549316406,128.67999267578125,127.98999786376953,128.52000427246094,NULL,4038900,True,0
"VT.US","2025-07-01",128.27999877929688,128.75,128.1199951171875,128.52999877929688,NULL,2137100,True,0
"VT.US","2025-07-02",128.32000732421875,129.11000061035156,128.22000122070312,129.11000061035156,NULL,2312700,True,0
"VT.US","2025-07-03",129.36000061035156,129.9499053955078,129.36000061035156,129.7899932861328,NULL,1389793,True,0
"VT.US","2025-07-07",129.19000244140625,129.44000244140625,128.16000366210938,128.61000061035156,NULL,2520500,True,0
"VT.US","2025-07-08",128.88999938964844,129.1699981689453,128.64999389648438,128.8800048828125,NULL,4461700,True,0
"VT.US","2025-07-09",129.3800048828125,129.64999389648438,128.97000122070312,129.64999389648438,NULL,3198700,True,0
"VT.US","2025-07-10",129.6199951171875,130.0500030517578,129.32000732421875,129.88999938964844,NULL,2039700,True,0
"VT.US","2025-07-11",129.2100067138672,129.4499969482422,129.02000427246094,129.24000549316406,NULL,2440700,True,0
"VT.US","2025-07-14",129.08999633789062,129.5399932861328,128.94000244140625,129.47000122070312,NULL,1767300,True,0
"VT.US","2025-07-15",129.99000549316406,130.0500030517578,128.77999877929688,128.80999755859375,NULL,1770200,True,0
"VT.US","2025-07-16",129.27999877929688,129.3800048828125,128.1999969482422,129.32000732421875,NULL,3183615,True,0
"VT.US","2025-07-17",129.30999755859375,130.07000732421875,129.25,129.97999572753906,NULL,1743968,True,0
"VT.US","2025-07-18",130.49000549316406,130.49000549316406,129.7100067138672,129.8699951171875,NULL,2014300,True,0
"VT.US","2025-07-21",130.27000427246094,130.83999633789062,130.16000366210938,130.19000244140625,NULL,3616700,True,0
"VT.US","2025-07-22",130.2899932861328,130.6199951171875,129.77999877929688,130.5500030517578,NULL,2568300,True,0
"VT.US","2025-07-23",131.4499969482422,132.0500030517578,131.11000061035156,132.0500030517578,NULL,2980400,True,0
"VT.US","2025-07-24",131.9600067138672,132.07000732421875,131.6699981689453,131.6999969482422,NULL,2582000,True,0
"VT.US","2025-07-25",131.49000549316406,132.0399932861328,131.39999389648438,131.97999572753906,NULL,1400400,True,0
"VT.US","2025-07-28",131.6699981689453,131.6999969482422,131.08999633789062,131.32000732421875,NULL,1876800,True,0
"VT.US","2025-07-29",131.6300048828125,131.69000244140625,130.9199981689453,131.0800018310547,NULL,2040400,True,0
"VT.US","2025-07-30",131.0800018310547,131.3800048828125,130.1199951171875,130.6199951171875,NULL,2919400,True,0
"VT.US","2025-07-31",131.3000030517578,131.3000030517578,129.72999572753906,129.92999267578125,NULL,3032900,True,0
"VT.US","2025-08-01",129.0800018310547,129.0800018310547,127.79000091552734,128.41000366210938,NULL,7426700,True,0
"VT.US","2025-08-04",129.5,130.22999572753906,129.35000610351562,130.2100067138672,NULL,2641900,True,0
"VT.US","2025-08-05",130.52000427246094,130.6300048828125,129.61000061035156,129.9499969482422,NULL,1750600,True,0
"VT.US","2025-08-06",130.36000061035156,130.9199981689453,130.05999755859375,130.8000030517578,NULL,2104300,True,0
"VT.US","2025-08-07",131.77000427246094,131.8800048828125,130.47999572753906,131.0399932861328,NULL,2398100,True,0
"VT.US","2025-08-08",131.41000366210938,131.9499969482422,131.3699951171875,131.80999755859375,NULL,1731200,True,0
"VT.US","2025-08-11",131.91000366210938,131.97999572753906,131.25999450683594,131.4600067138672,NULL,2592600,True,0
"VT.US","2025-08-12",132.0,133.02999877929688,131.8000030517578,133.02999877929688,NULL,1918900,True,0
"VT.US","2025-08-13",133.55999755859375,133.75,133.27000427246094,133.6999969482422,NULL,3866700,True,0
"VT.US","2025-08-14",133.08999633789062,133.47999572753906,132.89999389648438,133.3800048828125,NULL,2047500,True,0
"VT.US","2025-08-15",133.8699951171875,133.8699951171875,133.1999969482422,133.3800048828125,NULL,1810500,True,0
"VT.US","2025-08-18",133.3699951171875,133.50999450683594,133.17999267578125,133.4499969482422,NULL,3237800,True,0
"VT.US","2025-08-19",133.3800048828125,133.6699981689453,132.6300048828125,132.83999633789062,NULL,2295200,True,0
"VT.US","2025-08-20",132.91000366210938,132.9199981689453,131.86000061035156,132.6699981689453,NULL,3283300,True,0
"VT.US","2025-08-21",132.25999450683594,132.58999633789062,131.9199981689453,132.19000244140625,NULL,1920300,True,0
"VT.US","2025-08-22",132.74000549316406,134.66000366210938,132.66000366210938,134.4499969482422,NULL,2947900,True,0
"VT.US","2025-08-25",134.0800018310547,134.25999450683594,133.5500030517578,133.57000732421875,NULL,1977600,True,0
"VT.US","2025-08-26",133.3699951171875,133.9600067138672,133.33999633789062,133.9199981689453,NULL,2130600,True,0
"VT.US","2025-08-27",133.4499969482422,134.0800018310547,133.3800048828125,133.97999572753906,NULL,1827600,True,0
"VT.US","2025-08-28",134.1999969482422,134.58999633789062,133.94000244140625,134.50999450683594,NULL,2474300,True,0
"VT.US","2025-08-29",134.02999877929688,134.10000610351562,133.42999267578125,133.77000427246094,NULL,4013100,True,0
"VT.US","2025-09-02",132.30999755859375,132.86000061035156,131.88999938964844,132.80999755859375,NULL,2749600,True,0
"VT.US","2025-09-03",133.1699981689453,133.42999267578125,132.77000427246094,133.3000030517578,NULL,4118400,True,0
"VT.US","2025-09-04",133.44000244140625,134.25999450683594,133.2100067138672,134.25,NULL,2359400,True,0
"VT.US","2025-09-05",135.05999755859375,135.3000030517578,133.66000366210938,134.3800048828125,NULL,9392700,True,0
"VT.US","2025-09-08",134.88999938964844,135.2100067138672,134.6999969482422,135.11000061035156,NULL,1983600,True,0
"VT.US","2025-09-09",135.08999633789062,135.32000732421875,134.75,135.24000549316406,NULL,2166800,True,0
"VT.US","2025-09-10",135.86000061035156,136.0399932861328,135.25,135.52999877929688,NULL,2100300,True,0
"VT.US","2025-09-11",136.02000427246094,136.9499969482422,135.9199981689453,136.8699951171875,NULL,2223400,True,0
"VT.US","2025-09-12",136.77000427246094,136.91000366210938,136.50999450683594,136.60000610351562,NULL,1549200,True,0
"VT.US","2025-09-15",137.16000366210938,137.38499450683594,137.06399536132812,137.3699951171875,NULL,2006921,True,0
"VT.US","2025-09-16",137.61000061035156,137.61000061035156,137.02499389648438,137.32000732421875,NULL,2509747,True,0
"VT.US","2025-09-17",137.3800048828125,137.91000366210938,136.30999755859375,137.1199951171875,NULL,4473800,True,0
"VT.US","2025-09-18",137.5399932861328,138.11000061035156,137.1999969482422,137.75999450683594,NULL,2820800,True,0
"VT.US","2025-09-19",137.49000549316406,137.61000061035156,136.9499969482422,137.47000122070312,NULL,2448700,True,0
"VT.US","2025-09-22",137.36000061035156,138.10000610351562,137.24000549316406,138.02999877929688,NULL,2561800,True,0
"VT.US","2025-09-23",138.2100067138672,138.35000610351562,137.3300018310547,137.50999450683594,NULL,3087500,True,0
"VT.US","2025-09-24",137.50999450683594,137.5800018310547,136.69000244140625,136.88999938964844,NULL,2253500,True,0
"VT.US","2025-09-25",136.2100067138672,136.36000061035156,135.47999572753906,136.1199951171875,NULL,2855700,True,0
"VT.US","2025-09-26",136.27999877929688,136.8800048828125,136.1300048828125,136.86000061035156,NULL,2719700,True,0
"VT.US","2025-09-29",137.44000244140625,137.60000610351562,137.10000610351562,137.3800048828125,NULL,2553100,True,0
"VT.US","2025-09-30",137.24000549316406,137.9199981689453,137.00999450683594,137.8000030517578,NULL,2948400,True,0
"VT.US","2025-10-01",137.66000366210938,138.60000610351562,137.66000366210938,138.50999450683594,NULL,2028700,True,0
"VT.US","2025-10-02",138.97000122070312,139.0399932861328,138.1199951171875,138.7100067138672,NULL,2270600,True,0
"VT.US","2025-10-03",139.1300048828125,139.64999389648438,138.80999755859375,139.0800018310547,NULL,1940600,True,0
"VT.US","2025-10-06",139.6199951171875,139.8000030517578,139.22000122070312,139.5800018310547,NULL,2161800,True,0
"VT.US","2025-10-07",139.5800018310547,139.67999267578125,138.5399932861328,138.72000122070312,NULL,2613300,True,0
"VT.US","2025-10-08",139.0,139.5,138.86000061035156,139.47000122070312,NULL,1639500,True,0
"VT.US","2025-10-09",139.60000610351562,139.6300048828125,138.39999389648438,138.74000549316406,NULL,2443200,True,0
"VT.US","2025-10-10",138.8300018310547,139.07000732421875,135.11000061035156,135.16000366210938,NULL,3916000,True,0
"VT.US","2025-10-13",136.8300018310547,137.57000732421875,136.60000610351562,137.32000732421875,NULL,2499200,True,0
"VT.US","2025-10-14",136.07000732421875,137.91000366210938,135.47999572753906,137.25,NULL,3824500,True,0
"VT.US","2025-10-15",138.33999633789062,138.8800048828125,136.94000244140625,138.02000427246094,NULL,4689600,True,0
"VT.US","2025-10-16",138.66000366210938,138.94000244140625,137.02000427246094,137.64999389648438,NULL,3534200,True,0
"VT.US","2025-10-17",137.3000030517578,138.2899932861328,136.9499969482422,138.0800018310547,NULL,7243200,True,0
"VT.US","2025-10-20",138.7899932861328,139.6300048828125,138.6699981689453,139.4499969482422,NULL,2800400,True,0
"VT.US","2025-10-21",139.27000427246094,139.44000244140625,138.8300018310547,139.08999633789062,NULL,1680700,True,0
"VT.US","2025-10-22",139.17999267578125,139.27000427246094,137.69000244140625,138.49000549316406,NULL,2137400,True,0
"VT.US","2025-10-23",138.6300048828125,139.6300048828125,138.6300048828125,139.39999389648438,NULL,1686000,True,0
"VT.US","2025-10-24",140.1699981689453,140.55999755859375,140.10000610351562,140.27999877929688,NULL,1490100,True,0
"VT.US","2025-10-27",141.27000427246094,141.74000549316406,141.24000549316406,141.67999267578125,NULL,2164700,True,0
"VT.US","2025-10-28",141.8000030517578,142.08999633789062,141.4199981689453,141.77999877929688,NULL,2212600,True,0
"VT.US","2025-10-29",142.1699981689453,142.2100067138672,140.83999633789062,141.58999633789062,NULL,3233000,True,0
"VT.US","2025-10-30",140.8000030517578,141.27999877929688,140.32000732421875,140.33999633789062,NULL,5373500,True,0
"VT.US","2025-10-31",140.99000549316406,140.99000549316406,139.97000122070312,140.58999633789062,NULL,2426700,True,0
"VT.US","2025-11-03",141.10000610351562,141.17999267578125,140.08999633789062,140.75999450683594,NULL,2898500,True,0
"VT.US","2025-11-04",139.25,139.9199981689453,138.89999389648438,138.99000549316406,NULL,2350500,True,0
"VT.US","2025-11-05",139.0399932861328,140.25,138.9600067138672,139.75,NULL,2280500,True,0
"VT.US","2025-11-06",139.60000610351562,139.77999877929688,138.17999267578125,138.5,NULL,3046200,True,0
"VT.US","2025-11-07",138.11000061035156,138.86000061035156,136.89999389648438,138.8300018310547,NULL,2992000,True,0
"VT.US","2025-11-10",140.0399932861328,140.90499877929688,139.60000610351562,140.77000427246094,NULL,4166237,True,0
"VT.US","2025-11-11",140.66000366210938,141.3300018310547,140.5,141.14999389648438,NULL,2295000,True,0
"VT.US","2025-11-12",141.5500030517578,141.6300048828125,141.11000061035156,141.49000549316406,NULL,2500000,True,0
"VT.US","2025-11-13",141.0800018310547,141.16000366210938,139.05999755859375,139.2899932861328,NULL,3749000,True,0
"VT.US","2025-11-14",138.13999938964844,139.9600067138672,137.72999572753906,139.24000549316406,NULL,3512500,True,0
"VT.US","2025-11-17",138.64999389648438,139.3000030517578,137.07000732421875,137.7100067138672,NULL,5048900,True,0
"VT.US","2025-11-18",136.75,137.44000244140625,135.7100067138672,136.67999267578125,NULL,6751200,True,0
"VT.US","2025-11-19",136.63999938964844,137.6999969482422,136.07000732421875,136.82000732421875,NULL,3080300,True,0
"VT.US","2025-11-20",138.50999450683594,138.8800048828125,134.6699981689453,134.72999572753906,NULL,8101800,True,0
"VT.US","2025-11-21",135.27999877929688,137.00999450683594,134.47999572753906,136.14999389648438,NULL,4732900,True,0
"VT.US","2025-11-24",136.60000610351562,137.8957061767578,136.404296875,137.8000030517578,NULL,3334311,True,0
"VT.US","2025-11-25",137.85000610351562,139.24000549316406,137.11000061035156,139.0800018310547,NULL,2830400,True,0
"VT.US","2025-11-26",139.63999938964844,140.52999877929688,139.5,140.22000122070312,NULL,4283700,True,0
"VT.US","2025-11-28",140.3300018310547,140.94000244140625,140.27000427246094,140.88999938964844,NULL,1657600,True,0
"VT.US","2025-12-01",140.1699981689453,140.85000610351562,140.07000732421875,140.22000122070312,NULL,2803700,True,0
"VT.US","2025-12-02",140.66000366210938,140.8000030517578,140.0500030517578,140.47999572753906,NULL,1996100,True,0
"VT.US","2025-12-03",140.35000610351562,141.1999969482422,140.24000549316406,141.05999755859375,NULL,2788794,True,0
"VT.US","2025-12-04",141.5,141.5500030517578,140.8350067138672,141.27999877929688,NULL,3937266,True,0
"VT.US","2025-12-05",141.6999969482422,142.16000366210938,141.38999938964844,141.55999755859375,NULL,3904200,True,0
"VT.US","2025-12-08",141.77999877929688,141.77999877929688,140.80999755859375,141.1300048828125,NULL,3191700,True,0
"VT.US","2025-12-09",141.02000427246094,141.47000122070312,140.9199981689453,140.97000122070312,NULL,2519300,True,0
"VT.US","2025-12-10",141.00999450683594,142.47999572753906,140.82000732421875,142.1699981689453,NULL,4259641,True,0
"VT.US","2025-12-11",141.91000366210938,142.66000366210938,141.41000366210938,142.55999755859375,NULL,3181900,True,0
"VT.US","2025-12-12",142.6199951171875,142.64430236816406,140.69500732421875,141.22000122070312,NULL,3719129,True,0
"VT.US","2025-12-15",142.1199951171875,142.1999969482422,141.0,141.22000122070312,NULL,3987600,True,0
"VT.US","2025-12-16",140.91000366210938,141.1699981689453,140.0399932861328,140.67999267578125,NULL,3708500,True,0
"VT.US","2025-12-17",140.85000610351562,141.0,139.3300018310547,139.38999938964844,NULL,2634300,True,0
"VT.US","2025-12-18",140.61000061035156,141.27000427246094,140.17999267578125,140.44000244140625,NULL,2186900,True,0
"VT.US","2025-12-19",139.89999389648438,140.75999450683594,139.86000061035156,140.5,NULL,3108300,True,0
"VT.US","2025-12-22",141.22999572753906,141.47999572753906,140.97000122070312,141.33999633789062,NULL,3065500,True,0
"VT.US","2025-12-23",141.4499969482422,142.0500030517578,141.3800048828125,142.00999450683594,NULL,2761600,True,0
"VT.US","2025-12-24",142.0399932861328,142.4600067138672,142.00999450683594,142.36000061035156,NULL,1430100,True,0
"VT.US","2025-12-26",142.5500030517578,142.61000061035156,142.22999572753906,142.5,NULL,1698200,True,0
"VT.US","2025-12-29",142.1199951171875,142.3000030517578,141.6699981689453,142.00999450683594,NULL,2759900,True,0
"VT.US","2025-12-30",142.14999389648438,142.35000610351562,141.9499969482422,141.97999572753906,NULL,2536500,True,0
"VT.US","2025-12-31",141.97000122070312,142.0500030517578,141.02999877929688,141.05999755859375,NULL,3671000,True,0
"VT.US","2026-01-02",142.25999450683594,142.47000122070312,141.3800048828125,142.10000610351562,NULL,4385500,True,0
"VT.US","2026-01-05",142.72999572753906,143.5,142.67999267578125,143.3000030517578,NULL,7380300,True,0
"VT.US","2026-01-06",143.5500030517578,144.22000122070312,143.49000549316406,144.13999938964844,NULL,4698500,True,0
"VT.US","2026-01-07",144.1199951171875,144.27000427246094,143.4600067138672,143.5399932861328,NULL,7541000,True,0
"VT.US","2026-01-08",143.32000732421875,143.72000122070312,143.1199951171875,143.63999938964844,NULL,3067900,True,0
"VT.US","2026-01-09",143.9199981689453,144.75999450683594,143.72000122070312,144.58999633789062,NULL,3997800,True,0
"VT.US","2026-01-12",144.3800048828125,145.32000732421875,144.3699951171875,145.24000549316406,NULL,3399400,True,0
"VT.US","2026-01-13",145.17999267578125,145.25999450683594,144.3800048828125,144.6999969482422,NULL,4224300,True,0
"VT.US","2026-01-14",144.49000549316406,144.67999267578125,143.83999633789062,144.60000610351562,NULL,4543200,True,0
"VT.US","2026-01-15",145.33999633789062,145.5500030517578,144.8300018310547,144.92999267578125,NULL,4057900,True,0
"VT.US","2026-01-16",145.22999572753906,145.24000549316406,144.47999572753906,144.92999267578125,NULL,3127300,True,0
"VT.US","2026-01-20",143.16000366210938,143.74000549316406,142.27999877929688,142.4499969482422,NULL,7584400,True,0
"VT.US","2026-01-21",143.10000610351562,144.75,142.72999572753906,144.1199951171875,NULL,6825100,True,0
"VT.US","2026-01-22",145.0,145.3300018310547,144.55999755859375,144.9199981689453,NULL,5291600,True,0
"VT.US","2026-01-23",144.74000549316406,145.32000732421875,144.50999450683594,145.1999969482422,NULL,3790100,True,0
"VT.US","2026-01-26",145.6699981689453,146.14999389648438,145.52999877929688,145.83999633789062,NULL,4677200,True,0
"VT.US","2026-01-27",146.50999450683594,147.14999389648438,146.47999572753906,147.0500030517578,NULL,4933600,True,0
"VT.US","2026-01-28",147.14999389648438,147.25999450683594,146.32000732421875,146.8000030517578,NULL,4428300,True,0
"VT.US","2026-01-29",147.47999572753906,147.47999572753906,144.85000610351562,146.72000122070312,NULL,8847600,True,0
"VT.US","2026-01-30",146.10000610351562,146.39999389648438,144.60000610351562,145.4499969482422,NULL,13314100,True,0
"VT.US","2026-02-02",146.10000610351562,146.42999267578125,145.07000732421875,146.14999389648438,NULL,4173155,True,0
"VT.US","2026-02-03",146.4499969482422,146.55999755859375,144.38999938964844,145.61000061035156,NULL,5716900,True,0
"VT.US","2026-02-04",146.27000427246094,146.39999389648438,144.30999755859375,145.1300048828125,NULL,7006000,True,0
"VT.US","2026-02-05",144.00999450683594,144.7100067138672,143.1300048828125,143.3699951171875,NULL,8525546,True,0
"VT.US","2026-02-06",144.00999450683594,146.65499877929688,144.6199951171875,146.4600067138672,NULL,2632995,True,0
"VT.US","2026-02-09",146.47000122070312,147.9250030517578,146.32249450683594,147.6699981689453,NULL,3778901,True,0
"VT.US","2026-02-10",148.22000122070312,148.3000030517578,147.5399932861328,147.5800018310547,NULL,3726100,True,0
"VT.US","2026-02-11",148.52999877929688,148.72000122070312,147.1199951171875,147.97999572753906,NULL,4918500,True,0
"VT.US","2026-02-12",148.50999450683594,148.6699981689453,145.7899932861328,145.9600067138672,NULL,6118100,True,0
"VT.US","2026-02-13",145.8800048828125,147.0,145.08999633789062,146.33999633789062,NULL,5370600,True,0
"VT.US","2026-02-17",145.6300048828125,146.69000244140625,144.75999450683594,146.2899932861328,NULL,5585600,True,0
"VT.US","2026-02-18",146.6199951171875,147.66000366210938,146.35000610351562,147.00999450683594,NULL,3297400,True,0
"VT.US","2026-02-19",146.32000732421875,146.75999450683594,146.02000427246094,146.67999267578125,NULL,3858800,True,0
"VT.US","2026-02-20",146.3300018310547,148.0399932861328,146.25999450683594,147.9499969482422,NULL,5085800,True,0
"VT.US","2026-02-23",147.64999389648438,148.10000610351562,146.1999969482422,146.64999389648438,NULL,6070100,True,0
"VT.US","2026-02-24",146.60000610351562,147.8800048828125,146.33999633789062,147.6999969482422,NULL,6001600,True,0
"VT.US","2026-02-25",148.49000549316406,149.00999450683594,148.22000122070312,148.91000366210938,NULL,5335700,True,0
"VT.US","2026-02-26",149.07000732421875,149.07000732421875,147.25,148.39999389648438,NULL,6390800,True,0
"VT.US","2026-02-27",147.58999633789062,148.02999877929688,147.11000061035156,147.83999633789062,NULL,5196900,True,0
"VT.US","2026-03-02",145.47000122070312,147.4600067138672,145.3000030517578,146.9499969482422,NULL,7710300,True,0
"VT.US","2026-03-03",142.8800048828125,144.61000061035156,141.27000427246094,144.0399932861328,NULL,13857100,True,0
"VT.US","2026-03-04",144.47999572753906,145.5897979736328,143.9149932861328,145.25999450683594,NULL,5310082,True,0
"VT.US","2026-03-05",144.00999450683594,144.86000061035156,142.3000030517578,143.57000732421875,NULL,10514062,True,0
"VT.US","2026-03-06",141.69000244140625,142.625,141.02999877929688,141.92999267578125,NULL,7491171,True,0
"VT.US","2026-03-09",140.30999755859375,143.6199951171875,139.35000610351562,143.24000549316406,NULL,9176248,True,0
"VT.US","2026-03-10",143.33999633789062,145.00999450683594,142.77000427246094,143.22000122070312,NULL,8051800,True,0
"VT.US","2026-03-11",143.11000061035156,143.72999572753906,142.27999877929688,143.0399932861328,NULL,8392100,True,0
"VT.US","2026-03-12",141.77000427246094,141.9600067138672,140.47000122070312,140.5500030517578,NULL,9405538,True,0
"VT.US","2026-03-13",141.2449951171875,141.875,139.34500122070312,139.52000427246094,NULL,8761331,True,0
"VT.US","2026-03-16",141.25,142.06500244140625,140.9199981689453,141.49000549316406,NULL,3634890,True,0
"VT.US","2026-03-17",142.27000427246094,142.72999572753906,141.8000030517578,142.02000427246094,NULL,2652145,True,0
"VT.US","2026-03-18",141.2949981689453,141.6750030517578,139.8000030517578,139.82000732421875,NULL,3499161,True,0
"VT.US","2026-03-19",138.25,140.1699981689453,137.89999389648438,139.5500030517578,NULL,5700277,True,0
"VT.US","2026-03-20",138.6699981689453,138.8231964111328,135.60000610351562,136.32000732421875,NULL,5279131,True,0
"VT.US","2026-03-23",138.60000610351562,140.10000610351562,137.875,138.60000610351562,NULL,6777461,True,0
"VT.US","2026-03-24",137.3000030517578,138.6862030029297,136.97000122070312,137.89999389648438,NULL,4418386,True,0
"VT.US","2026-03-25",139.64999389648438,139.9250030517578,138.53500366210938,139.1699981689453,NULL,4332182,True,0
"VT.US","2026-03-26",137.83999633789062,138.63999938964844,136.33999633789062,136.44000244140625,NULL,4331695,True,0
"VT.US","2026-03-27",135.86500549316406,136.11000061035156,134.28500366210938,134.6199951171875,NULL,5268293,True,0
"VT.US","2026-03-30",135.83999633789062,135.94000244140625,133.64999389648438,134.19000244140625,NULL,4880200,True,0
"VT.US","2026-03-31",135.74000549316406,138.4801025390625,135.42999267578125,138.32000732421875,NULL,7842582,True,0
"VT.US","2026-04-01",139.33999633789062,140.49000549316406,139.22999572753906,139.69000244140625,NULL,3987700,True,0
"VT.US","2026-04-02",137.24000549316406,139.91000366210938,136.97999572753906,139.3699951171875,NULL,2972500,True,0
"VT.US","2026-04-06",139.86000061035156,140.30909729003906,139.44000244140625,140.07000732421875,NULL,2547500,True,0
"VT.US","2026-04-07",139.52000427246094,140.25999450683594,138.3000030517578,140.1300048828125,NULL,3503130,True,0
"VT.US","2026-04-08",144.7100067138672,145.2899932861328,143.72999572753906,144.5800018310547,NULL,6110397,True,0
"VT.US","2026-04-09",143.85000610351562,145.35000610351562,143.5699005126953,144.9499969482422,NULL,3942554,True,0
"VT.US","2026-04-10",145.375,145.66000366210938,144.71499633789062,144.97999572753906,NULL,2314944,True,0
"VT.US","2026-04-13",144.42999267578125,146.4600067138672,144.17239379882812,146.39999389648438,NULL,4391376,True,94586
"VT.US","2026-04-14",146.94000244140625,148.17990112304688,NULL,148.08999633789062,NULL,3051543,True,0
"VT.US","2026-04-15",147.88499450683594,148.7050018310547,NULL,148.6199951171875,NULL,2446955,True,0
"VT.US","2026-04-16",148.92999267578125,149.09609985351562,NULL,148.7899932861328,NULL,2327364,True,0
"VT.US","2026-04-17",150.25999450683594,151.44000244140625,NULL,150.83999633789062,NULL,3109700,True,0
"VT.US","2026-04-20",150.25,150.5800018310547,NULL,150.47999572753906,NULL,3177905,True,0
"VT.US","2026-04-21",150.52000427246094,150.69000244140625,NULL,148.75999450683594,NULL,2466419,True,0
"VT.US","2026-04-22",149.86000061035156,150.125,NULL,150.10000610351562,NULL,1852724,True,0
"VT.US","2026-04-23",149.7100067138672,150.14999389648438,NULL,149.14999389648438,NULL,3382200,True,0
"VT.US","2026-04-24",149.72000122070312,150.4149932861328,NULL,150.33999633789062,NULL,3091378,True,0
"VT.US","2026-04-27",150.35000610351562,150.5449981689453,NULL,150.32000732421875,NULL,2885536,True,0
"VT.US","2026-04-28",149.61000061035156,149.83999633789062,NULL,149.4600067138672,NULL,1854000,True,0
"VT.US","2026-04-29",149.50999450683594,149.50999450683594,NULL,148.94000244140625,NULL,2197111,True,0
"VT.US","2026-04-30",149.83999633789062,151.3800048828125,NULL,151.1999969482422,NULL,4020936,True,0
"VT.US","2026-05-01",151.60000610351562,152.39999389648438,NULL,151.44000244140625,NULL,2816800,True,0
"VT.US","2026-05-04",151.2899932861328,151.72000122070312,NULL,150.55999755859375,NULL,2608300,True,0
"VT.US","2026-05-05",151.6699981689453,152.42999267578125,NULL,152.1199951171875,NULL,2440840,True,0
"VT.US","2026-05-06",154.1300048828125,155.1699981689453,NULL,155.05999755859375,NULL,2148875,True,0
"VT.US","2026-05-07",155.27000427246094,155.30999755859375,NULL,153.72000122070312,NULL,2743000,True,0
"VT.US","2026-05-08",154.94000244140625,155.27000427246094,NULL,155.17999267578125,NULL,2357100,True,0
"VT.US","2026-05-11",155.3300018310547,155.6300048828125,NULL,155.32000732421875,NULL,2137505,True,0
"VT.US","2026-05-12",154.24000549316406,154.50999450683594,NULL,154.35000610351562,NULL,2303647,True,0
"VT.US","2026-05-13",154.4199981689453,155.56500244140625,NULL,155.39999389648438,NULL,1546653,True,0
"VT.US","2026-05-14",155.55999755859375,156.41990661621094,NULL,156.02000427246094,NULL,2513072,True,0
"VT.US","2026-05-15",154.19000244140625,154.2949981689453,NULL,153.52000427246094,NULL,3066233,True,0
"VT.US","2026-05-18",154.02000427246094,154.39999389648438,NULL,153.7100067138672,NULL,2500625,True,0
"VT.US","2026-05-19",152.72000122070312,153.5,NULL,152.6300048828125,NULL,2543100,True,0
"VT.US","2026-05-20",152.94000244140625,154.75,NULL,154.6300048828125,NULL,1993129,True,0
"VT.US","2026-05-21",154.11000061035156,155.7100067138672,NULL,155.2100067138672,NULL,2368738,True,0
"VT.US","2026-05-22",155.6999969482422,156.2899932861328,NULL,155.57000732421875,NULL,2470736,True,0
"VT.US","2026-05-26",157.3800048828125,157.6300048828125,NULL,157.3800048828125,NULL,2363178,True,0
"VT.US","2026-05-27",157.5,157.58999633789062,NULL,157.16000366210938,NULL,4252100,True,0
"VT.US","2026-05-28",156.72000122070312,158.00999450683594,NULL,157.8699951171875,NULL,3200006,True,0
"VT.US","2026-05-29",158.13999938964844,158.52749633789062,NULL,158.1199951171875,NULL,5116318,True,0
"VT.US","2026-06-01",158.03500366210938,159.1699981689453,NULL,158.60000610351562,NULL,3399282,True,0
"VT.US","2026-06-02",158.64999389648438,159.41000366210938,NULL,159.35000610351562,NULL,2956800,True,0
"VT.US","2026-06-03",159.0,159.0,NULL,157.9499969482422,NULL,3334700,True,0
"VT.US","2026-06-04",157.57000732421875,158.75,NULL,158.5399932861328,NULL,2177297,True,0
"VT.US","2026-06-05",157.08999633789062,157.09280395507812,NULL,153.67999267578125,NULL,3977994,True,0
"VT.US","2026-06-08",155.16000366210938,155.60000610351562,NULL,154.47999572753906,NULL,5054800,True,0
"VT.US","2026-06-09",155.74000549316406,156.53500366210938,NULL,154.3000030517578,NULL,5070870,True,0
"VT.US","2026-06-10",153.3699951171875,154.5699005126953,NULL,151.9199981689453,NULL,5733112,True,0
"VT.US","2026-06-11",152.9199981689453,155.87840270996094,NULL,155.61000061035156,NULL,4847075,True,0
"VT.US","2026-06-12",155.89999389648438,156.83999633789062,NULL,156.2899932861328,NULL,8976000,True,0
"VT.US","2026-06-15",158.75999450683594,159.19769287109375,NULL,158.72000122070312,NULL,4633163,True,0
"VT.US","2026-06-16",158.88999938964844,159.1699981689453,NULL,157.99000549316406,NULL,6711639,True,0
"VT.US","2026-06-17",158.4600067138672,158.86000061035156,NULL,156.41000366210938,NULL,3613282,True,0
"VT.US","2026-06-18",157.7899932861328,157.94000244140625,NULL,157.66000366210938,NULL,1972544,True,0
"VT.US","2026-06-22",157.88999938964844,158.42999267578125,NULL,157.55999755859375,NULL,2718200,True,0
"VT.US","2026-06-23",154.4199981689453,155.60000610351562,NULL,154.3300018310547,NULL,3428900,True,0
"VT.US","2026-06-24",154.5800018310547,155.33999633789062,NULL,154.25999450683594,NULL,3433300,True,0
"VT.US","2026-06-25",155.83999633789062,156.69000244140625,NULL,154.85000610351562,NULL,3833527,True,0
"VT.US","2026-06-26",153.6199951171875,155.13999938964844,NULL,153.9499969482422,NULL,4709847,True,0
"VT.US","2026-06-29",155.16000366210938,155.91000366210938,NULL,155.8300018310547,NULL,2842146,True,0
"VT.US","2026-06-30",155.99000549316406,157.1999969482422,NULL,156.9499969482422,NULL,3830618,True,0
"VT.US","2026-07-01",156.18499755859375,156.97999572753906,NULL,156.1199951171875,NULL,3074785,True,0
"VT.US","2026-07-02",156.77999877929688,157.77999877929688,NULL,156.1699981689453,NULL,2210806,True,0
"VT.US","2026-07-06",157.25999450683594,158.0399932861328,NULL,157.80999755859375,NULL,2571661,True,0
"VT.US","2026-07-07",157.27999877929688,157.4398956298828,NULL,156.33999633789062,NULL,1924101,True,0
"VT.US","2026-07-08",155.14999389648438,155.9199981689453,NULL,155.80999755859375,NULL,1900400,True,0
"VT.US","2026-07-09",156.3300018310547,157.24000549316406,NULL,157.0,NULL,1659300,True,0
"VT.US","2026-07-10",157.2100067138672,157.72999572753906,NULL,157.6300048828125,NULL,1585449,True,0
"VT.US","2026-07-13",156.7100067138672,156.94000244140625,NULL,155.80999755859375,NULL,2383900,True,0
"VT.US","2026-07-14",156.63999938964844,157.2550048828125,NULL,156.77999877929688,NULL,1744613,True,0
"VT.US","2026-07-15",157.25,157.50999450683594,NULL,157.2899932861328,NULL,1959500,True,0
"VT.US","2026-07-16",156.4499969482422,156.9499969482422,NULL,156.1300048828125,NULL,1887700,True,0
"VT.US","2026-07-17",154.24000549316406,155.42999267578125,NULL,154.77999877929688,NULL,2292728,True,0
"VT.US","2026-07-20",155.38999938964844,155.69000244140625,NULL,154.2899932861328,NULL,2122800,True,0
"VT.US","2026-07-21",155.5500030517578,156.3000030517578,NULL,156.13999938964844,NULL,1457600,True,0
"VT.US","2026-07-22",155.86000061035156,156.49000549316406,NULL,156.02000427246094,NULL,1391810,True,0
"VT.US","2026-07-23",154.27000427246094,155.10000610351562,NULL,154.30999755859375,NULL,2083600,True,0
"VT.US","2026-07-24",154.39999389648438,155.2899932861328,NULL,154.1999969482422,NULL,2934899,True,0
"VT.US","2026-07-27",155.47999572753906,155.74000549316406,NULL,154.4499969482422,NULL,4989400,True,0
"VT.US","2026-07-28",153.8800048828125,154.82000732421875,NULL,154.35000610351562,NULL,2579800,True,0
"VT.US","2026-07-29",153.97999572753906,154.97999572753906,NULL,152.22000122070312,NULL,4036100,True,0
"VT.US","2026-07-30",153.97999572753906,155.56500244140625,NULL,155.4499969482422,NULL,2713942,True,0
"VT.US","2026-07-31",155.97999572753906,156.25,NULL,155.86000061035156,NULL,3214055,True,0
"VWRA.LSE","2025-12-31",170.5,170.6199951171875,NULL,170.6199951171875,NULL,44129,True,96339
"VWRA.LSE","2026-01-02",170.83999633789062,187.67999267578125,NULL,170.52000427246094,NULL,129444,True,96340
"VWRA.LSE","2026-01-05",171.16000366210938,187.4600067138672,NULL,172.3000030517578,NULL,137824,True,96341
"VWRA.LSE","2026-01-06",172.60000610351562,182.6199951171875,NULL,172.63999938964844,NULL,208652,True,96342
"VWRA.LSE","2026-01-07",172.9199981689453,173.10000610351562,NULL,172.9600067138672,NULL,96230,True,96343
"VWRA.LSE","2026-01-08",172.13999938964844,172.4600067138672,NULL,172.22000122070312,NULL,165650,True,96344
"VWRA.LSE","2026-01-09",172.33999633789062,180.5399932861328,NULL,173.22000122070312,NULL,157479,True,96345
"VWRA.LSE","2026-01-12",173.0,190.0,NULL,174.0399932861328,NULL,143700,True,96346
"VWRA.LSE","2026-01-13",173.9199981689453,184.47999572753906,NULL,173.8000030517578,NULL,159682,True,96347
"VWRA.LSE","2026-01-14",173.74000549316406,184.22000122070312,NULL,173.05999755859375,NULL,97066,True,96348
"VWRA.LSE","2026-01-15",173.6999969482422,189.9600067138672,NULL,174.4199981689453,NULL,137948,True,96349
"VWRA.LSE","2026-01-16",174.25999450683594,174.3800048828125,NULL,173.83999633789062,NULL,106824,True,96350
"VWRA.LSE","2026-01-19",172.3800048828125,185.0,NULL,172.4600067138672,NULL,97916,True,0
"VWRA.LSE","2026-01-20",172.0,182.8000030517578,NULL,172.0800018310547,NULL,309965,True,0
"VWRA.LSE","2026-01-21",171.32000732421875,172.5399932861328,NULL,172.17999267578125,NULL,108780,True,0
"VWRA.LSE","2026-01-22",172.94000244140625,182.5,NULL,173.77999877929688,NULL,280941,True,0
"VWRA.LSE","2026-01-23",173.75999450683594,177.0,NULL,173.74000549316406,NULL,184207,True,0
"VWRA.LSE","2026-01-26",174.0,175.1199951171875,NULL,174.9199981689453,NULL,178777,True,0
"VWRA.LSE","2026-01-27",175.4600067138672,192.25999450683594,NULL,176.27999877929688,NULL,94589,True,0
"VWRA.LSE","2026-01-28",177.02000427246094,186.83999633789062,NULL,175.77999877929688,NULL,145210,True,0
"VWRA.LSE","2026-01-29",176.86000061035156,176.97999572753906,NULL,174.5399932861328,NULL,167413,True,0
"VWRA.LSE","2026-01-30",174.44000244140625,175.6199951171875,NULL,174.6999969482422,NULL,110668,True,0
"VWRA.LSE","2026-02-02",172.8000030517578,185.17999267578125,NULL,175.3000030517578,NULL,146536,True,0
"VWRA.LSE","2026-02-03",176.27999877929688,192.82000732421875,NULL,174.8800048828125,NULL,201511,True,0
"VWRA.LSE","2026-02-04",175.24000549316406,185.36000061035156,NULL,174.1999969482422,NULL,138768,True,0
"VWRA.LSE","2026-02-05",174.17999267578125,174.5,NULL,172.6999969482422,NULL,200151,True,0
"VWRA.LSE","2026-02-06",172.0,175.14199829101562,NULL,174.67999267578125,NULL,244916,True,0
"VWRA.LSE","2026-02-09",175.60000610351562,186.0,NULL,176.6999969482422,NULL,127011,True,0
"VWRA.LSE","2026-02-10",177.0,194.0800018310547,NULL,177.22000122070312,NULL,163402,True,0
"VWRA.LSE","2026-02-11",177.4199981689453,178.0800018310547,NULL,177.10000610351562,NULL,112226,True,0
"VWRA.LSE","2026-02-12",177.89999389648438,178.0,NULL,175.3800048828125,NULL,109772,True,0
"VWRA.LSE","2026-02-13",174.74000549316406,200.0,NULL,175.4600067138672,NULL,165323,True,0
"VWRA.LSE","2026-02-16",175.5,185.97999572753906,NULL,174.9199981689453,NULL,138222,True,0
"VWRA.LSE","2026-02-17",174.4600067138672,185.39999389648438,NULL,174.86000061035156,NULL,136828,True,0
"VWRA.LSE","2026-02-18",175.52000427246094,176.82000732421875,NULL,176.66000366210938,NULL,107497,True,0
"VWRA.LSE","2026-02-19",176.3000030517578,187.24000549316406,NULL,175.63999938964844,NULL,108001,True,0
"VWRA.LSE","2026-02-20",175.83999633789062,178.86000061035156,NULL,176.60000610351562,NULL,133780,True,0
"VWRA.LSE","2026-02-23",176.36000061035156,187.17999267578125,NULL,175.67999267578125,NULL,147709,True,0
"VWRA.LSE","2026-02-24",175.75999450683594,186.22000122070312,NULL,176.47999572753906,NULL,146684,True,0
"VWRA.LSE","2026-02-25",177.0,187.05999755859375,NULL,178.0399932861328,NULL,110187,True,0
"VWRA.LSE","2026-02-26",178.27999877929688,178.63999938964844,NULL,177.4199981689453,NULL,138490,True,0
"VWRA.LSE","2026-02-27",177.6999969482422,178.27999877929688,NULL,177.17999267578125,NULL,125039,True,0
"VWRA.LSE","2026-03-02",174.16000366210938,175.71339416503906,NULL,175.1199951171875,NULL,282778,True,0
"VWRA.LSE","2026-03-03",173.60000610351562,173.77999877929688,NULL,171.10000610351562,NULL,284744,True,0
"VWRA.LSE","2026-03-04",171.44000244140625,174.10000610351562,NULL,173.75999450683594,NULL,245872,True,0
"VWRA.LSE","2026-03-05",173.25999450683594,178.0,NULL,171.55999755859375,NULL,170226,True,0
"VWRA.LSE","2026-03-06",172.9199981689453,173.5,NULL,170.36000061035156,NULL,210326,True,0
"VWRA.LSE","2026-03-09",167.9199981689453,169.83999633789062,NULL,169.82000732421875,NULL,374643,True,0
"VWRA.LSE","2026-03-10",172.6199951171875,173.27999877929688,NULL,173.0399932861328,NULL,229013,True,0
"VWRA.LSE","2026-03-11",171.86000061035156,172.3000030517578,NULL,171.25999450683594,NULL,133248,True,0
"VWRA.LSE","2026-03-12",170.60000610351562,171.0399932861328,NULL,169.36000061035156,NULL,151574,True,0
"VWRA.LSE","2026-03-13",167.8000030517578,170.16000366210938,NULL,167.82000732421875,NULL,169248,True,0
"VWRA.LSE","2026-03-16",168.17999267578125,170.1999969482422,NULL,169.13999938964844,NULL,357108,True,0
"VWRA.LSE","2026-03-17",169.0800018310547,171.1999969482422,NULL,170.4199981689453,NULL,175174,True,0
"VWRA.LSE","2026-03-18",171.36000061035156,171.5399932861328,NULL,169.02000427246094,NULL,780731,True,0
"VWRA.LSE","2026-03-19",167.22000122070312,167.52000427246094,NULL,166.4600067138672,NULL,289197,True,0
"VWRA.LSE","2026-03-20",167.5399932861328,167.83999633789062,NULL,164.89999389648438,NULL,257626,True,0
"VWRA.LSE","2026-03-23",163.0,170.0,NULL,166.22000122070312,NULL,847083,True,0
"VWRA.LSE","2026-03-24",166.4600067138672,166.66000366210938,NULL,166.0800018310547,NULL,286329,True,0
"VWRA.LSE","2026-03-25",167.25999450683594,168.1199951171875,NULL,167.39999389648438,NULL,177218,True,0
"VWRA.LSE","2026-03-26",166.16000366210938,166.27999877929688,NULL,164.82000732421875,NULL,135183,True,0
"VWRA.LSE","2026-03-27",164.60000610351562,164.6999969482422,NULL,162.39999389648438,NULL,145224,True,0
"VWRA.LSE","2026-03-30",162.1199951171875,163.25999450683594,NULL,162.5,NULL,174293,True,0
"VWRA.LSE","2026-03-31",161.97999572753906,164.99819946289062,NULL,163.4600067138672,NULL,173417,True,0
"VWRA.LSE","2026-04-01",167.6199951171875,168.65390014648438,NULL,168.13999938964844,NULL,137193,True,0
"VWRA.LSE","2026-04-02",166.0,167.86000061035156,NULL,167.0800018310547,NULL,140446,True,0
"VWRA.LSE","2026-04-07",167.55999755859375,168.63999938964844,NULL,166.47999572753906,NULL,218609,True,0
"VWRA.LSE","2026-04-08",173.36000061035156,174.24000549316406,NULL,173.1199951171875,NULL,248757,True,0
"VWRA.LSE","2026-04-09",172.8000030517578,173.4199981689453,NULL,173.4199981689453,NULL,86367,True,0
"VWRA.LSE","2026-04-10",173.60000610351562,174.6999969482422,NULL,174.25999450683594,NULL,104182,True,0
"VWRA.LSE","2026-04-13",172.63999938964844,174.8083953857422,NULL,173.83999633789062,NULL,122833,True,0
"VWRA.LSE","2026-04-14",175.67999267578125,177.3000030517578,NULL,177.3000030517578,NULL,189198,True,0
"VWRA.LSE","2026-04-15",177.3800048828125,178.10000610351562,NULL,177.89999389648438,NULL,128426,True,0
"VWRA.LSE","2026-04-16",179.0399932861328,179.0399932861328,NULL,178.60000610351562,NULL,123019,True,0
"VWRA.LSE","2026-04-17",178.5,181.74000549316406,NULL,181.4600067138672,NULL,157162,True,0
"VWRA.LSE","2026-04-20",179.6999969482422,180.5800018310547,NULL,180.0800018310547,NULL,600240,True,0
"VWRA.LSE","2026-04-21",180.5399932861328,180.94000244140625,NULL,179.32000732421875,NULL,168417,True,0
"VWRA.LSE","2026-04-22",180.0,180.10000610351562,NULL,179.86000061035156,NULL,115841,True,0
"VWRA.LSE","2026-04-23",179.22000122070312,180.1999969482422,NULL,180.0800018310547,NULL,113093,True,0
"VWRA.LSE","2026-04-24",179.1999969482422,180.52000427246094,NULL,179.82000732421875,NULL,144378,True,0
"VWRA.LSE","2026-04-27",180.27999877929688,180.77999877929688,NULL,180.10000610351562,NULL,120909,True,0
"VWRA.LSE","2026-04-28",180.0399932861328,180.39999389648438,NULL,178.97999572753906,NULL,128630,True,0
"VWRA.LSE","2026-04-29",179.83999633789062,180.10000610351562,NULL,179.0399932861328,NULL,99967,True,0
"VWRA.LSE","2026-04-30",178.5800018310547,180.6199951171875,NULL,180.6199951171875,NULL,86240,True,0
"VWRA.LSE","2026-05-01",181.6999969482422,183.0,NULL,182.4600067138672,NULL,99669,True,0
"VWRA.LSE","2026-05-05",181.36000061035156,183.94679260253906,NULL,182.60000610351562,NULL,238860,True,0
"VWRA.LSE","2026-05-06",183.83999633789062,186.16000366210938,NULL,185.77999877929688,NULL,223927,True,0
"VWRA.LSE","2026-05-07",186.5,186.9600067138672,NULL,186.0399932861328,NULL,196057,True,0
"VWRA.LSE","2026-05-08",185.4600067138672,187.52220153808594,NULL,186.1999969482422,NULL,133993,True,0
"VWRA.LSE","2026-05-11",186.0,186.89999389648438,NULL,186.8800048828125,NULL,280371,True,0
"VWRA.LSE","2026-05-12",185.22000122070312,185.6199951171875,NULL,184.1999969482422,NULL,249242,True,0
"VWRA.LSE","2026-05-13",186.25999450683594,186.5,NULL,186.39999389648438,NULL,142652,True,0
"VWRA.LSE","2026-05-14",187.10000610351562,188.27099609375,NULL,188.05999755859375,NULL,134750,True,0
"VWRA.LSE","2026-05-15",186.1199951171875,188.35800170898438,NULL,185.27999877929688,NULL,258377,True,0
"VWRA.LSE","2026-05-18",183.9600067138672,185.99549865722656,NULL,184.47999572753906,NULL,230321,True,0
"VWRA.LSE","2026-05-19",184.67999267578125,185.27999877929688,NULL,183.47999572753906,NULL,162800,True,0
"VWRA.LSE","2026-05-20",183.63999938964844,186.5,NULL,185.8000030517578,NULL,303949,True,0
"VWRA.LSE","2026-05-21",185.60000610351562,186.5,NULL,185.22000122070312,NULL,242817,True,0
"VWRA.LSE","2026-05-22",187.0,187.72140502929688,NULL,187.4199981689453,NULL,290249,True,0
"VWRA.LSE","2026-05-26",189.05999755859375,189.5399932861328,NULL,188.86000061035156,NULL,360807,True,0
"VWRA.LSE","2026-05-27",189.05999755859375,190.0800018310547,NULL,188.8000030517578,NULL,242787,True,0
"VWRA.LSE","2026-05-28",188.3800048828125,189.8643035888672,NULL,189.75999450683594,NULL,124086,True,0
"VWRA.LSE","2026-05-29",190.39999389648438,190.8000030517578,NULL,190.5399932861328,NULL,220427,True,0
"VWRA.LSE","2026-06-01",191.0800018310547,191.1999969482422,NULL,190.5399932861328,NULL,211371,True,0
"VWRA.LSE","2026-06-02",191.0,191.94000244140625,NULL,191.83999633789062,NULL,213635,True,0
"VWRA.LSE","2026-06-03",191.67999267578125,191.8000030517578,NULL,190.55999755859375,NULL,164435,True,0
"VWRA.LSE","2026-06-04",189.82000732421875,193.24090576171875,NULL,190.39999389648438,NULL,372148,True,0
"VWRA.LSE","2026-06-05",189.27999877929688,189.9600067138672,NULL,187.36000061035156,NULL,251849,True,0
"VWRA.LSE","2026-06-08",184.89999389648438,187.17999267578125,NULL,186.4600067138672,NULL,252073,True,0
"VWRA.LSE","2026-06-09",186.6199951171875,188.1999969482422,NULL,184.02000427246094,NULL,222792,True,0
"VWRA.LSE","2026-06-10",185.0,185.77999877929688,NULL,184.0800018310547,NULL,246164,True,0
"VWRA.LSE","2026-06-11",183.74000549316406,185.7913055419922,NULL,183.77999877929688,NULL,194378,True,0
"VWRA.LSE","2026-06-12",186.33999633789062,188.3000030517578,NULL,188.0399932861328,NULL,168833,True,0
"VWRA.LSE","2026-06-15",190.32000732421875,191.0,NULL,190.9199981689453,NULL,199464,True,0
"VWRA.LSE","2026-06-16",190.82000732421875,191.2866973876953,NULL,190.5399932861328,NULL,261817,True,0
"VWRA.LSE","2026-06-17",190.89999389648438,191.05999755859375,NULL,190.8800048828125,NULL,175551,True,0
"VWRA.LSE","2026-06-18",190.13999938964844,190.44000244140625,NULL,189.9600067138672,NULL,247502,True,0
"VWRA.LSE","2026-06-19",189.9600067138672,189.9600067138672,NULL,189.6999969482422,NULL,102025,True,0
"VWRA.LSE","2026-06-22",189.97999572753906,191.02000427246094,NULL,189.9600067138672,NULL,156040,True,0
"VWRA.LSE","2026-06-23",187.0800018310547,187.55999755859375,NULL,186.5399932861328,NULL,269276,True,0
"VWRA.LSE","2026-06-24",186.66000366210938,187.3096923828125,NULL,187.0399932861328,NULL,176403,True,0
"VWRA.LSE","2026-06-25",187.4600067138672,188.16000366210938,NULL,186.8800048828125,NULL,551916,True,0
"VWRA.LSE","2026-06-26",185.8000030517578,187.0294952392578,NULL,186.63999938964844,NULL,731474,True,0
"VWRA.LSE","2026-06-29",186.5399932861328,187.25999450683594,NULL,186.66000366210938,NULL,652215,True,0
"VWRA.LSE","2026-06-30",187.8000030517578,189.20440673828125,NULL,188.77999877929688,NULL,153605,True,0
"VWRA.LSE","2026-07-01",188.16000366210938,189.5028076171875,NULL,188.89999389648438,NULL,188161,True,0
"VWRA.LSE","2026-07-02",187.66000366210938,190.13999938964844,NULL,188.82000732421875,NULL,128432,True,0
"VWRA.LSE","2026-07-03",189.77999877929688,189.97999572753906,NULL,189.82000732421875,NULL,75063,True,0
"VWRA.LSE","2026-07-06",189.8000030517578,191.60560607910156,NULL,190.24000549316406,NULL,213721,True,0
"VWRA.LSE","2026-07-07",189.4600067138672,190.0290069580078,NULL,188.32000732421875,NULL,221091,True,0
"VWRA.LSE","2026-07-08",188.3000030517578,189.88059997558594,NULL,186.6199951171875,NULL,170194,True,0
"VWRA.LSE","2026-07-09",188.55999755859375,189.32000732421875,NULL,189.32000732421875,NULL,190267,True,0
"VWRA.LSE","2026-07-10",189.44000244140625,198.66859436035156,NULL,190.0399932861328,NULL,92272,True,0
"VWRA.LSE","2026-07-13",188.52000427246094,190.16619873046875,NULL,189.0,NULL,189637,True,0
"VWRA.LSE","2026-07-14",188.0,190.0,NULL,189.5,NULL,226979,True,0
"VWRA.LSE","2026-07-15",190.02000427246094,190.26109313964844,NULL,189.63999938964844,NULL,135656,True,0
"VWRA.LSE","2026-07-16",189.86000061035156,189.8668975830078,NULL,189.4199981689453,NULL,155560,True,0
"VWRA.LSE","2026-07-17",186.5399932861328,188.0321044921875,NULL,186.97999572753906,NULL,500845,True,0
"VWRA.LSE","2026-07-20",186.75999450683594,188.17999267578125,NULL,187.32000732421875,NULL,259524,True,0
"VWRA.LSE","2026-07-21",187.89999389648438,188.84530639648438,NULL,188.4600067138672,NULL,182532,True,0
"VWRA.LSE","2026-07-22",188.0,188.95660400390625,NULL,188.67999267578125,NULL,182670,True,0
"VWRA.LSE","2026-07-23",188.52000427246094,188.60000610351562,NULL,185.6999969482422,NULL,231818,True,0
"VWRA.LSE","2026-07-24",185.9600067138672,186.83999633789062,NULL,186.1999969482422,NULL,114155,True,0
"VWRA.LSE","2026-07-27",188.0399932861328,188.34219360351562,NULL,185.8800048828125,NULL,199728,True,0
"VWRA.LSE","2026-07-28",185.60000610351562,186.6999969482422,NULL,186.60000610351562,NULL,211618,True,0
"VWRA.LSE","2026-07-29",186.5,186.6999969482422,NULL,184.75999450683594,NULL,201744,True,0
"VWRA.LSE","2026-07-30",184.22000122070312,187.69949340820312,NULL,186.67999267578125,NULL,268731,True,0
"VWRA.LSE","2026-07-31",188.67999267578125,189.22000122070312,NULL,187.4199981689453,NULL,138142,True,0
